FROM_DATE,STORE_CODE,MODULE_TYPE,MODULE_NAME,AREA,FLOOR_NAME,INDEX,MODULE_SIZE_WIDTH,MODULE_SIZE_HEIGHT,M2_MODULE
2026/08/01,CHA002,WALL_SHELF,W1,NORMAL,1.00,1.28,90.00,220.00,1.98
2026/08/01,CHA002,WALL_SHELF,W2,NORMAL,1.00,1.28,120.00,220.00,2.64
2026/08/01,CHA002,WALL_SHELF,W3,NORMAL,1.00,1.28,120.00,220.00,2.64
2026/08/01,CHA002,WALL_SHELF,W4,NORMAL,1.00,1.28,120.00,220.00,2.64
2026/08/01,CHA002,WALL_SHELF,W5,NORMAL,1.00,1.28,120.00,220.00,2.64
2026/08/01,CHA002,WALL_SHELF,W6,NORMAL,1.00,1.28,120.00,220.00,2.64
2026/08/01,CHA002,WALL_SHELF,W7,NORMAL,1.00,1.28,120.00,220.00,2.64
2026/08/01,CHA002,WALL_SHELF,W8,NORMAL,1.00,1.28,120.00,220.00,2.64
2026/08/01,CHA002,WALL_SHELF,W9,NORMAL,1.00,1.28,120.00,220.00,2.64
2026/08/01,CHA002,WALL_SHELF,W10,NORMAL,1.00,1.28,120.00,220.00,2.64
2026/08/01,CHA002,WALL_SHELF,W11,NORMAL,1.00,1.28,120.00,220.00,2.64
2026/08/01,CHA002,WALL_SHELF,W12,NORMAL,1.00,1.28,120.00,220.00,2.64
2026/08/01,CHA002,WALL_SHELF,W13,NORMAL,1.00,1.28,120.00,220.00,2.64
2026/08/01,CHA002,WALL_SHELF,W14,NORMAL,1.00,1.28,120.00,220.00,2.64
2026/08/01,CHA002,WALL_SHELF,W15,NORMAL,1.00,1.28,120.00,220.00,2.64
2026/08/01,CHA002,WALL_SHELF,W16,NORMAL,1.00,1.28,120.00,220.00,2.64
2026/08/01,CHA002,WALL_SHELF,W17,NORMAL,1.00,1.28,120.00,220.00,2.64
2026/08/01,CHA002,WALL_SHELF,W18,NORMAL,1.00,1.28,120.00,220.00,2.64
2026/08/01,CHA002,WALL_SHELF,W19,NORMAL,1.00,1.28,120.00,220.00,2.64
2026/08/01,CHA002,WALL_SHELF,W20,NORMAL,1.00,1.28,120.00,220.00,2.64
2026/08/01,CHA002,WALL_SHELF,W21,NORMAL,1.00,1.28,120.00,220.00,2.64
2026/08/01,CHA002,WALL_SHELF,W22,NORMAL,1.00,1.28,120.00,220.00,2.64
2026/08/01,CHA002,WALL_SHELF,W23,NORMAL,1.00,1.28,120.00,220.00,2.64
2026/08/01,CHA002,WALL_SHELF,W24,NORMAL,1.00,1.28,120.00,220.00,2.64
2026/08/01,CHA002,WALL_SHELF,W25,NORMAL,1.00,1.28,90.00,220.00,1.98
2026/08/01,CHA002,WALL_SHELF,W26,NORMAL,1.00,1.28,120.00,220.00,2.64
2026/08/01,CHA002,WALL_SHELF,W27,NORMAL,1.00,1.28,120.00,220.00,2.64
2026/08/01,CHA002,WALL_SHELF,W28,NORMAL,1.00,1.28,120.00,220.00,2.64
2026/08/01,CHA002,WALL_SHELF,W29,NORMAL,1.00,1.28,120.00,220.00,2.64
2026/08/01,CHA002,WALL_SHELF,W30,NORMAL,1.00,1.28,120.00,220.00,2.64
2026/08/01,CHA002,WALL_SHELF,W31,NORMAL,1.00,1.28,120.00,220.00,2.64
2026/08/01,CHA002,WALL_SHELF,W32,NORMAL,1.00,1.28,120.00,220.00,2.64
2026/08/01,CHA002,WALL_SHELF,W33,NORMAL,1.00,1.28,120.00,220.00,2.64
2026/08/01,CHA002,WALL_SHELF,W34,NORMAL,1.00,1.28,120.00,220.00,2.64
2026/08/01,CHA002,WALL_SHELF,W35,NORMAL,1.00,1.28,120.00,220.00,2.64
2026/08/01,CHA002,WALL_SHELF,W36,NORMAL,1.00,1.28,120.00,220.00,2.64
2026/08/01,CHA002,WALL_SHELF,W37,NORMAL,1.00,1.28,120.00,220.00,2.64
2026/08/01,CHA002,WALL_SHELF,W38,NORMAL,1.00,1.28,120.00,220.00,2.64
2026/08/01,CHA002,WALL_SHELF,W39,NORMAL,1.00,1.28,120.00,220.00,2.64
2026/08/01,CHA002,WALL_SHELF,W40,NORMAL,1.00,1.28,120.00,220.00,2.64
2026/08/01,CHA002,WALL_SHELF,W41,NORMAL,1.00,1.28,120.00,220.00,2.64
2026/08/01,CHA002,WALL_SHELF,W42,NORMAL,1.00,1.28,120.00,220.00,2.64
2026/08/01,CHA002,WALL_SHELF,W43,NORMAL,1.00,1.28,120.00,220.00,2.64
2026/08/01,CHA002,WALL_SHELF,W44,NORMAL,1.00,1.28,120.00,220.00,2.64
2026/08/01,CHA002,WALL_SHELF,W45,NORMAL,1.00,1.28,120.00,220.00,2.64
2026/08/01,CHA002,WALL_SHELF,W46,NORMAL,1.00,1.28,120.00,220.00,2.64
2026/08/01,CHA002,WALL_SHELF,W47,NORMAL,1.00,1.28,120.00,220.00,2.64
2026/08/01,CHA002,WALL_SHELF,W48,NORMAL,1.00,1.28,120.00,220.00,2.64
2026/08/01,CHA002,GONDOLA,G1,NORMAL,1.00,1.25,90.00,120.00,1.08
2026/08/01,CHA002,GONDOLA,G2,NORMAL,1.00,1.25,120.00,120.00,1.44
2026/08/01,CHA002,GONDOLA,G3,NORMAL,1.00,1.25,120.00,120.00,1.44
2026/08/01,CHA002,GONDOLA,G4,NORMAL,1.00,1.25,120.00,120.00,1.44
2026/08/01,CHA002,GONDOLA,G5,NORMAL,1.00,1.25,120.00,120.00,1.44
2026/08/01,CHA002,GONDOLA,G6,NORMAL,1.00,1.25,120.00,120.00,1.44
2026/08/01,CHA002,GONDOLA,G7,NORMAL,1.00,1.25,120.00,120.00,1.44
2026/08/01,CHA002,GONDOLA,G8,NORMAL,1.00,1.25,90.00,120.00,1.08
2026/08/01,CHA002,GONDOLA,G9,NORMAL,1.00,1.25,90.00,120.00,1.08
2026/08/01,CHA002,GONDOLA,G10,NORMAL,1.00,1.25,120.00,120.00,1.44
2026/08/01,CHA002,GONDOLA,G11,NORMAL,1.00,1.25,120.00,120.00,1.44
2026/08/01,CHA002,GONDOLA,G12,NORMAL,1.00,1.25,120.00,120.00,1.44
2026/08/01,CHA002,GONDOLA,G13,NORMAL,1.00,1.25,120.00,120.00,1.44
2026/08/01,CHA002,GONDOLA,G14,NORMAL,1.00,1.25,90.00,120.00,1.08
2026/08/01,CHA002,GONDOLA,G15,NORMAL,1.00,1.25,90.00,120.00,1.08
2026/08/01,CHA002,GONDOLA,G16,NORMAL,1.00,1.25,120.00,120.00,1.44
2026/08/01,CHA002,GONDOLA,G17,NORMAL,1.00,1.25,120.00,120.00,1.44
2026/08/01,CHA002,GONDOLA,G18,NORMAL,1.00,1.25,120.00,120.00,1.44
2026/08/01,CHA002,GONDOLA,G19,NORMAL,1.00,1.25,120.00,120.00,1.44
2026/08/01,CHA002,GONDOLA,G20,NORMAL,1.00,1.25,90.00,120.00,1.08
2026/08/01,CHA002,GONDOLA,GP21,HOT&NEW,1.00,1.25,90.00,120.00,1.08
2026/08/01,CHA002,GONDOLA,GP22,HOT&NEW,1.00,1.25,90.00,120.00,1.08
2026/08/01,CHA002,ISLAND_DISPLAY,G23,PROMOTION,1.00,1.25,90.00,120.00,1.08
2026/08/01,CHA002,GONDOLA,G24,NORMAL,1.00,1.25,120.00,120.00,1.44
2026/08/01,CHA002,GONDOLA,G25,NORMAL,1.00,1.25,120.00,120.00,1.44
2026/08/01,CHA002,GONDOLA,G26,NORMAL,1.00,1.25,120.00,120.00,1.44
2026/08/01,CHA002,GONDOLA,G27,NORMAL,1.00,1.25,120.00,120.00,1.44
2026/08/01,CHA002,GONDOLA,G28,NORMAL,1.00,1.25,90.00,120.00,1.08
2026/08/01,CHA002,GONDOLA,G29,NORMAL,1.00,1.25,90.00,120.00,1.08
2026/08/01,CHA002,GONDOLA,G30,NORMAL,1.00,1.25,120.00,120.00,1.44
2026/08/01,CHA002,GONDOLA,G31,NORMAL,1.00,1.25,120.00,120.00,1.44
2026/08/01,CHA002,GONDOLA,G32,NORMAL,1.00,1.25,120.00,120.00,1.44
2026/08/01,CHA002,GONDOLA,G33,NORMAL,1.00,1.25,120.00,120.00,1.44
2026/08/01,CHA002,GONDOLA,G34,NORMAL,1.00,1.25,90.00,120.00,1.08
2026/08/01,CHA002,GONDOLA,GP35,HOT&NEW,1.00,1.25,90.00,120.00,1.08
2026/08/01,CHA002,GONDOLA,G36,NORMAL,1.00,1.25,90.00,120.00,1.08
2026/08/01,CHA002,GONDOLA,G37,NORMAL,1.00,1.25,120.00,120.00,1.44
2026/08/01,CHA002,GONDOLA,G38,NORMAL,1.00,1.25,120.00,120.00,1.44
2026/08/01,CHA002,GONDOLA,G39,NORMAL,1.00,1.25,120.00,120.00,1.44
2026/08/01,CHA002,GONDOLA,G40,NORMAL,1.00,1.25,120.00,120.00,1.44
2026/08/01,CHA002,GONDOLA,G41,NORMAL,1.00,1.25,90.00,120.00,1.08
2026/08/01,CHA002,GONDOLA,G42,NORMAL,1.00,1.25,90.00,120.00,1.08
2026/08/01,CHA002,GONDOLA,G43,NORMAL,1.00,1.25,120.00,120.00,1.44
2026/08/01,CHA002,GONDOLA,G44,NORMAL,1.00,1.25,120.00,120.00,1.44
2026/08/01,CHA002,GONDOLA,G45,NORMAL,1.00,1.25,90.00,120.00,1.08
2026/08/01,CHA002,GONDOLA,G46,NORMAL,1.00,1.25,90.00,120.00,1.08
2026/08/01,CHA002,GONDOLA,G47,NORMAL,1.00,1.25,120.00,120.00,1.44
2026/08/01,CHA002,GONDOLA,G48,NORMAL,1.00,1.25,120.00,120.00,1.44
2026/08/01,CHA002,GONDOLA,G49,NORMAL,1.00,1.25,120.00,120.00,1.44
2026/08/01,CHA002,GONDOLA,G50,NORMAL,1.00,1.25,120.00,120.00,1.44
2026/08/01,CHA002,GONDOLA,G51,NORMAL,1.00,1.25,90.00,120.00,1.08
2026/08/01,CHA002,GONDOLA,G52,NORMAL,1.00,1.25,90.00,120.00,1.08
2026/08/01,CHA002,GONDOLA,G53,NORMAL,1.00,1.25,120.00,120.00,1.44
2026/08/01,CHA002,GONDOLA,G54,NORMAL,1.00,1.25,120.00,120.00,1.44
2026/08/01,CHA002,GONDOLA,G55,NORMAL,1.00,1.25,120.00,120.00,1.44
2026/08/01,CHA002,GONDOLA,G56,NORMAL,1.00,1.25,120.00,120.00,1.44
2026/08/01,CHA002,GONDOLA,G57,NORMAL,1.00,1.25,90.00,120.00,1.08
2026/08/01,CHA002,GONDOLA,G58,NORMAL,1.00,1.25,90.00,120.00,1.08
2026/08/01,CHA002,TREE_SIKU,T1,NORMAL,1.00,1.11,120.00,100.00,1.20
2026/08/01,CHA002,TREE_HW,T2,NORMAL,1.00,1.14,120.00,100.00,1.20
2026/08/01,CHA002,TREE_PLAYDOH,T3,NORMAL,1.00,1.00,50.00,157.00,0.79
2026/08/01,CHA002,TREE_KEYCHAIN,T4,NORMAL,1.00,1.14,120.00,100.00,1.20
2026/08/01,CHA002,PALLET_DISPLAY,P1,NORMAL,1.00,1.25,400.00,100.00,4.00
2026/08/01,CHA002,PALLET_DISPLAY,P2,NORMAL,1.00,1.25,400.00,100.00,4.00
2026/08/01,CHA002,PALLET_DISPLAY,P3,NORMAL,1.00,1.25,400.00,100.00,4.00
2026/08/01,CHA002,ISLAND_DISPLAY,IP1,PROMOTION,1.00,1.00,280.00,100.00,2.80
2026/08/01,CHA002,CASHIER_COUNTER,CC1,NORMAL,1.00,1.82,100.00,90.00,0.90
2026/08/01,CHA003,WALL_SHELF,W1,NORMAL,1.00,1.28,120.00,220.00,2.64
2026/08/01,CHA003,WALL_SHELF,W2,NORMAL,1.00,1.28,120.00,220.00,2.64
2026/08/01,CHA003,WALL_SHELF,W3,NORMAL,1.00,1.28,120.00,220.00,2.64
2026/08/01,CHA003,WALL_SHELF,W4,NORMAL,1.00,1.28,120.00,220.00,2.64
2026/08/01,CHA003,WALL_SHELF,W5,NORMAL,1.00,1.28,120.00,220.00,2.64
2026/08/01,CHA003,WALL_SHELF,W6,NORMAL,1.00,1.28,120.00,220.00,2.64
2026/08/01,CHA003,WALL_SHELF,W7,NORMAL,1.00,1.28,120.00,220.00,2.64
2026/08/01,CHA003,WALL_SHELF,W8,NORMAL,1.00,1.28,120.00,220.00,2.64
2026/08/01,CHA003,WALL_SHELF,W9,NORMAL,1.00,1.28,120.00,220.00,2.64
2026/08/01,CHA003,WALL_SHELF,W10,NORMAL,1.00,1.28,120.00,220.00,2.64
2026/08/01,CHA003,WALL_SHELF,W11,NORMAL,1.00,1.28,120.00,220.00,2.64
2026/08/01,CHA003,WALL_SHELF,W12,NORMAL,1.00,1.28,120.00,220.00,2.64
2026/08/01,CHA003,WALL_SHELF,W13,NORMAL,1.00,1.28,120.00,220.00,2.64
2026/08/01,CHA003,WALL_SHELF,W14,NORMAL,1.00,1.28,120.00,220.00,2.64
2026/08/01,CHA003,WALL_SHELF,W15,NORMAL,1.00,1.28,120.00,220.00,2.64
2026/08/01,CHA003,WALL_SHELF,W16,NORMAL,1.00,1.28,120.00,220.00,2.64
2026/08/01,CHA003,WALL_SHELF,W17,NORMAL,1.00,1.28,120.00,220.00,2.64
2026/08/01,CHA003,WALL_SHELF,W18,NORMAL,1.00,1.28,120.00,220.00,2.64
2026/08/01,CHA003,WALL_SHELF,W19,NORMAL,1.00,1.28,120.00,220.00,2.64
2026/08/01,CHA003,WALL_SHELF,W20,NORMAL,1.00,1.28,120.00,220.00,2.64
2026/08/01,CHA003,WALL_SHELF,W21,NORMAL,1.00,1.28,120.00,220.00,2.64
2026/08/01,CHA003,WALL_SHELF,W22,NORMAL,1.00,1.28,120.00,220.00,2.64
2026/08/01,CHA003,WALL_SHELF,W23,NORMAL,1.00,1.28,120.00,220.00,2.64
2026/08/01,CHA003,WALL_SHELF,W24,NORMAL,1.00,1.28,120.00,220.00,2.64
2026/08/01,CHA003,WALL_SHELF,W25,NORMAL,1.00,1.28,120.00,220.00,2.64
2026/08/01,CHA003,WALL_SHELF,W26,NORMAL,1.00,1.28,120.00,220.00,2.64
2026/08/01,CHA003,WALL_SHELF,W27,NORMAL,1.00,1.28,120.00,220.00,2.64
2026/08/01,CHA003,WALL_SHELF,W28,NORMAL,1.00,1.28,120.00,220.00,2.64
2026/08/01,CHA003,WALL_SHELF,W29,NORMAL,1.00,1.28,120.00,220.00,2.64
2026/08/01,CHA003,WALL_SHELF,W30,NORMAL,1.00,1.28,120.00,220.00,2.64
2026/08/01,CHA003,WALL_SHELF,W31,NORMAL,1.00,1.28,120.00,220.00,2.64
2026/08/01,CHA003,WALL_SHELF,W32,NORMAL,1.00,1.28,120.00,220.00,2.64
2026/08/01,CHA003,WALL_SHELF,W33,NORMAL,1.00,1.28,120.00,220.00,2.64
2026/08/01,CHA003,WALL_SHELF,W34,NORMAL,1.00,1.28,120.00,220.00,2.64
2026/08/01,CHA003,WALL_SHELF,W35,NORMAL,1.00,1.28,120.00,220.00,2.64
2026/08/01,CHA003,WALL_SHELF,W36,NORMAL,1.00,1.28,120.00,220.00,2.64
2026/08/01,CHA003,WALL_SHELF,W37,NORMAL,1.00,1.28,120.00,220.00,2.64
2026/08/01,CHA003,WALL_SHELF,W38,NORMAL,1.00,1.28,120.00,220.00,2.64
2026/08/01,CHA003,WALL_SHELF,W39,NORMAL,1.00,1.28,120.00,220.00,2.64
2026/08/01,CHA003,WALL_SHELF,W40,NORMAL,1.00,1.28,120.00,220.00,2.64
2026/08/01,CHA003,WALL_SHELF,W41,NORMAL,1.00,1.28,120.00,220.00,2.64
2026/08/01,CHA003,WALL_SHELF,W42,NORMAL,1.00,1.28,120.00,220.00,2.64
2026/08/01,CHA003,WALL_SHELF,W43,NORMAL,1.00,1.28,120.00,220.00,2.64
2026/08/01,CHA003,WALL_SHELF,W44,NORMAL,1.00,1.28,120.00,220.00,2.64
2026/08/01,CHA003,WALL_SHELF,W45,NORMAL,1.00,1.28,120.00,220.00,2.64
2026/08/01,CHA003,WALL_SHELF,W46,NORMAL,1.00,1.28,120.00,220.00,2.64
2026/08/01,CHA003,WALL_SHELF,W47,NORMAL,1.00,1.28,120.00,220.00,2.64
2026/08/01,CHA003,WALL_SHELF,W48,NORMAL,1.00,1.28,120.00,220.00,2.64
2026/08/01,CHA003,WALL_SHELF,W49,NORMAL,1.00,1.28,120.00,220.00,2.64
2026/08/01,CHA003,WALL_SHELF,W50,NORMAL,1.00,1.28,120.00,220.00,2.64
2026/08/01,CHA003,WALL_SHELF,W51,NORMAL,1.00,1.28,120.00,220.00,2.64
2026/08/01,CHA003,WALL_SHELF,W52,NORMAL,1.00,1.28,120.00,220.00,2.64
2026/08/01,CHA003,WALL_SHELF,W53,NORMAL,1.00,1.28,120.00,220.00,2.64
2026/08/01,CHA003,GONDOLA,GP1,HOT&NEW,1.00,1.25,90.00,120.00,1.08
2026/08/01,CHA003,GONDOLA,GP2,HOT&NEW,1.00,1.25,90.00,120.00,1.08
2026/08/01,CHA003,GONDOLA,G3,NORMAL,1.00,1.25,120.00,120.00,1.44
2026/08/01,CHA003,GONDOLA,G4,NORMAL,1.00,1.25,120.00,120.00,1.44
2026/08/01,CHA003,GONDOLA,G5,NORMAL,1.00,1.25,90.00,120.00,1.08
2026/08/01,CHA003,GONDOLA,G6,NORMAL,1.00,1.25,90.00,120.00,1.08
2026/08/01,CHA003,GONDOLA,G7,NORMAL,1.00,1.25,120.00,120.00,1.44
2026/08/01,CHA003,GONDOLA,G8,NORMAL,1.00,1.25,120.00,120.00,1.44
2026/08/01,CHA003,GONDOLA,G9,NORMAL,1.00,1.25,120.00,120.00,1.44
2026/08/01,CHA003,GONDOLA,G10,NORMAL,1.00,1.25,120.00,120.00,1.44
2026/08/01,CHA003,GONDOLA,G11,NORMAL,1.00,1.25,120.00,120.00,1.44
2026/08/01,CHA003,GONDOLA,G12,NORMAL,1.00,1.25,120.00,120.00,1.44
2026/08/01,CHA003,GONDOLA,G13,NORMAL,1.00,1.25,90.00,120.00,1.08
2026/08/01,CHA003,GONDOLA,G14,NORMAL,1.00,1.25,90.00,120.00,1.08
2026/08/01,CHA003,GONDOLA,G15,NORMAL,1.00,1.25,120.00,120.00,1.44
2026/08/01,CHA003,GONDOLA,G16,NORMAL,1.00,1.25,120.00,120.00,1.44
2026/08/01,CHA003,GONDOLA,G17,NORMAL,1.00,1.25,90.00,120.00,1.08
2026/08/01,CHA003,GONDOLA,G18,NORMAL,1.00,1.25,90.00,120.00,1.08
2026/08/01,CHA003,GONDOLA,G19,NORMAL,1.00,1.25,120.00,120.00,1.44
2026/08/01,CHA003,GONDOLA,G20,NORMAL,1.00,1.25,120.00,120.00,1.44
2026/08/01,CHA003,GONDOLA,G21,NORMAL,1.00,1.25,120.00,120.00,1.44
2026/08/01,CHA003,GONDOLA,G22,NORMAL,1.00,1.25,120.00,120.00,1.44
2026/08/01,CHA003,GONDOLA,G23,NORMAL,1.00,1.25,120.00,120.00,1.44
2026/08/01,CHA003,GONDOLA,G24,NORMAL,1.00,1.25,120.00,120.00,1.44
2026/08/01,CHA003,GONDOLA,G25,NORMAL,1.00,1.25,90.00,120.00,1.08
2026/08/01,CHA003,GONDOLA,G26,NORMAL,1.00,1.25,90.00,120.00,1.08
2026/08/01,CHA003,GONDOLA,G27,NORMAL,1.00,1.25,120.00,120.00,1.44
2026/08/01,CHA003,GONDOLA,G28,NORMAL,1.00,1.25,120.00,120.00,1.44
2026/08/01,CHA003,GONDOLA,G29,NORMAL,1.00,1.25,90.00,120.00,1.08
2026/08/01,CHA003,GONDOLA,G30,NORMAL,1.00,1.25,90.00,120.00,1.08
2026/08/01,CHA003,GONDOLA,G31,NORMAL,1.00,1.25,120.00,120.00,1.44
2026/08/01,CHA003,GONDOLA,G32,NORMAL,1.00,1.25,120.00,120.00,1.44
2026/08/01,CHA003,GONDOLA,G33,NORMAL,1.00,1.25,90.00,120.00,1.08
2026/08/01,CHA003,GONDOLA,G34,NORMAL,1.00,1.25,90.00,120.00,1.08
2026/08/01,CHA003,GONDOLA,G35,NORMAL,1.00,1.25,120.00,120.00,1.44
2026/08/01,CHA003,GONDOLA,G36,NORMAL,1.00,1.25,120.00,120.00,1.44
2026/08/01,CHA003,GONDOLA,G37,NORMAL,1.00,1.25,90.00,120.00,1.08
2026/08/01,CHA003,GONDOLA,G38,NORMAL,1.00,1.25,90.00,120.00,1.08
2026/08/01,CHA003,GONDOLA,G39,NORMAL,1.00,1.25,120.00,120.00,1.44
2026/08/01,CHA003,GONDOLA,G40,NORMAL,1.00,1.25,120.00,120.00,1.44
2026/08/01,CHA003,GONDOLA,G41,NORMAL,1.00,1.25,90.00,120.00,1.08
2026/08/01,CHA003,GONDOLA,G42,NORMAL,1.00,1.25,90.00,120.00,1.08
2026/08/01,CHA003,GONDOLA,G43,NORMAL,1.00,1.25,120.00,120.00,1.44
2026/08/01,CHA003,GONDOLA,G44,NORMAL,1.00,1.25,120.00,120.00,1.44
2026/08/01,CHA003,GONDOLA,G45,NORMAL,1.00,1.25,90.00,120.00,1.08
2026/08/01,CHA003,GONDOLA,G46,NORMAL,1.00,1.30,120.00,120.00,1.44
2026/08/01,CHA003,GONDOLA,G47,NORMAL,1.00,1.30,90.00,120.00,1.08
2026/08/01,CHA003,GONDOLA,G48,NORMAL,1.00,1.30,90.00,120.00,1.08
2026/08/01,CHA003,GONDOLA,G49,NORMAL,1.00,1.30,90.00,120.00,1.08
2026/08/01,CHA003,GONDOLA,G50,NORMAL,1.00,1.30,120.00,120.00,1.44
2026/08/01,CHA003,GONDOLA,G51,NORMAL,1.00,1.30,120.00,120.00,1.44
2026/08/01,CHA003,GONDOLA,G52,NORMAL,1.00,1.30,120.00,120.00,1.44
2026/08/01,CHA003,GONDOLA,G53,NORMAL,1.00,1.30,120.00,120.00,1.44
2026/08/01,CHA003,GONDOLA,G54,NORMAL,1.00,1.30,90.00,120.00,1.08
2026/08/01,CHA003,GONDOLA,G55,NORMAL,1.00,1.25,54.00,120.00,0.65
2026/08/01,CHA003,GONDOLA,G56,NORMAL,1.00,1.25,54.00,120.00,0.65
2026/08/01,CHA003,GONDOLA,G57,NORMAL,1.00,1.25,54.00,120.00,0.65
2026/08/01,CHA003,GONDOLA,G58,NORMAL,1.00,1.25,54.00,120.00,0.65
2026/08/01,CHA003,GONDOLA,G59,NORMAL,1.00,1.25,54.00,120.00,0.65
2026/08/01,CHA003,GONDOLA,G60,NORMAL,1.00,1.25,54.00,120.00,0.65
2026/08/01,CHA003,GONDOLA,G61,NORMAL,1.00,1.25,54.00,120.00,0.65
2026/08/01,CHA003,GONDOLA,G62,NORMAL,1.00,1.25,54.00,120.00,0.65
2026/08/01,CHA003,GONDOLA,G63,NORMAL,1.00,1.25,54.00,120.00,0.65
2026/08/01,CHA003,GONDOLA,G64,NORMAL,1.00,1.25,54.00,120.00,0.65
2026/08/01,CHA003,GONDOLA,G65,NORMAL,1.00,1.25,54.00,120.00,0.65
2026/08/01,CHA003,GONDOLA,G66,NORMAL,1.00,1.25,54.00,120.00,0.65
2026/08/01,CHA003,TREE_PLAYDOH,T1,NORMAL,1.00,1.00,50.00,157.00,0.79
2026/08/01,CHA003,TREE_KEYCHAIN,T2,NORMAL,1.00,1.14,120.00,100.00,1.20
2026/08/01,CHA003,TREE_HW,T3,NORMAL,1.00,1.14,120.00,100.00,1.20
2026/08/01,CHA003,TREE_SIKU,T4,NORMAL,1.00,1.11,120.00,100.00,1.20
2026/08/01,CHA003,PALLET_DISPLAY,P1,NORMAL,1.00,1.25,400.00,100.00,4.00
2026/08/01,CHA003,PALLET_DISPLAY,P2,NORMAL,1.00,1.25,400.00,100.00,4.00
2026/08/01,CHA003,WALL_SHELF,WH1,NORMAL,1.00,1.14,150.00,220.00,3.30
2026/08/01,CHA003,ISLAND_DISPLAY,IP1,PROMOTION,1.00,1.00,280.00,100.00,2.80
2026/08/01,CHA003,GONDOLA,GM1,NORMAL,1.00,1.00,448.00,127.00,5.69
2026/08/01,CHA004,WALL_SHELF,W1,NORMAL,1.00,1.28,120.00,220.00,2.64
2026/08/01,CHA004,WALL_SHELF,W2,NORMAL,1.00,1.28,120.00,220.00,2.64
2026/08/01,CHA004,WALL_SHELF,W3,NORMAL,1.00,1.28,120.00,220.00,2.64
2026/08/01,CHA004,WALL_SHELF,W4,NORMAL,1.00,1.28,120.00,220.00,2.64
2026/08/01,CHA004,WALL_SHELF,W5,NORMAL,1.00,1.28,120.00,220.00,2.64
2026/08/01,CHA004,WALL_SHELF,W6,NORMAL,1.00,1.28,120.00,220.00,2.64
2026/08/01,CHA004,WALL_SHELF,W7,NORMAL,1.00,1.28,120.00,220.00,2.64
2026/08/01,CHA004,WALL_SHELF,W8,NORMAL,1.00,1.28,120.00,220.00,2.64
2026/08/01,CHA004,WALL_SHELF,W9,NORMAL,1.00,1.28,120.00,220.00,2.64
2026/08/01,CHA004,WALL_SHELF,W10,NORMAL,1.00,1.28,120.00,220.00,2.64
2026/08/01,CHA004,WALL_SHELF,W11,NORMAL,1.00,1.28,120.00,220.00,2.64
2026/08/01,CHA004,WALL_SHELF,W12,NORMAL,1.00,1.28,120.00,220.00,2.64
2026/08/01,CHA004,WALL_SHELF,W13,NORMAL,1.00,1.28,90.00,220.00,1.98
2026/08/01,CHA004,WALL_SHELF,W14,NORMAL,1.00,1.28,120.00,220.00,2.64
2026/08/01,CHA004,WALL_SHELF,W15,NORMAL,1.00,1.28,120.00,220.00,2.64
2026/08/01,CHA004,WALL_SHELF,W16,NORMAL,1.00,1.28,120.00,220.00,2.64
2026/08/01,CHA004,WALL_SHELF,W17,NORMAL,1.00,1.28,120.00,220.00,2.64
2026/08/01,CHA004,WALL_SHELF,W18,NORMAL,1.00,1.28,120.00,220.00,2.64
2026/08/01,CHA004,WALL_SHELF,W19,NORMAL,1.00,1.28,120.00,220.00,2.64
2026/08/01,CHA004,WALL_SHELF,W20,NORMAL,1.00,1.28,120.00,220.00,2.64
2026/08/01,CHA004,WALL_SHELF,W21,NORMAL,1.00,1.28,120.00,220.00,2.64
2026/08/01,CHA004,WALL_SHELF,W22,NORMAL,1.00,1.28,90.00,220.00,1.98
2026/08/01,CHA004,WALL_SHELF,W23,NORMAL,1.00,1.28,90.00,220.00,1.98
2026/08/01,CHA004,WALL_SHELF,W24,NORMAL,1.00,1.28,90.00,220.00,1.98
2026/08/01,CHA004,WALL_SHELF,W25,NORMAL,1.00,1.28,120.00,220.00,2.64
2026/08/01,CHA004,WALL_SHELF,W26,NORMAL,1.00,1.28,120.00,220.00,2.64
2026/08/01,CHA004,WALL_SHELF,W27,NORMAL,1.00,1.28,120.00,220.00,2.64
2026/08/01,CHA004,WALL_SHELF,W28,NORMAL,1.00,1.28,120.00,220.00,2.64
2026/08/01,CHA004,WALL_SHELF,W29,NORMAL,1.00,1.28,120.00,220.00,2.64
2026/08/01,CHA004,WALL_SHELF,W30,NORMAL,1.00,1.28,120.00,220.00,2.64
2026/08/01,CHA004,WALL_SHELF,W31,NORMAL,1.00,1.28,120.00,220.00,2.64
2026/08/01,CHA004,WALL_SHELF,W32,NORMAL,1.00,1.28,120.00,220.00,2.64
2026/08/01,CHA004,WALL_SHELF,W33,NORMAL,1.00,1.28,120.00,220.00,2.64
2026/08/01,CHA004,WALL_SHELF,W34,NORMAL,1.00,1.28,120.00,220.00,2.64
2026/08/01,CHA004,WALL_SHELF,W35,NORMAL,1.00,1.28,120.00,220.00,2.64
2026/08/01,CHA004,GONDOLA,GP1,HOT&NEW,1.00,1.25,90.00,120.00,1.08
2026/08/01,CHA004,GONDOLA,GP2,HOT&NEW,1.00,1.25,90.00,120.00,1.08
2026/08/01,CHA004,GONDOLA,G3,NORMAL,1.00,1.25,90.00,120.00,1.08
2026/08/01,CHA004,GONDOLA,G4,NORMAL,1.00,1.25,120.00,120.00,1.44
2026/08/01,CHA004,GONDOLA,G5,NORMAL,1.00,1.25,120.00,120.00,1.44
2026/08/01,CHA004,GONDOLA,G6,NORMAL,1.00,1.25,120.00,120.00,1.44
2026/08/01,CHA004,GONDOLA,G7,NORMAL,1.00,1.25,120.00,120.00,1.44
2026/08/01,CHA004,GONDOLA,G8,NORMAL,1.00,1.25,120.00,120.00,1.44
2026/08/01,CHA004,GONDOLA,G9,NORMAL,1.00,1.25,120.00,120.00,1.44
2026/08/01,CHA004,GONDOLA,G10,NORMAL,1.00,1.25,90.00,120.00,1.08
2026/08/01,CHA004,GONDOLA,G11,NORMAL,1.00,1.25,90.00,120.00,1.08
2026/08/01,CHA004,GONDOLA,G12,NORMAL,1.00,1.25,120.00,120.00,1.44
2026/08/01,CHA004,GONDOLA,G13,NORMAL,1.00,1.25,120.00,120.00,1.44
2026/08/01,CHA004,GONDOLA,G14,NORMAL,1.00,1.25,120.00,120.00,1.44
2026/08/01,CHA004,GONDOLA,G15,NORMAL,1.00,1.25,120.00,120.00,1.44
2026/08/01,CHA004,GONDOLA,G16,NORMAL,1.00,1.25,120.00,120.00,1.44
2026/08/01,CHA004,GONDOLA,G17,NORMAL,1.00,1.25,120.00,120.00,1.44
2026/08/01,CHA004,GONDOLA,G18,NORMAL,1.00,1.25,90.00,120.00,1.08
2026/08/01,CHA004,GONDOLA,G19,NORMAL,1.00,1.25,90.00,120.00,1.08
2026/08/01,CHA004,GONDOLA,G20,NORMAL,1.00,1.25,120.00,120.00,1.44
2026/08/01,CHA004,GONDOLA,G21,NORMAL,1.00,1.25,120.00,120.00,1.44
2026/08/01,CHA004,GONDOLA,G22,NORMAL,1.00,1.25,120.00,120.00,1.44
2026/08/01,CHA004,GONDOLA,G23,NORMAL,1.00,1.25,120.00,120.00,1.44
2026/08/01,CHA004,GONDOLA,G24,NORMAL,1.00,1.25,120.00,120.00,1.44
2026/08/01,CHA004,GONDOLA,G25,NORMAL,1.00,1.25,120.00,120.00,1.44
2026/08/01,CHA004,GONDOLA,G26,NORMAL,1.00,1.25,90.00,120.00,1.08
2026/08/01,CHA004,TREE_PLAYDOH,T1,NORMAL,1.00,1.00,50.00,157.00,0.79
2026/08/01,CHA004,TREE_KEYCHAIN,T2,NORMAL,1.00,1.14,120.00,100.00,1.20
2026/08/01,CHA004,TREE_SIKU,T3,NORMAL,1.00,1.11,120.00,100.00,1.20
2026/08/01,CHA004,TREE_HW,T4,NORMAL,1.00,1.14,120.00,100.00,1.20
2026/08/01,CHA004,PALLET_DISPLAY,P1,NORMAL,1.00,1.25,400.00,100.00,4.00
2026/08/01,CHA004,PALLET_DISPLAY,P2,NORMAL,1.00,1.25,400.00,100.00,4.00
2026/08/01,CHA004,PALLET_DISPLAY,P3,NORMAL,1.00,1.25,400.00,100.00,4.00
2026/08/01,CHA004,PALLET_DISPLAY,P4,NORMAL,1.00,1.25,400.00,100.00,4.00
2026/08/01,CHA004,ISLAND_DISPLAY,IP1,PROMOTION,1.00,1.00,280.00,100.00,2.80
2026/08/01,CHA004,CASHIER_COUNTER,CC1,NORMAL,1.00,1.82,100.00,90.00,0.90
2026/08/01,CHA009,GONDOLA,G3,NORMAL,1.00,1.30,90.00,120.00,1.08
2026/08/01,CHA009,GONDOLA,G4,NORMAL,1.00,1.30,120.00,120.00,1.44
2026/08/01,CHA009,GONDOLA,G5,NORMAL,1.00,1.30,120.00,120.00,1.44
2026/08/01,CHA009,GONDOLA,G6,NORMAL,1.00,1.30,120.00,120.00,1.44
2026/08/01,CHA009,GONDOLA,G7,NORMAL,1.00,1.30,120.00,120.00,1.44
2026/08/01,CHA009,GONDOLA,G8,NORMAL,1.00,1.30,90.00,120.00,1.08
2026/08/01,CHA009,GONDOLA,G9,NORMAL,1.00,1.30,90.00,120.00,1.08
2026/08/01,CHA009,GONDOLA,G10,NORMAL,1.00,1.30,120.00,120.00,1.44
2026/08/01,CHA009,GONDOLA,G11,NORMAL,1.00,1.30,120.00,120.00,1.44
2026/08/01,CHA009,GONDOLA,G12,NORMAL,1.00,1.30,120.00,120.00,1.44
2026/08/01,CHA009,GONDOLA,G13,NORMAL,1.00,1.30,120.00,120.00,1.44
2026/08/01,CHA009,GONDOLA,G14,NORMAL,1.00,1.30,90.00,120.00,1.08
2026/08/01,CHA009,GONDOLA,G15,NORMAL,1.00,1.30,90.00,120.00,1.08
2026/08/01,CHA009,GONDOLA,G16,NORMAL,1.00,1.30,120.00,120.00,1.44
2026/08/01,CHA009,GONDOLA,G17,NORMAL,1.00,1.30,120.00,120.00,1.44
2026/08/01,CHA009,GONDOLA,G18,NORMAL,1.00,1.30,120.00,120.00,1.44
2026/08/01,CHA009,GONDOLA,G19,NORMAL,1.00,1.30,120.00,120.00,1.44
2026/08/01,CHA009,GONDOLA,G20,NORMAL,1.00,1.30,90.00,120.00,1.08
2026/08/01,CHA009,GONDOLA,G21,NORMAL,1.00,1.30,90.00,120.00,1.08
2026/08/01,CHA009,GONDOLA,G22,NORMAL,1.00,1.30,120.00,120.00,1.44
2026/08/01,CHA009,GONDOLA,G23,NORMAL,1.00,1.30,120.00,120.00,1.44
2026/08/01,CHA009,GONDOLA,G24,NORMAL,1.00,1.30,120.00,120.00,1.44
2026/08/01,CHA009,GONDOLA,G25,NORMAL,1.00,1.30,120.00,120.00,1.44
2026/08/01,CHA009,GONDOLA,G26,NORMAL,1.00,1.30,90.00,120.00,1.08
2026/08/01,CHA009,GONDOLA,G27,NORMAL,1.00,1.30,90.00,120.00,1.08
2026/08/01,CHA009,GONDOLA,G28,NORMAL,1.00,1.30,120.00,120.00,1.44
2026/08/01,CHA009,GONDOLA,G29,NORMAL,1.00,1.30,120.00,120.00,1.44
2026/08/01,CHA009,GONDOLA,G30,NORMAL,1.00,1.30,120.00,120.00,1.44
2026/08/01,CHA009,GONDOLA,G31,NORMAL,1.00,1.30,120.00,120.00,1.44
2026/08/01,CHA009,GONDOLA,G32,NORMAL,1.00,1.30,90.00,120.00,1.08
2026/08/01,CHA009,GONDOLA,GP1,HOT&NEW,1.00,1.30,90.00,120.00,1.08
2026/08/01,CHA009,GONDOLA,GP2,HOT&NEW,1.00,1.30,90.00,120.00,1.08
2026/08/01,CHA009,TREE_SIKU,TREE_HW,NORMAL,1.00,1.11,120.00,100.00,1.20
2026/08/01,CHA009,TREE_DISPLAY,TREE_PLAYDOH,NORMAL,1.00,1.00,157.00,50.00,0.79
2026/08/01,CHA009,TREE_SIKU,TREE_SIKU,NORMAL,1.00,1.11,120.00,100.00,1.20
2026/08/01,CHA009,CABINET,BATTERY_CABINET,NORMAL,1.00,1.00,30.00,50.00,0.15
2026/08/01,CHA009,CASHIER_COUNTER,CASHIER_FRONT,NORMAL,1.00,1.80,190.00,80.00,1.52
2026/08/01,CHA009,WALL_SHELF,W1,NORMAL,1.00,1.30,120.00,215.00,2.58
2026/08/01,CHA009,WALL_SHELF,W2,NORMAL,1.00,1.30,120.00,215.00,2.58
2026/08/01,CHA009,WALL_SHELF,W3,NORMAL,1.00,1.30,180.00,215.00,3.87
2026/08/01,CHA009,WALL_SHELF,W4,NORMAL,1.00,1.30,120.00,215.00,2.58
2026/08/01,CHA009,WALL_SHELF,W5,NORMAL,1.00,1.30,120.00,215.00,2.58
2026/08/01,CHA009,WALL_SHELF,W6,NORMAL,1.00,1.30,120.00,215.00,2.58
2026/08/01,CHA009,WALL_SHELF,W7,NORMAL,1.00,1.30,120.00,215.00,2.58
2026/08/01,CHA009,WALL_SHELF,W8,NORMAL,1.00,1.30,120.00,215.00,2.58
2026/08/01,CHA009,WALL_SHELF,W9,NORMAL,1.00,1.30,120.00,215.00,2.58
2026/08/01,CHA009,WALL_SHELF,W10,NORMAL,1.00,1.30,120.00,215.00,2.58
2026/08/01,CHA009,WALL_SHELF,W11,NORMAL,1.00,1.30,120.00,215.00,2.58
2026/08/01,CHA009,WALL_SHELF,W12,NORMAL,1.00,1.30,120.00,215.00,2.58
2026/08/01,CHA009,WALL_SHELF,W13,NORMAL,1.00,1.30,120.00,215.00,2.58
2026/08/01,CHA009,WALL_SHELF,W14,NORMAL,1.00,1.30,120.00,215.00,2.58
2026/08/01,CHA009,WALL_SHELF,W15,NORMAL,1.00,1.30,120.00,215.00,2.58
2026/08/01,CHA009,WALL_SHELF,W16,NORMAL,1.00,1.30,120.00,215.00,2.58
2026/08/01,CHA009,WALL_SHELF,W17,NORMAL,1.00,1.30,120.00,215.00,2.58
2026/08/01,CHA009,WALL_SHELF,W18,NORMAL,1.00,1.30,120.00,215.00,2.58
2026/08/01,CHA009,WALL_SHELF,W19,NORMAL,1.00,1.30,180.00,215.00,3.87
2026/08/01,CHA009,WALL_SHELF,W20,NORMAL,1.00,1.30,120.00,215.00,2.58
2026/08/01,CHA015,WALL_SHELF,W1,NORMAL,1.00,1.28,90.00,220.00,1.98
2026/08/01,CHA015,WALL_SHELF,W2,NORMAL,1.00,1.28,90.00,220.00,1.98
2026/08/01,CHA015,WALL_SHELF,W3,NORMAL,1.00,1.28,120.00,220.00,2.64
2026/08/01,CHA015,WALL_SHELF,W4,NORMAL,1.00,1.28,120.00,220.00,2.64
2026/08/01,CHA015,WALL_SHELF,W5,NORMAL,1.00,1.28,120.00,220.00,2.64
2026/08/01,CHA015,WALL_SHELF,W6,NORMAL,1.00,1.28,90.00,220.00,1.98
2026/08/01,CHA015,WALL_SHELF,W7,NORMAL,1.00,1.28,120.00,220.00,2.64
2026/08/01,CHA015,WALL_SHELF,W8,NORMAL,1.00,1.28,120.00,220.00,2.64
2026/08/01,CHA015,WALL_SHELF,W9,NORMAL,1.00,1.28,120.00,220.00,2.64
2026/08/01,CHA015,WALL_SHELF,W10,NORMAL,1.00,1.28,90.00,220.00,1.98
2026/08/01,CHA015,WALL_SHELF,W11,NORMAL,1.00,1.28,90.00,220.00,1.98
2026/08/01,CHA015,WALL_SHELF,W12,NORMAL,1.00,1.28,120.00,220.00,2.64
2026/08/01,CHA015,WALL_SHELF,W13,NORMAL,1.00,1.28,120.00,220.00,2.64
2026/08/01,CHA015,WALL_SHELF,W14,NORMAL,1.00,1.28,90.00,220.00,1.98
2026/08/01,CHA015,WALL_SHELF,W15,NORMAL,1.00,1.28,120.00,220.00,2.64
2026/08/01,CHA015,WALL_SHELF,W16,NORMAL,1.00,1.28,120.00,220.00,2.64
2026/08/01,CHA015,WALL_SHELF,W17,NORMAL,1.00,1.28,120.00,220.00,2.64
2026/08/01,CHA015,WALL_SHELF,W18,NORMAL,1.00,1.28,120.00,220.00,2.64
2026/08/01,CHA015,WALL_SHELF,W19,NORMAL,1.00,1.28,120.00,220.00,2.64
2026/08/01,CHA015,WALL_SHELF,W20,NORMAL,1.00,1.28,120.00,220.00,2.64
2026/08/01,CHA015,WALL_SHELF,W21,NORMAL,1.00,1.28,120.00,220.00,2.64
2026/08/01,CHA015,GONDOLA,GP1,HOT&NEW,1.00,1.25,90.00,120.00,1.08
2026/08/01,CHA015,GONDOLA,GP2,HOT&NEW,1.00,1.25,90.00,120.00,1.08
2026/08/01,CHA015,GONDOLA,G3,NORMAL,1.00,1.25,90.00,120.00,1.08
2026/08/01,CHA015,GONDOLA,G4,NORMAL,1.00,1.25,120.00,120.00,1.44
2026/08/01,CHA015,GONDOLA,G5,NORMAL,1.00,1.25,120.00,120.00,1.44
2026/08/01,CHA015,GONDOLA,G6,NORMAL,1.00,1.25,120.00,120.00,1.44
2026/08/01,CHA015,GONDOLA,G7,NORMAL,1.00,1.25,120.00,120.00,1.44
2026/08/01,CHA015,GONDOLA,G8,NORMAL,1.00,1.25,90.00,120.00,1.08
2026/08/01,CHA015,GONDOLA,G9,NORMAL,1.00,1.25,90.00,120.00,1.08
2026/08/01,CHA015,GONDOLA,G10,NORMAL,1.00,1.25,120.00,120.00,1.44
2026/08/01,CHA015,GONDOLA,G11,NORMAL,1.00,1.25,120.00,120.00,1.44
2026/08/01,CHA015,GONDOLA,G12,NORMAL,1.00,1.25,120.00,120.00,1.44
2026/08/01,CHA015,GONDOLA,G13,NORMAL,1.00,1.25,120.00,120.00,1.44
2026/08/01,CHA015,GONDOLA,G14,NORMAL,1.00,1.25,90.00,120.00,1.08
2026/08/01,CHA015,GONDOLA,G15,NORMAL,1.00,1.25,90.00,120.00,1.08
2026/08/01,CHA015,GONDOLA,G16,NORMAL,1.00,1.25,120.00,120.00,1.44
2026/08/01,CHA015,GONDOLA,G17,NORMAL,1.00,1.25,120.00,120.00,1.44
2026/08/01,CHA015,GONDOLA,G18,NORMAL,1.00,1.25,120.00,120.00,1.44
2026/08/01,CHA015,GONDOLA,G19,NORMAL,1.00,1.25,120.00,120.00,1.44
2026/08/01,CHA015,GONDOLA,G20,NORMAL,1.00,1.25,90.00,120.00,1.08
2026/08/01,CHA015,GONDOLA,G21,NORMAL,1.00,1.25,90.00,120.00,1.08
2026/08/01,CHA015,GONDOLA,G22,NORMAL,1.00,1.25,120.00,120.00,1.44
2026/08/01,CHA015,GONDOLA,G23,NORMAL,1.00,1.25,120.00,120.00,1.44
2026/08/01,CHA015,GONDOLA,G24,NORMAL,1.00,1.25,120.00,120.00,1.44
2026/08/01,CHA015,GONDOLA,G25,NORMAL,1.00,1.25,120.00,120.00,1.44
2026/08/01,CHA015,GONDOLA,G26,NORMAL,1.00,1.25,90.00,120.00,1.08
2026/08/01,CHA015,TREE_SIKU,T1,NORMAL,1.00,1.11,120.00,100.00,1.20
2026/08/01,CHA015,TREE_PLAYDOH,T2,NORMAL,1.00,1.00,50.00,157.00,0.79
2026/08/01,CHA015,CASHIER_COUNTER,CC1,NORMAL,1.00,1.82,100.00,90.00,0.90
2026/08/01,CHA017,WALL_SHELF,W1,NORMAL,1.00,1.28,120.00,220.00,2.64
2026/08/01,CHA017,WALL_SHELF,W2,NORMAL,1.00,1.28,120.00,220.00,2.64
2026/08/01,CHA017,WALL_SHELF,W3,NORMAL,1.00,1.28,120.00,220.00,2.64
2026/08/01,CHA017,WALL_SHELF,W4,NORMAL,1.00,1.28,120.00,220.00,2.64
2026/08/01,CHA017,WALL_SHELF,W5,NORMAL,1.00,1.28,120.00,220.00,2.64
2026/08/01,CHA017,WALL_SHELF,W6,NORMAL,1.00,1.28,120.00,220.00,2.64
2026/08/01,CHA017,WALL_SHELF,W7,NORMAL,1.00,1.28,120.00,220.00,2.64
2026/08/01,CHA017,WALL_SHELF,W8,NORMAL,1.00,1.28,120.00,220.00,2.64
2026/08/01,CHA017,WALL_SHELF,W9,NORMAL,1.00,1.28,120.00,220.00,2.64
2026/08/01,CHA017,WALL_SHELF,W10,NORMAL,1.00,1.28,120.00,220.00,2.64
2026/08/01,CHA017,WALL_SHELF,W11,NORMAL,1.00,1.28,120.00,220.00,2.64
2026/08/01,CHA017,WALL_SHELF,W12,NORMAL,1.00,1.28,90.00,220.00,1.98
2026/08/01,CHA017,WALL_SHELF,W13,NORMAL,1.00,1.28,90.00,220.00,1.98
2026/08/01,CHA017,WALL_SHELF,W14,NORMAL,1.00,1.28,90.00,220.00,1.98
2026/08/01,CHA017,WALL_SHELF,W15,NORMAL,1.00,1.28,90.00,220.00,1.98
2026/08/01,CHA017,WALL_SHELF,W16,NORMAL,1.00,1.28,90.00,220.00,1.98
2026/08/01,CHA017,WALL_SHELF,W17,NORMAL,1.00,1.28,90.00,220.00,1.98
2026/08/01,CHA017,WALL_SHELF,W18,NORMAL,1.00,1.28,90.00,220.00,1.98
2026/08/01,CHA017,WALL_SHELF,W19,NORMAL,1.00,1.28,120.00,220.00,2.64
2026/08/01,CHA017,WALL_SHELF,W20,NORMAL,1.00,1.28,120.00,220.00,2.64
2026/08/01,CHA017,WALL_SHELF,W21,NORMAL,1.00,1.28,120.00,220.00,2.64
2026/08/01,CHA017,WALL_SHELF,W22,NORMAL,1.00,1.28,120.00,220.00,2.64
2026/08/01,CHA017,WALL_SHELF,W23,NORMAL,1.00,1.28,90.00,220.00,1.98
2026/08/01,CHA017,WALL_SHELF,W24,NORMAL,1.00,1.28,140.00,220.00,3.08
2026/08/01,CHA017,WALL_SHELF,W25,NORMAL,1.00,1.28,90.00,220.00,1.98
2026/08/01,CHA017,WALL_SHELF,W26,NORMAL,1.00,1.28,90.00,220.00,1.98
2026/08/01,CHA017,WALL_SHELF,W27,NORMAL,1.00,1.28,90.00,220.00,1.98
2026/08/01,CHA017,GONDOLA,GP1,HOT&NEW,1.00,1.25,90.00,120.00,1.08
2026/08/01,CHA017,GONDOLA,GP2,HOT&NEW,1.00,1.25,90.00,120.00,1.08
2026/08/01,CHA017,GONDOLA,G3,NORMAL,1.00,1.25,90.00,120.00,1.08
2026/08/01,CHA017,GONDOLA,G4,NORMAL,1.00,1.25,120.00,120.00,1.44
2026/08/01,CHA017,GONDOLA,G5,NORMAL,1.00,1.25,120.00,120.00,1.44
2026/08/01,CHA017,GONDOLA,G6,NORMAL,1.00,1.25,120.00,120.00,1.44
2026/08/01,CHA017,GONDOLA,G7,NORMAL,1.00,1.25,120.00,120.00,1.44
2026/08/01,CHA017,GONDOLA,G8,NORMAL,1.00,1.25,120.00,120.00,1.44
2026/08/01,CHA017,GONDOLA,G9,NORMAL,1.00,1.25,120.00,120.00,1.44
2026/08/01,CHA017,GONDOLA,G10,NORMAL,1.00,1.25,120.00,120.00,1.44
2026/08/01,CHA017,GONDOLA,G11,NORMAL,1.00,1.25,120.00,120.00,1.44
2026/08/01,CHA017,GONDOLA,G12,NORMAL,1.00,1.25,90.00,120.00,1.08
2026/08/01,CHA017,GONDOLA,G13,NORMAL,1.00,1.25,90.00,120.00,1.08
2026/08/01,CHA017,GONDOLA,G14,NORMAL,1.00,1.25,120.00,120.00,1.44
2026/08/01,CHA017,GONDOLA,G15,NORMAL,1.00,1.25,120.00,120.00,1.44
2026/08/01,CHA017,GONDOLA,G16,NORMAL,1.00,1.25,120.00,120.00,1.44
2026/08/01,CHA017,GONDOLA,G17,NORMAL,1.00,1.25,120.00,120.00,1.44
2026/08/01,CHA017,GONDOLA,G18,NORMAL,1.00,1.25,120.00,120.00,1.44
2026/08/01,CHA017,GONDOLA,G19,NORMAL,1.00,1.25,120.00,120.00,1.44
2026/08/01,CHA017,GONDOLA,G20,NORMAL,1.00,1.25,90.00,120.00,1.08
2026/08/01,CHA017,TREE_PLAYDOH,T1,NORMAL,1.00,1.00,50.00,157.00,0.79
2026/08/01,CHA017,TREE_HW,T2,NORMAL,1.00,1.14,120.00,100.00,1.20
2026/08/01,CHA017,TREE_SIKU,T3,NORMAL,1.00,1.11,120.00,100.00,1.20
2026/08/01,CHA017,PALLET_DISPLAY,P1,NORMAL,1.00,1.25,400.00,100.00,4.00
2026/08/01,CHA017,PALLET_DISPLAY,P2,NORMAL,1.00,1.25,400.00,100.00,4.00
2026/08/01,CHA017,ISLAND_DISPLAY,IP1,PROMOTION,1.00,1.00,280.00,100.00,2.80
2026/08/01,CHA017,WALL_SHELF,WH1,NORMAL,1.00,1.28,25.00,220.00,0.55
2026/08/01,CHA017,WALL_SHELF,WH2,NORMAL,1.00,1.28,25.00,220.00,0.55
2026/08/01,CHA017,GONDOLA,S1,NORMAL,1.00,1.14,70.00,100.00,0.70
2026/08/01,CHA017,GONDOLA,S2,NORMAL,1.00,1.14,70.00,100.00,0.70
2026/08/01,CHA017,CASHIER_COUNTER,CC1,NORMAL,1.00,1.82,100.00,90.00,0.90
2026/08/01,CHA019,WALL_SHELF,W1,NORMAL,1.00,1.28,90.00,220.00,1.98
2026/08/01,CHA019,WALL_SHELF,W2,NORMAL,1.00,1.28,120.00,220.00,2.64
2026/08/01,CHA019,WALL_SHELF,W3,NORMAL,1.00,1.28,120.00,220.00,2.64
2026/08/01,CHA019,WALL_SHELF,W4,NORMAL,1.00,1.28,120.00,220.00,2.64
2026/08/01,CHA019,WALL_SHELF,W5,NORMAL,1.00,1.28,90.00,220.00,1.98
2026/08/01,CHA019,WALL_SHELF,W6,NORMAL,1.00,1.28,90.00,220.00,1.98
2026/08/01,CHA019,WALL_SHELF,W7,NORMAL,1.00,1.28,120.00,220.00,2.64
2026/08/01,CHA019,WALL_SHELF,W8,NORMAL,1.00,1.28,120.00,220.00,2.64
2026/08/01,CHA019,WALL_SHELF,W9,NORMAL,1.00,1.28,120.00,220.00,2.64
2026/08/01,CHA019,WALL_SHELF,W10,NORMAL,1.00,1.28,120.00,220.00,2.64
2026/08/01,CHA019,WALL_SHELF,W11,NORMAL,1.00,1.28,120.00,220.00,2.64
2026/08/01,CHA019,WALL_SHELF,W12,NORMAL,1.00,1.28,90.00,220.00,1.98
2026/08/01,CHA019,WALL_SHELF,W13,NORMAL,1.00,1.28,120.00,220.00,2.64
2026/08/01,CHA019,WALL_SHELF,W14,NORMAL,1.00,1.28,120.00,220.00,2.64
2026/08/01,CHA019,WALL_SHELF,W15,NORMAL,1.00,1.28,120.00,220.00,2.64
2026/08/01,CHA019,WALL_SHELF,W16,NORMAL,1.00,1.28,120.00,220.00,2.64
2026/08/01,CHA019,WALL_SHELF,W17,NORMAL,1.00,1.28,120.00,220.00,2.64
2026/08/01,CHA019,WALL_SHELF,W18,NORMAL,1.00,1.28,120.00,220.00,2.64
2026/08/01,CHA019,WALL_SHELF,W19,NORMAL,1.00,1.28,120.00,220.00,2.64
2026/08/01,CHA019,WALL_SHELF,W20,NORMAL,1.00,1.28,90.00,220.00,1.98
2026/08/01,CHA019,WALL_SHELF,W21,NORMAL,1.00,1.28,90.00,220.00,1.98
2026/08/01,CHA019,GONDOLA,G1,NORMAL,1.00,1.25,90.00,120.00,1.08
2026/08/01,CHA019,GONDOLA,G2,NORMAL,1.00,1.25,120.00,120.00,1.44
2026/08/01,CHA019,GONDOLA,G3,NORMAL,1.00,1.25,120.00,120.00,1.44
2026/08/01,CHA019,GONDOLA,G4,NORMAL,1.00,1.25,120.00,120.00,1.44
2026/08/01,CHA019,GONDOLA,G5,NORMAL,1.00,1.25,120.00,120.00,1.44
2026/08/01,CHA019,GONDOLA,G6,NORMAL,1.00,1.25,90.00,120.00,1.08
2026/08/01,CHA019,GONDOLA,G7,NORMAL,1.00,1.25,60.00,120.00,0.72
2026/08/01,CHA019,GONDOLA,G8,NORMAL,1.00,1.25,120.00,120.00,1.44
2026/08/01,CHA019,GONDOLA,G9,NORMAL,1.00,1.25,120.00,120.00,1.44
2026/08/01,CHA019,GONDOLA,G10,NORMAL,1.00,1.25,60.00,120.00,0.72
2026/08/01,CHA019,GONDOLA,G11,NORMAL,1.00,1.25,60.00,120.00,0.72
2026/08/01,CHA019,GONDOLA,G12,NORMAL,1.00,1.25,120.00,120.00,1.44
2026/08/01,CHA019,GONDOLA,G13,NORMAL,1.00,1.25,120.00,120.00,1.44
2026/08/01,CHA019,GONDOLA,G14,NORMAL,1.00,1.25,60.00,120.00,0.72
2026/08/01,CHA019,GONDOLA,G15,NORMAL,1.00,1.25,60.00,120.00,0.72
2026/08/01,CHA019,GONDOLA,G16,NORMAL,1.00,1.25,120.00,120.00,1.44
2026/08/01,CHA019,GONDOLA,G17,NORMAL,1.00,1.25,120.00,120.00,1.44
2026/08/01,CHA019,GONDOLA,G18,NORMAL,1.00,1.25,60.00,120.00,0.72
2026/08/01,CHA019,GONDOLA,G19,NORMAL,1.00,1.25,60.00,120.00,0.72
2026/08/01,CHA019,GONDOLA,G20,NORMAL,1.00,1.25,120.00,120.00,1.44
2026/08/01,CHA019,GONDOLA,G21,NORMAL,1.00,1.25,120.00,120.00,1.44
2026/08/01,CHA019,GONDOLA,G22,NORMAL,1.00,1.25,60.00,120.00,0.72
2026/08/01,CHA019,GONDOLA,G23,NORMAL,1.00,1.25,220.00,120.00,2.64
2026/08/01,CHA019,TREE_HW,T1,NORMAL,1.00,1.14,120.00,100.00,1.20
2026/08/01,CHA019,TREE_SIKU,T2,NORMAL,1.00,1.11,120.00,100.00,1.20
2026/08/01,CHA019,TREE_PLAYDOH,T3,NORMAL,1.00,1.00,50.00,157.00,0.79
2026/08/01,CHA019,ISLAND_DISPLAY,IP1,PROMOTION,1.00,1.00,280.00,100.00,2.80
2026/08/01,CHA019,WALL_SHELF,WH1,NORMAL,1.00,1.28,120.00,220.00,2.64
2026/08/01,CHA019,CASHIER_COUNTER,CC1,NORMAL,1.00,1.82,100.00,90.00,0.90
2026/08/01,CHA027,WALL_SHELF,W1,NORMAL,1.00,1.28,120.00,220.00,2.64
2026/08/01,CHA027,WALL_SHELF,W2,NORMAL,1.00,1.28,120.00,220.00,2.64
2026/08/01,CHA027,WALL_SHELF,W3,NORMAL,1.00,1.28,120.00,220.00,2.64
2026/08/01,CHA027,WALL_SHELF,W4,NORMAL,1.00,1.28,120.00,220.00,2.64
2026/08/01,CHA027,WALL_SHELF,W5,NORMAL,1.00,1.28,120.00,220.00,2.64
2026/08/01,CHA027,WALL_SHELF,W6,NORMAL,1.00,1.28,120.00,220.00,2.64
2026/08/01,CHA027,WALL_SHELF,W7,NORMAL,1.00,1.28,120.00,220.00,2.64
2026/08/01,CHA027,WALL_SHELF,W8,NORMAL,1.00,1.28,120.00,220.00,2.64
2026/08/01,CHA027,WALL_SHELF,W9,NORMAL,1.00,1.28,120.00,220.00,2.64
2026/08/01,CHA027,WALL_SHELF,W10,NORMAL,1.00,1.28,120.00,220.00,2.64
2026/08/01,CHA027,WALL_SHELF,W11,NORMAL,1.00,1.28,120.00,220.00,2.64
2026/08/01,CHA027,WALL_SHELF,W12,NORMAL,1.00,1.28,120.00,220.00,2.64
2026/08/01,CHA027,WALL_SHELF,W13,NORMAL,1.00,1.28,120.00,220.00,2.64
2026/08/01,CHA027,WALL_SHELF,W14,NORMAL,1.00,1.28,120.00,220.00,2.64
2026/08/01,CHA027,WALL_SHELF,W15,NORMAL,1.00,1.28,120.00,220.00,2.64
2026/08/01,CHA027,WALL_SHELF,W16,NORMAL,1.00,1.28,120.00,220.00,2.64
2026/08/01,CHA027,WALL_SHELF,W17,NORMAL,1.00,1.28,120.00,220.00,2.64
2026/08/01,CHA027,WALL_SHELF,W18,NORMAL,1.00,1.28,90.00,220.00,1.98
2026/08/01,CHA027,WALL_SHELF,W19,NORMAL,1.00,1.28,90.00,220.00,1.98
2026/08/01,CHA027,WALL_SHELF,W20,NORMAL,1.00,1.28,90.00,220.00,1.98
2026/08/01,CHA027,WALL_SHELF,W21,NORMAL,1.00,1.28,120.00,220.00,2.64
2026/08/01,CHA027,WALL_SHELF,W22,NORMAL,1.00,1.28,120.00,220.00,2.64
2026/08/01,CHA027,WALL_SHELF,W23,NORMAL,1.00,1.28,120.00,220.00,2.64
2026/08/01,CHA027,WALL_SHELF,W24,NORMAL,1.00,1.28,120.00,220.00,2.64
2026/08/01,CHA027,WALL_SHELF,W25,NORMAL,1.00,1.28,120.00,220.00,2.64
2026/08/01,CHA027,WALL_SHELF,W26,NORMAL,1.00,1.28,120.00,220.00,2.64
2026/08/01,CHA027,WALL_SHELF,W27,NORMAL,1.00,1.28,120.00,220.00,2.64
2026/08/01,CHA027,WALL_SHELF,W28,NORMAL,1.00,1.28,120.00,220.00,2.64
2026/08/01,CHA027,WALL_SHELF,W29,NORMAL,1.00,1.28,120.00,220.00,2.64
2026/08/01,CHA027,WALL_SHELF,W30,NORMAL,1.00,1.28,120.00,220.00,2.64
2026/08/01,CHA027,WALL_SHELF,W31,NORMAL,1.00,1.28,120.00,220.00,2.64
2026/08/01,CHA027,WALL_SHELF,W32,NORMAL,1.00,1.28,120.00,220.00,2.64
2026/08/01,CHA027,WALL_SHELF,W33,NORMAL,1.00,1.28,120.00,220.00,2.64
2026/08/01,CHA027,GONDOLA,GP1,HOT&NEW,1.00,1.25,90.00,120.00,1.08
2026/08/01,CHA027,GONDOLA,GP2,HOT&NEW,1.00,1.25,90.00,120.00,1.08
2026/08/01,CHA027,GONDOLA,G3,NORMAL,1.00,1.25,90.00,120.00,1.08
2026/08/01,CHA027,GONDOLA,G4,NORMAL,1.00,1.25,120.00,120.00,1.44
2026/08/01,CHA027,GONDOLA,G5,NORMAL,1.00,1.25,120.00,120.00,1.44
2026/08/01,CHA027,GONDOLA,G6,NORMAL,1.00,1.25,120.00,120.00,1.44
2026/08/01,CHA027,GONDOLA,G7,NORMAL,1.00,1.25,120.00,120.00,1.44
2026/08/01,CHA027,GONDOLA,G8,NORMAL,1.00,1.25,120.00,120.00,1.44
2026/08/01,CHA027,GONDOLA,G9,NORMAL,1.00,1.25,120.00,120.00,1.44
2026/08/01,CHA027,GONDOLA,G10,NORMAL,1.00,1.25,90.00,120.00,1.08
2026/08/01,CHA027,GONDOLA,G11,NORMAL,1.00,1.25,90.00,120.00,1.08
2026/08/01,CHA027,GONDOLA,G12,NORMAL,1.00,1.25,120.00,120.00,1.44
2026/08/01,CHA027,GONDOLA,G13,NORMAL,1.00,1.25,120.00,120.00,1.44
2026/08/01,CHA027,GONDOLA,G14,NORMAL,1.00,1.25,120.00,120.00,1.44
2026/08/01,CHA027,GONDOLA,G15,NORMAL,1.00,1.25,120.00,120.00,1.44
2026/08/01,CHA027,GONDOLA,G16,NORMAL,1.00,1.25,90.00,120.00,1.08
2026/08/01,CHA027,GONDOLA,G17,NORMAL,1.00,1.25,90.00,120.00,1.08
2026/08/01,CHA027,GONDOLA,G18,NORMAL,1.00,1.25,120.00,120.00,1.44
2026/08/01,CHA027,GONDOLA,G19,NORMAL,1.00,1.25,120.00,120.00,1.44
2026/08/01,CHA027,GONDOLA,G20,NORMAL,1.00,1.25,90.00,120.00,1.08
2026/08/01,CHA027,TREE_PLAYDOH,T1,NORMAL,1.00,1.00,50.00,157.00,0.79
2026/08/01,CHA027,TREE_SIKU,T2,NORMAL,1.00,1.11,120.00,100.00,1.20
2026/08/01,CHA027,TREE_HW,T3,NORMAL,1.00,1.14,120.00,100.00,1.20
2026/08/01,CHA027,PALLET_DISPLAY,P1,NORMAL,1.00,1.25,400.00,100.00,4.00
2026/08/01,CHA027,PALLET_DISPLAY,P2,NORMAL,1.00,1.25,400.00,100.00,4.00
2026/08/01,CHA027,CASHIER_COUNTER,CC1,NORMAL,1.00,1.82,100.00,90.00,0.90
2026/08/01,CHA031,WALL_SHELF,W1,NORMAL,1.00,1.28,120.00,220.00,2.64
2026/08/01,CHA031,WALL_SHELF,W2,NORMAL,1.00,1.28,120.00,220.00,2.64
2026/08/01,CHA031,WALL_SHELF,W3,NORMAL,1.00,1.28,120.00,220.00,2.64
2026/08/01,CHA031,WALL_SHELF,W4,NORMAL,1.00,1.28,120.00,220.00,2.64
2026/08/01,CHA031,WALL_SHELF,W5,NORMAL,1.00,1.28,120.00,220.00,2.64
2026/08/01,CHA031,WALL_SHELF,W6,NORMAL,1.00,1.28,90.00,220.00,1.98
2026/08/01,CHA031,WALL_SHELF,W7,NORMAL,1.00,1.28,90.00,220.00,1.98
2026/08/01,CHA031,WALL_SHELF,W8,NORMAL,1.00,1.28,90.00,220.00,1.98
2026/08/01,CHA031,WALL_SHELF,W9,NORMAL,1.00,1.28,90.00,220.00,1.98
2026/08/01,CHA031,WALL_SHELF,W10,NORMAL,1.00,1.28,90.00,220.00,1.98
2026/08/01,CHA031,WALL_SHELF,W11,NORMAL,1.00,1.28,90.00,220.00,1.98
2026/08/01,CHA031,WALL_SHELF,W12,NORMAL,1.00,1.28,120.00,220.00,2.64
2026/08/01,CHA031,WALL_SHELF,W13,NORMAL,1.00,1.28,120.00,220.00,2.64
2026/08/01,CHA031,WALL_SHELF,W14,NORMAL,1.00,1.28,120.00,220.00,2.64
2026/08/01,CHA031,WALL_SHELF,W15,NORMAL,1.00,1.28,90.00,220.00,1.98
2026/08/01,CHA031,WALL_SHELF,W16,NORMAL,1.00,1.28,90.00,220.00,1.98
2026/08/01,CHA031,WALL_SHELF,W17,NORMAL,1.00,1.28,90.00,220.00,1.98
2026/08/01,CHA031,WALL_SHELF,W18,NORMAL,1.00,1.28,120.00,220.00,2.64
2026/08/01,CHA031,WALL_SHELF,W19,NORMAL,1.00,1.28,120.00,220.00,2.64
2026/08/01,CHA031,WALL_SHELF,W20,NORMAL,1.00,1.28,120.00,220.00,2.64
2026/08/01,CHA031,WALL_SHELF,W21,NORMAL,1.00,1.28,120.00,220.00,2.64
2026/08/01,CHA031,WALL_SHELF,W22,NORMAL,1.00,1.28,120.00,220.00,2.64
2026/08/01,CHA031,WALL_SHELF,W23,NORMAL,1.00,1.28,120.00,220.00,2.64
2026/08/01,CHA031,WALL_SHELF,W24,NORMAL,1.00,1.28,120.00,220.00,2.64
2026/08/01,CHA031,WALL_SHELF,W25,NORMAL,1.00,1.28,120.00,220.00,2.64
2026/08/01,CHA031,GONDOLA,G1,NORMAL,1.00,1.25,90.00,120.00,1.08
2026/08/01,CHA031,GONDOLA,G2,NORMAL,1.00,1.25,120.00,120.00,1.44
2026/08/01,CHA031,GONDOLA,G3,NORMAL,1.00,1.25,120.00,120.00,1.44
2026/08/01,CHA031,GONDOLA,G4,NORMAL,1.00,1.25,120.00,120.00,1.44
2026/08/01,CHA031,GONDOLA,G5,NORMAL,1.00,1.25,120.00,120.00,1.44
2026/08/01,CHA031,GONDOLA,G6,NORMAL,1.00,1.25,120.00,120.00,1.44
2026/08/01,CHA031,GONDOLA,G7,NORMAL,1.00,1.25,120.00,120.00,1.44
2026/08/01,CHA031,GONDOLA,G8,NORMAL,1.00,1.25,90.00,120.00,1.08
2026/08/01,CHA031,GONDOLA,GP9,HOT&NEW,1.00,1.25,90.00,120.00,1.08
2026/08/01,CHA031,GONDOLA,G10,NORMAL,1.00,1.25,120.00,120.00,1.44
2026/08/01,CHA031,GONDOLA,G11,NORMAL,1.00,1.25,120.00,120.00,1.44
2026/08/01,CHA031,GONDOLA,G12,NORMAL,1.00,1.25,120.00,120.00,1.44
2026/08/01,CHA031,GONDOLA,G13,NORMAL,1.00,1.25,120.00,120.00,1.44
2026/08/01,CHA031,GONDOLA,G14,NORMAL,1.00,1.25,120.00,120.00,1.44
2026/08/01,CHA031,GONDOLA,G15,NORMAL,1.00,1.25,120.00,120.00,1.44
2026/08/01,CHA031,GONDOLA,G16,NORMAL,1.00,1.25,90.00,120.00,1.08
2026/08/01,CHA031,GONDOLA,G17,NORMAL,1.00,1.25,90.00,120.00,1.08
2026/08/01,CHA031,GONDOLA,G18,NORMAL,1.00,1.25,120.00,120.00,1.44
2026/08/01,CHA031,GONDOLA,G19,NORMAL,1.00,1.25,120.00,120.00,1.44
2026/08/01,CHA031,GONDOLA,G20,NORMAL,1.00,1.25,120.00,120.00,1.44
2026/08/01,CHA031,GONDOLA,G21,NORMAL,1.00,1.25,120.00,120.00,1.44
2026/08/01,CHA031,GONDOLA,G22,NORMAL,1.00,1.25,120.00,120.00,1.44
2026/08/01,CHA031,GONDOLA,G23,NORMAL,1.00,1.25,120.00,120.00,1.44
2026/08/01,CHA031,GONDOLA,G24,NORMAL,1.00,1.25,90.00,120.00,1.08
2026/08/01,CHA031,GONDOLA,G25,NORMAL,1.00,1.25,160.00,120.00,1.92
2026/08/01,CHA031,GONDOLA,G26,NORMAL,1.00,1.25,90.00,120.00,1.08
2026/08/01,CHA031,GONDOLA,G27,NORMAL,1.00,1.25,120.00,120.00,1.44
2026/08/01,CHA031,GONDOLA,G28,NORMAL,1.00,1.25,120.00,120.00,1.44
2026/08/01,CHA031,GONDOLA,G29,NORMAL,1.00,1.25,120.00,120.00,1.44
2026/08/01,CHA031,GONDOLA,G30,NORMAL,1.00,1.25,120.00,120.00,1.44
2026/08/01,CHA031,GONDOLA,G31,NORMAL,1.00,1.25,120.00,120.00,1.44
2026/08/01,CHA031,GONDOLA,G32,NORMAL,1.00,1.25,120.00,120.00,1.44
2026/08/01,CHA031,GONDOLA,G33,NORMAL,1.00,1.25,90.00,120.00,1.08
2026/08/01,CHA031,TREE_HW,T1,NORMAL,1.00,1.14,120.00,100.00,1.20
2026/08/01,CHA031,TREE_SIKU,T2,NORMAL,1.00,1.11,120.00,100.00,1.20
2026/08/01,CHA031,TREE_KEYCHAIN,T3,NORMAL,1.00,1.14,120.00,100.00,1.20
2026/08/01,CHA031,TREE_PLAYDOH,T4,NORMAL,1.00,1.00,50.00,157.00,0.79
2026/08/01,CHA031,PALLET_DISPLAY,P1,NORMAL,1.00,1.25,400.00,100.00,4.00
2026/08/01,CHA031,PALLET_DISPLAY,P2,NORMAL,1.00,1.25,400.00,100.00,4.00
2026/08/01,CHA039,WALL_SHELF,W1,NORMAL,1.00,1.28,120.00,220.00,2.64
2026/08/01,CHA039,WALL_SHELF,W2,NORMAL,1.00,1.28,120.00,220.00,2.64
2026/08/01,CHA039,WALL_SHELF,W3,NORMAL,1.00,1.28,120.00,220.00,2.64
2026/08/01,CHA039,WALL_SHELF,W4,NORMAL,1.00,1.28,120.00,220.00,2.64
2026/08/01,CHA039,WALL_SHELF,W5,NORMAL,1.00,1.28,120.00,220.00,2.64
2026/08/01,CHA039,WALL_SHELF,W6,NORMAL,1.00,1.28,120.00,220.00,2.64
2026/08/01,CHA039,WALL_SHELF,W7,NORMAL,1.00,1.28,120.00,220.00,2.64
2026/08/01,CHA039,WALL_SHELF,W8,NORMAL,1.00,1.28,120.00,220.00,2.64
2026/08/01,CHA039,WALL_SHELF,W9,NORMAL,1.00,1.28,120.00,220.00,2.64
2026/08/01,CHA039,WALL_SHELF,W10,NORMAL,1.00,1.28,120.00,220.00,2.64
2026/08/01,CHA039,WALL_SHELF,W11,NORMAL,1.00,1.28,120.00,220.00,2.64
2026/08/01,CHA039,WALL_SHELF,W12,NORMAL,1.00,1.28,120.00,220.00,2.64
2026/08/01,CHA039,WALL_SHELF,W13,NORMAL,1.00,1.28,120.00,220.00,2.64
2026/08/01,CHA039,WALL_SHELF,W14,NORMAL,1.00,1.28,120.00,220.00,2.64
2026/08/01,CHA039,WALL_SHELF,W15,NORMAL,1.00,1.28,120.00,220.00,2.64
2026/08/01,CHA039,WALL_SHELF,W16,NORMAL,1.00,1.28,90.00,220.00,1.98
2026/08/01,CHA039,WALL_SHELF,W17,NORMAL,1.00,1.28,90.00,220.00,1.98
2026/08/01,CHA039,WALL_SHELF,W18,NORMAL,1.00,1.28,120.00,220.00,2.64
2026/08/01,CHA039,WALL_SHELF,W19,NORMAL,1.00,1.28,120.00,220.00,2.64
2026/08/01,CHA039,WALL_SHELF,W20,NORMAL,1.00,1.28,120.00,220.00,2.64
2026/08/01,CHA039,WALL_SHELF,W21,NORMAL,1.00,1.28,90.00,220.00,1.98
2026/08/01,CHA039,WALL_SHELF,W22,NORMAL,1.00,1.28,90.00,220.00,1.98
2026/08/01,CHA039,WALL_SHELF,W23,NORMAL,1.00,1.28,90.00,220.00,1.98
2026/08/01,CHA039,WALL_SHELF,W24,NORMAL,1.00,1.28,90.00,220.00,1.98
2026/08/01,CHA039,WALL_SHELF,W25,NORMAL,1.00,1.28,90.00,220.00,1.98
2026/08/01,CHA039,WALL_SHELF,W26,NORMAL,1.00,1.28,120.00,220.00,2.64
2026/08/01,CHA039,WALL_SHELF,W27,NORMAL,1.00,1.28,120.00,220.00,2.64
2026/08/01,CHA039,WALL_SHELF,W28,NORMAL,1.00,1.28,120.00,220.00,2.64
2026/08/01,CHA039,WALL_SHELF,W29,NORMAL,1.00,1.28,120.00,220.00,2.64
2026/08/01,CHA039,WALL_SHELF,W30,NORMAL,1.00,1.28,120.00,220.00,2.64
2026/08/01,CHA039,WALL_SHELF,W31,NORMAL,1.00,1.28,120.00,220.00,2.64
2026/08/01,CHA039,WALL_SHELF,W32,NORMAL,1.00,1.28,120.00,220.00,2.64
2026/08/01,CHA039,WALL_SHELF,W33,NORMAL,1.00,1.28,120.00,220.00,2.64
2026/08/01,CHA039,WALL_SHELF,W34,NORMAL,1.00,1.28,90.00,220.00,1.98
2026/08/01,CHA039,WALL_SHELF,W35,NORMAL,1.00,1.28,90.00,220.00,1.98
2026/08/01,CHA039,GONDOLA,GP1,HOT&NEW,1.00,1.25,90.00,120.00,1.08
2026/08/01,CHA039,GONDOLA,GP2,HOT&NEW,1.00,1.25,90.00,120.00,1.08
2026/08/01,CHA039,GONDOLA,G3,NORMAL,1.00,1.25,90.00,120.00,1.08
2026/08/01,CHA039,GONDOLA,G4,NORMAL,1.00,1.25,120.00,120.00,1.44
2026/08/01,CHA039,GONDOLA,G5,NORMAL,1.00,1.25,120.00,120.00,1.44
2026/08/01,CHA039,GONDOLA,G6,NORMAL,1.00,1.25,120.00,120.00,1.44
2026/08/01,CHA039,GONDOLA,G7,NORMAL,1.00,1.25,120.00,120.00,1.44
2026/08/01,CHA039,GONDOLA,G8,NORMAL,1.00,1.25,120.00,120.00,1.44
2026/08/01,CHA039,GONDOLA,G9,NORMAL,1.00,1.25,120.00,120.00,1.44
2026/08/01,CHA039,GONDOLA,G10,NORMAL,1.00,1.25,90.00,120.00,1.08
2026/08/01,CHA039,GONDOLA,G11,NORMAL,1.00,1.25,90.00,120.00,1.08
2026/08/01,CHA039,GONDOLA,G12,NORMAL,1.00,1.25,120.00,120.00,1.44
2026/08/01,CHA039,GONDOLA,G13,NORMAL,1.00,1.25,120.00,120.00,1.44
2026/08/01,CHA039,GONDOLA,G14,NORMAL,1.00,1.25,120.00,120.00,1.44
2026/08/01,CHA039,GONDOLA,G15,NORMAL,1.00,1.25,120.00,120.00,1.44
2026/08/01,CHA039,GONDOLA,G16,NORMAL,1.00,1.25,90.00,120.00,1.08
2026/08/01,CHA039,GONDOLA,G17,NORMAL,1.00,1.25,90.00,120.00,1.08
2026/08/01,CHA039,GONDOLA,G18,NORMAL,1.00,1.25,120.00,120.00,1.44
2026/08/01,CHA039,GONDOLA,G19,NORMAL,1.00,1.25,120.00,120.00,1.44
2026/08/01,CHA039,GONDOLA,G20,NORMAL,1.00,1.25,90.00,120.00,1.08
2026/08/01,CHA039,GONDOLA,G21,NORMAL,1.00,1.25,90.00,120.00,1.08
2026/08/01,CHA039,GONDOLA,G22,NORMAL,1.00,1.25,120.00,120.00,1.44
2026/08/01,CHA039,GONDOLA,G23,NORMAL,1.00,1.25,120.00,120.00,1.44
2026/08/01,CHA039,GONDOLA,G24,NORMAL,1.00,1.25,120.00,120.00,1.44
2026/08/01,CHA039,GONDOLA,G25,NORMAL,1.00,1.25,120.00,120.00,1.44
2026/08/01,CHA039,GONDOLA,G26,NORMAL,1.00,1.25,120.00,120.00,1.44
2026/08/01,CHA039,GONDOLA,G27,NORMAL,1.00,1.25,120.00,120.00,1.44
2026/08/01,CHA039,GONDOLA,G28,NORMAL,1.00,1.25,90.00,120.00,1.08
2026/08/01,CHA039,GONDOLA,G29,NORMAL,1.00,1.25,90.00,120.00,1.08
2026/08/01,CHA039,GONDOLA,G30,NORMAL,1.00,1.25,120.00,120.00,1.44
2026/08/01,CHA039,GONDOLA,G31,NORMAL,1.00,1.25,120.00,120.00,1.44
2026/08/01,CHA039,GONDOLA,G32,NORMAL,1.00,1.25,120.00,120.00,1.44
2026/08/01,CHA039,GONDOLA,G33,NORMAL,1.00,1.25,120.00,120.00,1.44
2026/08/01,CHA039,GONDOLA,G34,NORMAL,1.00,1.25,90.00,120.00,1.08
2026/08/01,CHA039,TREE_HW,T1,NORMAL,1.00,1.14,120.00,100.00,1.20
2026/08/01,CHA039,TREE_PLAYDOH,T2,NORMAL,1.00,1.00,50.00,157.00,0.79
2026/08/01,CHA039,TREE_SIKU,T3,NORMAL,1.00,1.11,120.00,100.00,1.20
2026/08/01,CHA039,PALLET_DISPLAY,P1,NORMAL,1.00,1.25,400.00,100.00,4.00
2026/08/01,CHA039,PALLET_DISPLAY,P2,NORMAL,1.00,1.25,400.00,100.00,4.00
2026/08/01,CHA039,PALLET_DISPLAY,P3,NORMAL,1.00,1.25,400.00,100.00,4.00
2026/08/01,CHA039,ISLAND_DISPLAY,IP1,PROMOTION,1.00,1.00,280.00,100.00,2.80
2026/08/01,CHA039,WALL_SHELF,WH1,NORMAL,1.00,1.14,80.00,150.00,1.20
2026/08/01,CHA039,CASHIER_COUNTER,CC1,NORMAL,1.00,1.82,100.00,90.00,0.90
2026/08/01,CHA040,CASHIER_COUNTER,CASHIER_FRONT,NORMAL,1.00,1.80,150.00,120.00,1.80
2026/08/01,CHA040,FLOOR,FLOOR,NORMAL,1.00,1.00,496.00,100.00,4.96
2026/08/01,CHA040,GONDOLA,G10,NORMAL,1.00,1.30,90.00,120.00,1.08
2026/08/01,CHA040,GONDOLA,G11,NORMAL,1.00,1.30,90.00,120.00,1.08
2026/08/01,CHA040,GONDOLA,G12,NORMAL,1.00,1.30,120.00,120.00,1.44
2026/08/01,CHA040,GONDOLA,G13,NORMAL,1.00,1.30,120.00,120.00,1.44
2026/08/01,CHA040,GONDOLA,G14,NORMAL,1.00,1.30,120.00,120.00,1.44
2026/08/01,CHA040,GONDOLA,G15,NORMAL,1.00,1.30,120.00,120.00,1.44
2026/08/01,CHA040,GONDOLA,G16,NORMAL,1.00,1.30,90.00,120.00,1.08
2026/08/01,CHA040,GONDOLA,G17,NORMAL,1.00,1.30,90.00,120.00,1.08
2026/08/01,CHA040,GONDOLA,G18,NORMAL,1.00,1.30,120.00,120.00,1.44
2026/08/01,CHA040,GONDOLA,G19,NORMAL,1.00,1.30,120.00,120.00,1.44
2026/08/01,CHA040,GONDOLA,G20,NORMAL,1.00,1.30,120.00,120.00,1.44
2026/08/01,CHA040,GONDOLA,G21,NORMAL,1.00,1.30,120.00,120.00,1.44
2026/08/01,CHA040,GONDOLA,G22,NORMAL,1.00,1.30,90.00,120.00,1.08
2026/08/01,CHA040,GONDOLA,G23,NORMAL,1.00,1.30,90.00,120.00,1.08
2026/08/01,CHA040,GONDOLA,G24,NORMAL,1.00,1.30,120.00,120.00,1.44
2026/08/01,CHA040,GONDOLA,G25,NORMAL,1.00,1.30,120.00,120.00,1.44
2026/08/01,CHA040,GONDOLA,G26,NORMAL,1.00,1.30,120.00,120.00,1.44
2026/08/01,CHA040,GONDOLA,G27,NORMAL,1.00,1.30,120.00,120.00,1.44
2026/08/01,CHA040,GONDOLA,G28,NORMAL,1.00,1.30,90.00,120.00,1.08
2026/08/01,CHA040,GONDOLA,G29,NORMAL,1.00,1.30,90.00,120.00,1.08
2026/08/01,CHA040,GONDOLA,G3,NORMAL,1.00,1.30,90.00,120.00,1.08
2026/08/01,CHA040,GONDOLA,G30,NORMAL,1.00,1.30,120.00,120.00,1.44
2026/08/01,CHA040,GONDOLA,G31,NORMAL,1.00,1.30,120.00,120.00,1.44
2026/08/01,CHA040,GONDOLA,G32,NORMAL,1.00,1.30,120.00,120.00,1.44
2026/08/01,CHA040,GONDOLA,G33,NORMAL,1.00,1.30,120.00,120.00,1.44
2026/08/01,CHA040,GONDOLA,G34,NORMAL,1.00,1.30,90.00,120.00,1.08
2026/08/01,CHA040,GONDOLA,G35,NORMAL,1.00,1.30,90.00,120.00,1.08
2026/08/01,CHA040,GONDOLA,G36,NORMAL,1.00,1.30,120.00,120.00,1.44
2026/08/01,CHA040,GONDOLA,G37,NORMAL,1.00,1.30,120.00,120.00,1.44
2026/08/01,CHA040,GONDOLA,G38,NORMAL,1.00,1.30,90.00,120.00,1.08
2026/08/01,CHA040,GONDOLA,G39,NORMAL,1.00,1.30,90.00,120.00,1.08
2026/08/01,CHA040,GONDOLA,G4,NORMAL,1.00,1.30,90.00,120.00,1.08
2026/08/01,CHA040,GONDOLA,G40,NORMAL,1.00,1.30,120.00,120.00,1.44
2026/08/01,CHA040,GONDOLA,G41,NORMAL,1.00,1.30,120.00,120.00,1.44
2026/08/01,CHA040,GONDOLA,G42,NORMAL,1.00,1.30,90.00,120.00,1.08
2026/08/01,CHA040,GONDOLA,G43,NORMAL,1.00,1.30,360.00,145.00,5.22
2026/08/01,CHA040,GONDOLA,G44,NORMAL,1.00,1.30,90.00,120.00,1.08
2026/08/01,CHA040,GONDOLA,G45,NORMAL,1.00,1.30,90.00,120.00,1.08
2026/08/01,CHA040,GONDOLA,G46,NORMAL,1.00,1.30,420.00,160.00,6.72
2026/08/01,CHA040,GONDOLA,G47,NORMAL,1.00,1.30,90.00,120.00,1.08
2026/08/01,CHA040,GONDOLA,G48,NORMAL,1.00,1.30,120.00,120.00,1.44
2026/08/01,CHA040,GONDOLA,G49,NORMAL,1.00,1.30,120.00,120.00,1.44
2026/08/01,CHA040,GONDOLA,G5,NORMAL,1.00,1.30,90.00,120.00,1.08
2026/08/01,CHA040,GONDOLA,G50,NORMAL,1.00,1.30,120.00,120.00,1.44
2026/08/01,CHA040,GONDOLA,G51,NORMAL,1.00,1.30,120.00,120.00,1.44
2026/08/01,CHA040,GONDOLA,G52,NORMAL,1.00,1.30,90.00,120.00,1.08
2026/08/01,CHA040,GONDOLA,G53,NORMAL,1.00,1.30,90.00,120.00,1.08
2026/08/01,CHA040,GONDOLA,G54,NORMAL,1.00,1.30,120.00,120.00,1.44
2026/08/01,CHA040,GONDOLA,G55,NORMAL,1.00,1.30,120.00,120.00,1.44
2026/08/01,CHA040,GONDOLA,G56,NORMAL,1.00,1.30,90.00,120.00,1.08
2026/08/01,CHA040,GONDOLA,G57,NORMAL,1.00,1.30,90.00,120.00,1.08
2026/08/01,CHA040,GONDOLA,G58,NORMAL,1.00,1.30,120.00,120.00,1.44
2026/08/01,CHA040,GONDOLA,G59,NORMAL,1.00,1.30,120.00,120.00,1.44
2026/08/01,CHA040,GONDOLA,G6,NORMAL,1.00,1.30,120.00,120.00,1.44
2026/08/01,CHA040,GONDOLA,G60,NORMAL,1.00,1.30,120.00,120.00,1.44
2026/08/01,CHA040,GONDOLA,G61,NORMAL,1.00,1.30,120.00,120.00,1.44
2026/08/01,CHA040,GONDOLA,G62,NORMAL,1.00,1.30,90.00,120.00,1.08
2026/08/01,CHA040,GONDOLA,G63,NORMAL,1.00,1.30,90.00,120.00,1.08
2026/08/01,CHA040,GONDOLA,G64,NORMAL,1.00,1.30,120.00,120.00,1.44
2026/08/01,CHA040,GONDOLA,G65,NORMAL,1.00,1.30,120.00,120.00,1.44
2026/08/01,CHA040,GONDOLA,G66,NORMAL,1.00,1.30,90.00,120.00,1.08
2026/08/01,CHA040,GONDOLA,G67,NORMAL,1.00,1.30,240.00,140.00,3.36
2026/08/01,CHA040,GONDOLA,G68,NORMAL,1.00,1.30,240.00,140.00,3.36
2026/08/01,CHA040,GONDOLA,G69,NORMAL,1.00,1.30,240.00,140.00,3.36
2026/08/01,CHA040,GONDOLA,G7,NORMAL,1.00,1.30,120.00,120.00,1.44
2026/08/01,CHA040,GONDOLA,G70,NORMAL,1.00,1.30,240.00,140.00,3.36
2026/08/01,CHA040,GONDOLA,G71,NORMAL,1.00,1.30,90.00,80.00,0.72
2026/08/01,CHA040,GONDOLA,G72,NORMAL,1.00,1.30,180.00,70.00,1.26
2026/08/01,CHA040,GONDOLA,G73,NORMAL,1.00,1.30,180.00,70.00,1.26
2026/08/01,CHA040,GONDOLA,G74,NORMAL,1.00,1.30,480.00,90.00,4.32
2026/08/01,CHA040,GONDOLA,G8,NORMAL,1.00,1.30,120.00,120.00,1.44
2026/08/01,CHA040,GONDOLA,G9,NORMAL,1.00,1.30,120.00,120.00,1.44
2026/08/01,CHA040,GONDOLA,GP1,HOT&NEW,1.00,1.30,90.00,120.00,1.08
2026/08/01,CHA040,GONDOLA,GP2,HOT&NEW,1.00,1.30,90.00,120.00,1.08
2026/08/01,CHA040,GONDOLA,GP3,HOT&NEW,1.00,1.30,90.00,120.00,1.08
2026/08/01,CHA040,GONDOLA,GP4,HOT&NEW,1.00,1.30,90.00,120.00,1.08
2026/08/01,CHA040,ISLAND_DISPLAY,IP1,PROMOTION,1.00,1.00,276.00,100.00,2.76
2026/08/01,CHA040,ISLAND_DISPLAY,IP2,PROMOTION,1.00,1.00,276.00,100.00,2.76
2026/08/01,CHA040,ISLAND_DISPLAY,IP3,PROMOTION,1.00,1.00,212.00,100.00,2.12
2026/08/01,CHA040,ISLAND_DISPLAY,IP4,PROMOTION,1.00,1.00,250.00,100.00,2.50
2026/08/01,CHA040,PALLET_DISPLAY,P1,NORMAL,1.00,1.00,286.00,100.00,2.86
2026/08/01,CHA040,PALLET_DISPLAY,P2,NORMAL,1.00,1.00,369.00,100.00,3.69
2026/08/01,CHA040,PALLET_DISPLAY,P3,NORMAL,1.00,1.00,290.00,100.00,2.90
2026/08/01,CHA040,PALLET_DISPLAY,P4,NORMAL,1.00,1.00,232.00,100.00,2.32
2026/08/01,CHA040,PALLET_DISPLAY,P5,NORMAL,1.00,1.00,431.00,100.00,4.31
2026/08/01,CHA040,TREE_DISPLAY,TREE_DISNEY_DIECAST,NORMAL,1.00,1.30,40.00,100.00,0.40
2026/08/01,CHA040,TREE_SIKU,TREE_HW1,NORMAL,1.00,1.11,120.00,100.00,1.20
2026/08/01,CHA040,TREE_SIKU,TREE_HW2,NORMAL,1.00,1.11,120.00,100.00,1.20
2026/08/01,CHA040,TREE_DISPLAY,TREE_PLAYDOH,NORMAL,1.00,1.00,157.00,50.00,0.79
2026/08/01,CHA040,TREE_SIKU,TREE_SIKU,NORMAL,1.00,1.11,120.00,100.00,1.20
2026/08/01,CHA040,WALL_SHELF,W1,NORMAL,1.00,1.30,90.00,220.00,1.98
2026/08/01,CHA040,WALL_SHELF,W10,NORMAL,1.00,1.30,120.00,220.00,2.64
2026/08/01,CHA040,WALL_SHELF,W11,NORMAL,1.00,1.30,120.00,220.00,2.64
2026/08/01,CHA040,WALL_SHELF,W12,NORMAL,1.00,1.30,120.00,220.00,2.64
2026/08/01,CHA040,WALL_SHELF,W13,NORMAL,1.00,1.30,120.00,220.00,2.64
2026/08/01,CHA040,WALL_SHELF,W14,NORMAL,1.00,1.30,120.00,220.00,2.64
2026/08/01,CHA040,WALL_SHELF,W15,NORMAL,1.00,1.30,120.00,220.00,2.64
2026/08/01,CHA040,WALL_SHELF,W16,NORMAL,1.00,1.30,120.00,220.00,2.64
2026/08/01,CHA040,WALL_SHELF,W17,NORMAL,1.00,1.30,120.00,220.00,2.64
2026/08/01,CHA040,WALL_SHELF,W18,NORMAL,1.00,1.30,120.00,220.00,2.64
2026/08/01,CHA040,WALL_SHELF,W19,NORMAL,1.00,1.30,120.00,220.00,2.64
2026/08/01,CHA040,WALL_SHELF,W2,NORMAL,1.00,1.30,90.00,220.00,1.98
2026/08/01,CHA040,WALL_SHELF,W20,NORMAL,1.00,1.30,120.00,220.00,2.64
2026/08/01,CHA040,WALL_SHELF,W21,NORMAL,1.00,1.30,120.00,220.00,2.64
2026/08/01,CHA040,WALL_SHELF,W22,NORMAL,1.00,1.30,120.00,220.00,2.64
2026/08/01,CHA040,WALL_SHELF,W23,NORMAL,1.00,1.30,120.00,220.00,2.64
2026/08/01,CHA040,WALL_SHELF,W24,NORMAL,1.00,1.30,120.00,220.00,2.64
2026/08/01,CHA040,WALL_SHELF,W25,NORMAL,1.00,1.30,120.00,220.00,2.64
2026/08/01,CHA040,WALL_SHELF,W26,NORMAL,1.00,1.30,120.00,220.00,2.64
2026/08/01,CHA040,WALL_SHELF,W27,NORMAL,1.00,1.30,120.00,220.00,2.64
2026/08/01,CHA040,WALL_SHELF,W28,NORMAL,1.00,1.30,120.00,220.00,2.64
2026/08/01,CHA040,WALL_SHELF,W29,NORMAL,1.00,1.30,120.00,220.00,2.64
2026/08/01,CHA040,WALL_SHELF,W3,NORMAL,1.00,1.30,90.00,220.00,1.98
2026/08/01,CHA040,WALL_SHELF,W30,NORMAL,1.00,1.30,120.00,220.00,2.64
2026/08/01,CHA040,WALL_SHELF,W31,NORMAL,1.00,1.30,120.00,220.00,2.64
2026/08/01,CHA040,WALL_SHELF,W32,NORMAL,1.00,1.30,120.00,220.00,2.64
2026/08/01,CHA040,WALL_SHELF,W33,NORMAL,1.00,1.30,120.00,220.00,2.64
2026/08/01,CHA040,WALL_SHELF,W34,NORMAL,1.00,1.30,120.00,220.00,2.64
2026/08/01,CHA040,WALL_SHELF,W35,NORMAL,1.00,1.30,120.00,220.00,2.64
2026/08/01,CHA040,WALL_SHELF,W36,NORMAL,1.00,1.30,120.00,220.00,2.64
2026/08/01,CHA040,WALL_SHELF,W4,NORMAL,1.00,1.30,120.00,220.00,2.64
2026/08/01,CHA040,WALL_SHELF,W5,NORMAL,1.00,1.30,120.00,220.00,2.64
2026/08/01,CHA040,WALL_SHELF,W6,NORMAL,1.00,1.30,120.00,220.00,2.64
2026/08/01,CHA040,WALL_SHELF,W7,NORMAL,1.00,1.30,120.00,220.00,2.64
2026/08/01,CHA040,WALL_SHELF,W8,NORMAL,1.00,1.30,120.00,220.00,2.64
2026/08/01,CHA040,WALL_SHELF,W9,NORMAL,1.00,1.30,120.00,220.00,2.64
2026/08/01,CHA040,CABINET,BATTERY_CABINET,NORMAL,1.00,1.00,30.00,50.00,0.15
2026/08/01,CHA040,TREE_SIKU,TREE_HW,NORMAL,1.00,1.11,120.00,100.00,1.20
2026/08/01,CHA043,WALL_SHELF,W1,NORMAL,1.00,1.28,120.00,220.00,2.64
2026/08/01,CHA043,WALL_SHELF,W2,NORMAL,1.00,1.28,120.00,220.00,2.64
2026/08/01,CHA043,WALL_SHELF,W3,NORMAL,1.00,1.28,120.00,220.00,2.64
2026/08/01,CHA043,WALL_SHELF,W4,NORMAL,1.00,1.28,120.00,220.00,2.64
2026/08/01,CHA043,WALL_SHELF,W5,NORMAL,1.00,1.28,120.00,220.00,2.64
2026/08/01,CHA043,WALL_SHELF,W6,NORMAL,1.00,1.28,120.00,220.00,2.64
2026/08/01,CHA043,WALL_SHELF,W7,NORMAL,1.00,1.28,120.00,220.00,2.64
2026/08/01,CHA043,WALL_SHELF,W8,NORMAL,1.00,1.28,120.00,220.00,2.64
2026/08/01,CHA043,WALL_SHELF,W9,NORMAL,1.00,1.28,120.00,220.00,2.64
2026/08/01,CHA043,WALL_SHELF,W10,NORMAL,1.00,1.28,120.00,220.00,2.64
2026/08/01,CHA043,WALL_SHELF,W11,NORMAL,1.00,1.28,120.00,220.00,2.64
2026/08/01,CHA043,WALL_SHELF,W12,NORMAL,1.00,1.28,120.00,220.00,2.64
2026/08/01,CHA043,WALL_SHELF,W13,NORMAL,1.00,1.28,90.00,220.00,1.98
2026/08/01,CHA043,WALL_SHELF,W14,NORMAL,1.00,1.28,90.00,220.00,1.98
2026/08/01,CHA043,WALL_SHELF,W15,NORMAL,1.00,1.28,90.00,220.00,1.98
2026/08/01,CHA043,WALL_SHELF,W16,NORMAL,1.00,1.28,120.00,220.00,2.64
2026/08/01,CHA043,WALL_SHELF,W17,NORMAL,1.00,1.28,120.00,220.00,2.64
2026/08/01,CHA043,WALL_SHELF,W18,NORMAL,1.00,1.28,120.00,220.00,2.64
2026/08/01,CHA043,WALL_SHELF,W19,NORMAL,1.00,1.28,90.00,220.00,1.98
2026/08/01,CHA043,WALL_SHELF,W20,NORMAL,1.00,1.28,120.00,220.00,2.64
2026/08/01,CHA043,WALL_SHELF,W21,NORMAL,1.00,1.28,120.00,220.00,2.64
2026/08/01,CHA043,WALL_SHELF,W22,NORMAL,1.00,1.28,120.00,220.00,2.64
2026/08/01,CHA043,WALL_SHELF,W23,NORMAL,1.00,1.28,120.00,220.00,2.64
2026/08/01,CHA043,WALL_SHELF,W24,NORMAL,1.00,1.28,120.00,220.00,2.64
2026/08/01,CHA043,WALL_SHELF,W25,NORMAL,1.00,1.28,90.00,220.00,1.98
2026/08/01,CHA043,WALL_SHELF,W26,NORMAL,1.00,1.28,90.00,220.00,1.98
2026/08/01,CHA043,WALL_SHELF,W27,NORMAL,1.00,1.28,90.00,220.00,1.98
2026/08/01,CHA043,WALL_SHELF,W28,NORMAL,1.00,1.28,120.00,220.00,2.64
2026/08/01,CHA043,WALL_SHELF,W29,NORMAL,1.00,1.28,120.00,220.00,2.64
2026/08/01,CHA043,WALL_SHELF,W30,NORMAL,1.00,1.28,120.00,220.00,2.64
2026/08/01,CHA043,GONDOLA,GP1,HOT&NEW,1.00,1.25,90.00,120.00,1.08
2026/08/01,CHA043,GONDOLA,GP2,HOT&NEW,1.00,1.25,90.00,120.00,1.08
2026/08/01,CHA043,GONDOLA,G3,NORMAL,1.00,1.25,90.00,120.00,1.08
2026/08/01,CHA043,GONDOLA,G4,NORMAL,1.00,1.25,120.00,120.00,1.44
2026/08/01,CHA043,GONDOLA,G5,NORMAL,1.00,1.25,120.00,120.00,1.44
2026/08/01,CHA043,GONDOLA,G6,NORMAL,1.00,1.25,120.00,120.00,1.44
2026/08/01,CHA043,GONDOLA,G7,NORMAL,1.00,1.25,120.00,120.00,1.44
2026/08/01,CHA043,GONDOLA,G8,NORMAL,1.00,1.25,90.00,120.00,1.08
2026/08/01,CHA043,GONDOLA,G9,NORMAL,1.00,1.25,90.00,120.00,1.08
2026/08/01,CHA043,GONDOLA,G10,NORMAL,1.00,1.25,120.00,120.00,1.44
2026/08/01,CHA043,GONDOLA,G11,NORMAL,1.00,1.25,120.00,120.00,1.44
2026/08/01,CHA043,GONDOLA,G12,NORMAL,1.00,1.25,120.00,120.00,1.44
2026/08/01,CHA043,GONDOLA,G13,NORMAL,1.00,1.25,120.00,120.00,1.44
2026/08/01,CHA043,GONDOLA,G14,NORMAL,1.00,1.25,90.00,120.00,1.08
2026/08/01,CHA043,GONDOLA,G15,NORMAL,1.00,1.25,90.00,120.00,1.08
2026/08/01,CHA043,GONDOLA,G16,NORMAL,1.00,1.25,120.00,120.00,1.44
2026/08/01,CHA043,GONDOLA,G17,NORMAL,1.00,1.25,120.00,120.00,1.44
2026/08/01,CHA043,GONDOLA,G18,NORMAL,1.00,1.25,120.00,120.00,1.44
2026/08/01,CHA043,GONDOLA,G19,NORMAL,1.00,1.25,120.00,120.00,1.44
2026/08/01,CHA043,GONDOLA,G20,NORMAL,1.00,1.25,90.00,120.00,1.08
2026/08/01,CHA043,GONDOLA,G21,NORMAL,1.00,1.25,90.00,120.00,1.08
2026/08/01,CHA043,GONDOLA,G22,NORMAL,1.00,1.25,120.00,120.00,1.44
2026/08/01,CHA043,GONDOLA,G23,NORMAL,1.00,1.25,120.00,120.00,1.44
2026/08/01,CHA043,GONDOLA,G24,NORMAL,1.00,1.25,120.00,120.00,1.44
2026/08/01,CHA043,GONDOLA,G25,NORMAL,1.00,1.25,120.00,120.00,1.44
2026/08/01,CHA043,GONDOLA,G26,NORMAL,1.00,1.25,90.00,120.00,1.08
2026/08/01,CHA043,GONDOLA,G27,NORMAL,1.00,1.25,90.00,120.00,1.08
2026/08/01,CHA043,GONDOLA,G28,NORMAL,1.00,1.25,120.00,120.00,1.44
2026/08/01,CHA043,GONDOLA,G29,NORMAL,1.00,1.25,120.00,120.00,1.44
2026/08/01,CHA043,GONDOLA,G30,NORMAL,1.00,1.25,120.00,120.00,1.44
2026/08/01,CHA043,GONDOLA,G31,NORMAL,1.00,1.25,120.00,120.00,1.44
2026/08/01,CHA043,GONDOLA,G32,NORMAL,1.00,1.25,90.00,120.00,1.08
2026/08/01,CHA043,TREE_SIKU,T1,NORMAL,1.00,1.11,120.00,100.00,1.20
2026/08/01,CHA043,TREE_PLAYDOH,T2,NORMAL,1.00,1.00,50.00,157.00,0.79
2026/08/01,CHA043,TREE_HW,T3,NORMAL,1.00,1.14,120.00,100.00,1.20
2026/08/01,CHA043,PALLET_DISPLAY,P1,NORMAL,1.00,1.25,400.00,100.00,4.00
2026/08/01,CHA043,PALLET_DISPLAY,P2,NORMAL,1.00,1.25,400.00,100.00,4.00
2026/08/01,CHA043,ISLAND_DISPLAY,IP1,PROMOTION,1.00,1.00,280.00,100.00,2.80
2026/08/01,CHA043,CASHIER_COUNTER,CC1,NORMAL,1.00,1.82,100.00,90.00,0.90
2026/08/01,CHA044,WALL_SHELF,W1,NORMAL,1.00,1.28,90.00,220.00,1.98
2026/08/01,CHA044,WALL_SHELF,W2,NORMAL,1.00,1.28,90.00,220.00,1.98
2026/08/01,CHA044,WALL_SHELF,W3,NORMAL,1.00,1.28,120.00,220.00,2.64
2026/08/01,CHA044,WALL_SHELF,W4,NORMAL,1.00,1.28,120.00,220.00,2.64
2026/08/01,CHA044,WALL_SHELF,W5,NORMAL,1.00,1.28,90.00,220.00,1.98
2026/08/01,CHA044,WALL_SHELF,W6,NORMAL,1.00,1.28,90.00,220.00,1.98
2026/08/01,CHA044,WALL_SHELF,W7,NORMAL,1.00,1.28,120.00,220.00,2.64
2026/08/01,CHA044,WALL_SHELF,W8,NORMAL,1.00,1.28,90.00,220.00,1.98
2026/08/01,CHA044,WALL_SHELF,W9,NORMAL,1.00,1.28,120.00,220.00,2.64
2026/08/01,CHA044,WALL_SHELF,W10,NORMAL,1.00,1.28,120.00,220.00,2.64
2026/08/01,CHA044,WALL_SHELF,W11,NORMAL,1.00,1.28,120.00,220.00,2.64
2026/08/01,CHA044,WALL_SHELF,W12,NORMAL,1.00,1.28,120.00,220.00,2.64
2026/08/01,CHA044,WALL_SHELF,W13,NORMAL,1.00,1.28,120.00,220.00,2.64
2026/08/01,CHA044,WALL_SHELF,W14,NORMAL,1.00,1.28,120.00,220.00,2.64
2026/08/01,CHA044,WALL_SHELF,W15,NORMAL,1.00,1.28,120.00,220.00,2.64
2026/08/01,CHA044,GONDOLA,GP1,HOT&NEW,1.00,1.25,90.00,120.00,1.08
2026/08/01,CHA044,GONDOLA,G2,NORMAL,1.00,1.25,120.00,120.00,1.44
2026/08/01,CHA044,GONDOLA,G3,NORMAL,1.00,1.25,120.00,120.00,1.44
2026/08/01,CHA044,GONDOLA,G4,NORMAL,1.00,1.25,120.00,120.00,1.44
2026/08/01,CHA044,GONDOLA,G5,NORMAL,1.00,1.25,120.00,120.00,1.44
2026/08/01,CHA044,GONDOLA,G6,NORMAL,1.00,1.25,90.00,120.00,1.08
2026/08/01,CHA044,GONDOLA,G7,NORMAL,1.00,1.25,90.00,120.00,1.08
2026/08/01,CHA044,GONDOLA,G8,NORMAL,1.00,1.25,120.00,120.00,1.44
2026/08/01,CHA044,GONDOLA,G9,NORMAL,1.00,1.25,120.00,120.00,1.44
2026/08/01,CHA044,GONDOLA,G10,NORMAL,1.00,1.25,120.00,120.00,1.44
2026/08/01,CHA044,GONDOLA,G11,NORMAL,1.00,1.25,120.00,120.00,1.44
2026/08/01,CHA044,GONDOLA,G12,NORMAL,1.00,1.25,120.00,120.00,1.44
2026/08/01,CHA044,GONDOLA,G13,NORMAL,1.00,1.25,120.00,120.00,1.44
2026/08/01,CHA044,GONDOLA,G14,NORMAL,1.00,1.25,90.00,120.00,1.08
2026/08/01,CHA044,TREE_HW,T1,NORMAL,1.00,1.14,120.00,100.00,1.20
2026/08/01,CHA044,TREE_SIKU,T2,NORMAL,1.00,1.11,120.00,100.00,1.20
2026/08/01,CHA044,TREE_PLAYDOH,T3,NORMAL,1.00,1.00,50.00,157.00,0.79
2026/08/01,CHA044,CASHIER_COUNTER,CC1,NORMAL,1.00,1.82,100.00,90.00,0.90
2026/08/01,CHA051,FLOOR,FLOOR,NORMAL,1.00,1.00,220.00,100.00,2.20
2026/08/01,CHA051,GONDOLA,B1,NORMAL,1.00,1.30,90.00,120.00,1.08
2026/08/01,CHA051,GONDOLA,B10,NORMAL,1.00,1.30,110.00,120.00,1.32
2026/08/01,CHA051,GONDOLA,B11,NORMAL,1.00,1.30,110.00,120.00,1.32
2026/08/01,CHA051,GONDOLA,B12,NORMAL,1.00,1.30,110.00,120.00,1.32
2026/08/01,CHA051,GONDOLA,B13,NORMAL,1.00,1.30,110.00,120.00,1.32
2026/08/01,CHA051,GONDOLA,B14,NORMAL,1.00,1.30,90.00,120.00,1.08
2026/08/01,CHA051,GONDOLA,B15,NORMAL,1.00,1.30,250.00,130.00,3.25
2026/08/01,CHA051,GONDOLA,B16,NORMAL,1.00,1.30,250.00,130.00,3.25
2026/08/01,CHA051,GONDOLA,B2,NORMAL,1.00,1.30,75.00,120.00,0.90
2026/08/01,CHA051,GONDOLA,B3,NORMAL,1.00,1.30,75.00,120.00,0.90
2026/08/01,CHA051,GONDOLA,B4,NORMAL,1.00,1.30,90.00,120.00,1.08
2026/08/01,CHA051,GONDOLA,B5,NORMAL,1.00,1.30,100.00,100.00,1.00
2026/08/01,CHA051,GONDOLA,B6,NORMAL,1.00,1.30,100.00,100.00,1.00
2026/08/01,CHA051,GONDOLA,B7,NORMAL,1.00,1.30,100.00,100.00,1.00
2026/08/01,CHA051,GONDOLA,B8,NORMAL,1.00,1.30,100.00,100.00,1.00
2026/08/01,CHA051,GONDOLA,B9,NORMAL,1.00,1.30,90.00,130.00,1.17
2026/08/01,CHA051,GONDOLA,G1,NORMAL,1.00,1.30,90.00,120.00,1.08
2026/08/01,CHA051,GONDOLA,G10,NORMAL,1.00,1.30,100.00,110.00,1.10
2026/08/01,CHA051,GONDOLA,G11,NORMAL,1.00,1.30,100.00,110.00,1.10
2026/08/01,CHA051,GONDOLA,G12,NORMAL,1.00,1.30,90.00,120.00,1.08
2026/08/01,CHA051,GONDOLA,G13,NORMAL,1.00,1.30,90.00,120.00,1.08
2026/08/01,CHA051,GONDOLA,G14,NORMAL,1.00,1.30,90.00,120.00,1.08
2026/08/01,CHA051,GONDOLA,G15,NORMAL,1.00,1.30,90.00,120.00,1.08
2026/08/01,CHA051,GONDOLA,G16,NORMAL,1.00,1.30,90.00,130.00,1.17
2026/08/01,CHA051,GONDOLA,G17,NORMAL,1.00,1.30,90.00,130.00,1.17
2026/08/01,CHA051,GONDOLA,G18,NORMAL,1.00,1.30,80.00,130.00,1.04
2026/08/01,CHA051,GONDOLA,G19,NORMAL,1.00,1.30,110.00,100.00,1.10
2026/08/01,CHA051,GONDOLA,G2,NORMAL,1.00,1.30,90.00,120.00,1.08
2026/08/01,CHA051,GONDOLA,G20,NORMAL,1.00,1.30,100.00,100.00,1.00
2026/08/01,CHA051,GONDOLA,G21,NORMAL,1.00,1.30,110.00,100.00,1.10
2026/08/01,CHA051,GONDOLA,G22,NORMAL,1.00,1.30,100.00,100.00,1.00
2026/08/01,CHA051,GONDOLA,G23,NORMAL,1.00,1.30,100.00,130.00,1.30
2026/08/01,CHA051,GONDOLA,G24,NORMAL,1.00,1.30,100.00,130.00,1.30
2026/08/01,CHA051,GONDOLA,G3,NORMAL,1.00,1.30,90.00,120.00,1.08
2026/08/01,CHA051,GONDOLA,G4,NORMAL,1.00,1.30,90.00,110.00,0.99
2026/08/01,CHA051,GONDOLA,G5,NORMAL,1.00,1.30,90.00,110.00,0.99
2026/08/01,CHA051,GONDOLA,G55,NORMAL,1.00,1.30,90.00,120.00,1.08
2026/08/01,CHA051,GONDOLA,G6,NORMAL,1.00,1.30,90.00,110.00,0.99
2026/08/01,CHA051,GONDOLA,G7,NORMAL,1.00,1.30,90.00,110.00,0.99
2026/08/01,CHA051,GONDOLA,G8,NORMAL,1.00,1.30,100.00,110.00,1.10
2026/08/01,CHA051,GONDOLA,G9,NORMAL,1.00,1.30,100.00,110.00,1.10
2026/08/01,CHA051,GONDOLA,L10,NORMAL,1.00,1.30,110.00,130.00,1.43
2026/08/01,CHA051,GONDOLA,L11,NORMAL,1.00,1.30,60.00,130.00,0.78
2026/08/01,CHA051,GONDOLA,L12,NORMAL,1.00,1.30,60.00,130.00,0.78
2026/08/01,CHA051,GONDOLA,L13,NORMAL,1.00,1.30,110.00,130.00,1.43
2026/08/01,CHA051,GONDOLA,L14,NORMAL,1.00,1.30,110.00,130.00,1.43
2026/08/01,CHA051,GONDOLA,L15,NORMAL,1.00,1.30,60.00,130.00,0.78
2026/08/01,CHA051,GONDOLA,L16,NORMAL,1.00,1.30,60.00,130.00,0.78
2026/08/01,CHA051,GONDOLA,L17,NORMAL,1.00,1.30,110.00,130.00,1.43
2026/08/01,CHA051,GONDOLA,L18,NORMAL,1.00,1.30,110.00,130.00,1.43
2026/08/01,CHA051,GONDOLA,L19,NORMAL,1.00,1.30,60.00,130.00,0.78
2026/08/01,CHA051,GONDOLA,L20,NORMAL,1.00,1.30,60.00,130.00,0.78
2026/08/01,CHA051,GONDOLA,L21,NORMAL,1.00,1.30,110.00,130.00,1.43
2026/08/01,CHA051,GONDOLA,L22,NORMAL,1.00,1.30,210.00,140.00,2.94
2026/08/01,CHA051,GONDOLA,L23,NORMAL,1.00,1.30,210.00,140.00,2.94
2026/08/01,CHA051,GONDOLA,L24,NORMAL,1.00,1.30,110.00,130.00,1.43
2026/08/01,CHA051,GONDOLA,L25,NORMAL,1.00,1.30,60.00,130.00,0.78
2026/08/01,CHA051,GONDOLA,L26,NORMAL,1.00,1.30,60.00,130.00,0.78
2026/08/01,CHA051,GONDOLA,L27,NORMAL,1.00,1.30,110.00,130.00,1.43
2026/08/01,CHA051,GONDOLA,L28,NORMAL,1.00,1.30,110.00,130.00,1.43
2026/08/01,CHA051,GONDOLA,L29,NORMAL,1.00,1.30,60.00,130.00,0.78
2026/08/01,CHA051,GONDOLA,L3,NORMAL,1.00,1.30,150.00,110.00,1.65
2026/08/01,CHA051,GONDOLA,L30,NORMAL,1.00,1.30,60.00,130.00,0.78
2026/08/01,CHA051,GONDOLA,L31,NORMAL,1.00,1.30,110.00,130.00,1.43
2026/08/01,CHA051,GONDOLA,L32,NORMAL,1.00,1.30,110.00,130.00,1.43
2026/08/01,CHA051,GONDOLA,L33,NORMAL,1.00,1.30,60.00,130.00,0.78
2026/08/01,CHA051,GONDOLA,L34,NORMAL,1.00,1.30,60.00,130.00,0.78
2026/08/01,CHA051,GONDOLA,L35,NORMAL,1.00,1.30,110.00,130.00,1.43
2026/08/01,CHA051,GONDOLA,L36,NORMAL,1.00,1.30,110.00,130.00,1.43
2026/08/01,CHA051,GONDOLA,L37,NORMAL,1.00,1.30,60.00,130.00,0.78
2026/08/01,CHA051,GONDOLA,L38,NORMAL,1.00,1.30,60.00,130.00,0.78
2026/08/01,CHA051,GONDOLA,L39,NORMAL,1.00,1.30,110.00,130.00,1.43
2026/08/01,CHA051,GONDOLA,L4,NORMAL,1.00,1.30,150.00,130.00,1.95
2026/08/01,CHA051,GONDOLA,L5,NORMAL,1.00,1.30,90.00,130.00,1.17
2026/08/01,CHA051,GONDOLA,L6,NORMAL,1.00,1.30,110.00,130.00,1.43
2026/08/01,CHA051,GONDOLA,L7,NORMAL,1.00,1.30,60.00,130.00,0.78
2026/08/01,CHA051,GONDOLA,L8,NORMAL,1.00,1.30,60.00,130.00,0.78
2026/08/01,CHA051,GONDOLA,L9,NORMAL,1.00,1.30,110.00,130.00,1.43
2026/08/01,CHA051,GONDOLA,LP1,NORMAL,1.00,1.30,68.00,100.00,0.68
2026/08/01,CHA051,GONDOLA,PS1,NORMAL,1.00,1.30,110.00,130.00,1.43
2026/08/01,CHA051,GONDOLA,PS10,NORMAL,1.00,1.30,110.00,130.00,1.43
2026/08/01,CHA051,GONDOLA,PS11,NORMAL,1.00,1.30,110.00,130.00,1.43
2026/08/01,CHA051,GONDOLA,PS12,NORMAL,1.00,1.30,90.00,130.00,1.17
2026/08/01,CHA051,GONDOLA,PS13,NORMAL,1.00,1.30,210.00,130.00,2.73
2026/08/01,CHA051,GONDOLA,PS14,NORMAL,1.00,1.30,210.00,130.00,2.73
2026/08/01,CHA051,GONDOLA,PS2,NORMAL,1.00,1.30,110.00,130.00,1.43
2026/08/01,CHA051,GONDOLA,PS3,NORMAL,1.00,1.30,60.00,130.00,0.78
2026/08/01,CHA051,GONDOLA,PS4,NORMAL,1.00,1.30,110.00,130.00,1.43
2026/08/01,CHA051,GONDOLA,PS5,NORMAL,1.00,1.30,110.00,130.00,1.43
2026/08/01,CHA051,GONDOLA,PS7,NORMAL,1.00,1.30,110.00,130.00,1.43
2026/08/01,CHA051,GONDOLA,PS8,NORMAL,1.00,1.30,110.00,130.00,1.43
2026/08/01,CHA051,GONDOLA,PS9,NORMAL,1.00,1.30,60.00,130.00,0.78
2026/08/01,CHA051,PALLET_DISPLAY,P1,NORMAL,1.00,1.00,346.00,100.00,3.46
2026/08/01,CHA051,TREE_DISPLAY,TREE_DISNEY_PLUSH,NORMAL,1.00,1.50,157.00,150.00,2.36
2026/08/01,CHA051,TREE_SIKU,TREE_HW,NORMAL,1.00,1.11,120.00,100.00,1.20
2026/08/01,CHA051,WALL_SHELF,W1,NORMAL,1.00,1.30,105.00,210.00,2.21
2026/08/01,CHA051,WALL_SHELF,W10,NORMAL,1.00,1.30,105.00,210.00,2.21
2026/08/01,CHA051,WALL_SHELF,W11,NORMAL,1.00,1.30,105.00,210.00,2.21
2026/08/01,CHA051,WALL_SHELF,W12,NORMAL,1.00,1.30,105.00,210.00,2.21
2026/08/01,CHA051,WALL_SHELF,W2,NORMAL,1.00,1.30,105.00,210.00,2.21
2026/08/01,CHA051,WALL_SHELF,W3,NORMAL,1.00,1.30,120.00,210.00,2.52
2026/08/01,CHA051,WALL_SHELF,W4,NORMAL,1.00,1.30,105.00,210.00,2.21
2026/08/01,CHA051,WALL_SHELF,W5,NORMAL,1.00,1.30,105.00,210.00,2.21
2026/08/01,CHA051,WALL_SHELF,W6,NORMAL,1.00,1.30,105.00,210.00,2.21
2026/08/01,CHA051,WALL_SHELF,W7,NORMAL,1.00,1.30,120.00,210.00,2.52
2026/08/01,CHA051,WALL_SHELF,W8,NORMAL,1.00,1.30,105.00,210.00,2.21
2026/08/01,CHA051,WALL_SHELF,W9,NORMAL,1.00,1.30,105.00,210.00,2.21
2026/08/01,CHA051,ISLAND_DISPLAY,IP1,PROMOTION,1.00,1.00,280.00,100.00,2.80
2026/08/01,CHA051,GONDOLA,PS6,NORMAL,1.00,1.30,60.00,130.00,0.78
2026/08/01,CHA052,WALL_SHELF,W1,NORMAL,1.00,1.28,120.00,220.00,2.64
2026/08/01,CHA052,WALL_SHELF,W2,NORMAL,1.00,1.28,120.00,220.00,2.64
2026/08/01,CHA052,WALL_SHELF,W3,NORMAL,1.00,1.28,120.00,220.00,2.64
2026/08/01,CHA052,WALL_SHELF,W4,NORMAL,1.00,1.28,120.00,220.00,2.64
2026/08/01,CHA052,WALL_SHELF,W5,NORMAL,1.00,1.28,120.00,220.00,2.64
2026/08/01,CHA052,WALL_SHELF,W6,NORMAL,1.00,1.28,120.00,220.00,2.64
2026/08/01,CHA052,WALL_SHELF,W7,NORMAL,1.00,1.28,120.00,220.00,2.64
2026/08/01,CHA052,WALL_SHELF,W8,NORMAL,1.00,1.28,120.00,220.00,2.64
2026/08/01,CHA052,WALL_SHELF,W9,NORMAL,1.00,1.28,120.00,220.00,2.64
2026/08/01,CHA052,WALL_SHELF,W10,NORMAL,1.00,1.28,120.00,220.00,2.64
2026/08/01,CHA052,WALL_SHELF,W11,NORMAL,1.00,1.28,120.00,220.00,2.64
2026/08/01,CHA052,WALL_SHELF,W12,NORMAL,1.00,1.28,120.00,220.00,2.64
2026/08/01,CHA052,WALL_SHELF,W13,NORMAL,1.00,1.28,120.00,220.00,2.64
2026/08/01,CHA052,WALL_SHELF,W14,NORMAL,1.00,1.28,90.00,220.00,1.98
2026/08/01,CHA052,WALL_SHELF,W15,NORMAL,1.00,1.28,90.00,220.00,1.98
2026/08/01,CHA052,WALL_SHELF,W16,NORMAL,1.00,1.28,120.00,220.00,2.64
2026/08/01,CHA052,WALL_SHELF,W17,NORMAL,1.00,1.28,120.00,220.00,2.64
2026/08/01,CHA052,WALL_SHELF,W18,NORMAL,1.00,1.28,120.00,220.00,2.64
2026/08/01,CHA052,WALL_SHELF,W19,NORMAL,1.00,1.28,120.00,220.00,2.64
2026/08/01,CHA052,WALL_SHELF,W20,NORMAL,1.00,1.28,120.00,220.00,2.64
2026/08/01,CHA052,WALL_SHELF,W21,NORMAL,1.00,1.28,120.00,220.00,2.64
2026/08/01,CHA052,WALL_SHELF,W22,NORMAL,1.00,1.28,120.00,220.00,2.64
2026/08/01,CHA052,WALL_SHELF,W23,NORMAL,1.00,1.28,120.00,220.00,2.64
2026/08/01,CHA052,WALL_SHELF,W24,NORMAL,1.00,1.28,120.00,220.00,2.64
2026/08/01,CHA052,WALL_SHELF,W25,NORMAL,1.00,1.28,120.00,220.00,2.64
2026/08/01,CHA052,WALL_SHELF,W26,NORMAL,1.00,1.28,120.00,220.00,2.64
2026/08/01,CHA052,GONDOLA,GP1,HOT&NEW,1.00,1.25,90.00,120.00,1.08
2026/08/01,CHA052,GONDOLA,GP2,HOT&NEW,1.00,1.25,90.00,120.00,1.08
2026/08/01,CHA052,GONDOLA,G3,NORMAL,1.00,1.25,90.00,120.00,1.08
2026/08/01,CHA052,GONDOLA,G4,NORMAL,1.00,1.25,120.00,120.00,1.44
2026/08/01,CHA052,GONDOLA,G5,NORMAL,1.00,1.25,120.00,120.00,1.44
2026/08/01,CHA052,GONDOLA,G6,NORMAL,1.00,1.25,120.00,120.00,1.44
2026/08/01,CHA052,GONDOLA,G7,NORMAL,1.00,1.25,120.00,120.00,1.44
2026/08/01,CHA052,GONDOLA,G8,NORMAL,1.00,1.25,90.00,120.00,1.08
2026/08/01,CHA052,GONDOLA,G9,NORMAL,1.00,1.25,90.00,120.00,1.08
2026/08/01,CHA052,GONDOLA,G10,NORMAL,1.00,1.25,120.00,120.00,1.44
2026/08/01,CHA052,GONDOLA,G11,NORMAL,1.00,1.25,120.00,120.00,1.44
2026/08/01,CHA052,GONDOLA,G12,NORMAL,1.00,1.25,120.00,120.00,1.44
2026/08/01,CHA052,GONDOLA,G13,NORMAL,1.00,1.25,120.00,120.00,1.44
2026/08/01,CHA052,GONDOLA,G14,NORMAL,1.00,1.25,90.00,120.00,1.08
2026/08/01,CHA052,GONDOLA,G15,NORMAL,1.00,1.25,90.00,120.00,1.08
2026/08/01,CHA052,GONDOLA,G16,NORMAL,1.00,1.25,120.00,120.00,1.44
2026/08/01,CHA052,GONDOLA,G17,NORMAL,1.00,1.25,120.00,120.00,1.44
2026/08/01,CHA052,GONDOLA,G18,NORMAL,1.00,1.25,90.00,120.00,1.08
2026/08/01,CHA052,GONDOLA,G19,NORMAL,1.00,1.25,90.00,120.00,1.08
2026/08/01,CHA052,GONDOLA,G20,NORMAL,1.00,1.25,120.00,120.00,1.44
2026/08/01,CHA052,GONDOLA,G21,NORMAL,1.00,1.25,120.00,120.00,1.44
2026/08/01,CHA052,GONDOLA,G22,NORMAL,1.00,1.25,120.00,120.00,1.44
2026/08/01,CHA052,GONDOLA,G23,NORMAL,1.00,1.25,120.00,120.00,1.44
2026/08/01,CHA052,GONDOLA,G24,NORMAL,1.00,1.25,90.00,120.00,1.08
2026/08/01,CHA052,GONDOLA,G25,NORMAL,1.00,1.25,90.00,120.00,1.08
2026/08/01,CHA052,GONDOLA,G26,NORMAL,1.00,1.25,120.00,120.00,1.44
2026/08/01,CHA052,GONDOLA,G27,NORMAL,1.00,1.25,120.00,120.00,1.44
2026/08/01,CHA052,GONDOLA,G28,NORMAL,1.00,1.25,120.00,120.00,1.44
2026/08/01,CHA052,GONDOLA,G29,NORMAL,1.00,1.25,120.00,120.00,1.44
2026/08/01,CHA052,GONDOLA,G30,NORMAL,1.00,1.25,90.00,120.00,1.08
2026/08/01,CHA052,TREE_SIKU,T1,NORMAL,1.00,1.11,120.00,100.00,1.20
2026/08/01,CHA052,TREE_HW,T2,NORMAL,1.00,1.14,120.00,100.00,1.20
2026/08/01,CHA052,TREE_KEYCHAIN,T3,NORMAL,1.00,1.14,120.00,100.00,1.20
2026/08/01,CHA052,TREE_PLAYDOH,T4,NORMAL,1.00,1.00,50.00,157.00,0.79
2026/08/01,CHA052,PALLET_DISPLAY,P1,NORMAL,1.00,1.25,400.00,100.00,4.00
2026/08/01,CHA052,PALLET_DISPLAY,P2,NORMAL,1.00,1.25,400.00,100.00,4.00
2026/08/01,CHA052,CASHIER_COUNTER,CC1,NORMAL,1.00,1.82,100.00,90.00,0.90
2026/08/01,CHA053,WALL_SHELF,W1,NORMAL,1.00,1.28,120.00,220.00,2.64
2026/08/01,CHA053,WALL_SHELF,W2,NORMAL,1.00,1.28,120.00,220.00,2.64
2026/08/01,CHA053,WALL_SHELF,W3,NORMAL,1.00,1.28,120.00,220.00,2.64
2026/08/01,CHA053,WALL_SHELF,W4,NORMAL,1.00,1.28,120.00,220.00,2.64
2026/08/01,CHA053,WALL_SHELF,W5,NORMAL,1.00,1.28,120.00,220.00,2.64
2026/08/01,CHA053,WALL_SHELF,W6,NORMAL,1.00,1.28,120.00,220.00,2.64
2026/08/01,CHA053,WALL_SHELF,W7,NORMAL,1.00,1.28,120.00,220.00,2.64
2026/08/01,CHA053,WALL_SHELF,W8,NORMAL,1.00,1.28,120.00,220.00,2.64
2026/08/01,CHA053,WALL_SHELF,W9,NORMAL,1.00,1.28,120.00,220.00,2.64
2026/08/01,CHA053,WALL_SHELF,W10,NORMAL,1.00,1.28,120.00,220.00,2.64
2026/08/01,CHA053,WALL_SHELF,W11,NORMAL,1.00,1.28,120.00,220.00,2.64
2026/08/01,CHA053,WALL_SHELF,W12,NORMAL,1.00,1.28,120.00,220.00,2.64
2026/08/01,CHA053,WALL_SHELF,W13,NORMAL,1.00,1.28,120.00,220.00,2.64
2026/08/01,CHA053,WALL_SHELF,W14,NORMAL,1.00,1.28,90.00,220.00,1.98
2026/08/01,CHA053,WALL_SHELF,W15,NORMAL,1.00,1.28,90.00,220.00,1.98
2026/08/01,CHA053,WALL_SHELF,W16,NORMAL,1.00,1.28,120.00,220.00,2.64
2026/08/01,CHA053,WALL_SHELF,W17,NORMAL,1.00,1.28,120.00,220.00,2.64
2026/08/01,CHA053,WALL_SHELF,W18,NORMAL,1.00,1.28,90.00,220.00,1.98
2026/08/01,CHA053,WALL_SHELF,W19,NORMAL,1.00,1.28,90.00,220.00,1.98
2026/08/01,CHA053,WALL_SHELF,W20,NORMAL,1.00,1.28,120.00,220.00,2.64
2026/08/01,CHA053,WALL_SHELF,W21,NORMAL,1.00,1.28,120.00,220.00,2.64
2026/08/01,CHA053,WALL_SHELF,W22,NORMAL,1.00,1.28,120.00,220.00,2.64
2026/08/01,CHA053,WALL_SHELF,W23,NORMAL,1.00,1.28,120.00,220.00,2.64
2026/08/01,CHA053,WALL_SHELF,W24,NORMAL,1.00,1.28,120.00,220.00,2.64
2026/08/01,CHA053,WALL_SHELF,W25,NORMAL,1.00,1.28,120.00,220.00,2.64
2026/08/01,CHA053,WALL_SHELF,W26,NORMAL,1.00,1.28,120.00,220.00,2.64
2026/08/01,CHA053,WALL_SHELF,W27,NORMAL,1.00,1.28,120.00,220.00,2.64
2026/08/01,CHA053,WALL_SHELF,W28,NORMAL,1.00,1.28,120.00,220.00,2.64
2026/08/01,CHA053,WALL_SHELF,W29,NORMAL,1.00,1.28,120.00,220.00,2.64
2026/08/01,CHA053,WALL_SHELF,W30,NORMAL,1.00,1.28,120.00,220.00,2.64
2026/08/01,CHA053,WALL_SHELF,W31,NORMAL,1.00,1.28,120.00,220.00,2.64
2026/08/01,CHA053,GONDOLA,GP1,HOT&NEW,1.00,1.25,90.00,120.00,1.08
2026/08/01,CHA053,GONDOLA,GP2,HOT&NEW,1.00,1.25,90.00,120.00,1.08
2026/08/01,CHA053,GONDOLA,G3,NORMAL,1.00,1.25,90.00,120.00,1.08
2026/08/01,CHA053,GONDOLA,G4,NORMAL,1.00,1.25,120.00,120.00,1.44
2026/08/01,CHA053,GONDOLA,G5,NORMAL,1.00,1.25,120.00,120.00,1.44
2026/08/01,CHA053,GONDOLA,G6,NORMAL,1.00,1.25,120.00,120.00,1.44
2026/08/01,CHA053,GONDOLA,G7,NORMAL,1.00,1.25,120.00,120.00,1.44
2026/08/01,CHA053,GONDOLA,G8,NORMAL,1.00,1.25,90.00,120.00,1.08
2026/08/01,CHA053,GONDOLA,G9,NORMAL,1.00,1.25,90.00,120.00,1.08
2026/08/01,CHA053,GONDOLA,G10,NORMAL,1.00,1.25,120.00,120.00,1.44
2026/08/01,CHA053,GONDOLA,G11,NORMAL,1.00,1.25,120.00,120.00,1.44
2026/08/01,CHA053,GONDOLA,G12,NORMAL,1.00,1.25,90.00,120.00,1.08
2026/08/01,CHA053,GONDOLA,G13,NORMAL,1.00,1.25,90.00,120.00,1.08
2026/08/01,CHA053,GONDOLA,G14,NORMAL,1.00,1.25,120.00,120.00,1.44
2026/08/01,CHA053,GONDOLA,G15,NORMAL,1.00,1.25,120.00,120.00,1.44
2026/08/01,CHA053,GONDOLA,G16,NORMAL,1.00,1.25,120.00,120.00,1.44
2026/08/01,CHA053,GONDOLA,G17,NORMAL,1.00,1.25,120.00,120.00,1.44
2026/08/01,CHA053,GONDOLA,G18,NORMAL,1.00,1.25,90.00,120.00,1.08
2026/08/01,CHA053,GONDOLA,G19,NORMAL,1.00,1.25,90.00,120.00,1.08
2026/08/01,CHA053,GONDOLA,G20,NORMAL,1.00,1.25,120.00,120.00,1.44
2026/08/01,CHA053,GONDOLA,G21,NORMAL,1.00,1.25,120.00,120.00,1.44
2026/08/01,CHA053,GONDOLA,G22,NORMAL,1.00,1.25,120.00,120.00,1.44
2026/08/01,CHA053,GONDOLA,G23,NORMAL,1.00,1.25,120.00,120.00,1.44
2026/08/01,CHA053,GONDOLA,G24,NORMAL,1.00,1.25,90.00,120.00,1.08
2026/08/01,CHA053,GONDOLA,G25,NORMAL,1.00,1.25,90.00,120.00,1.08
2026/08/01,CHA053,GONDOLA,G26,NORMAL,1.00,1.25,120.00,120.00,1.44
2026/08/01,CHA053,GONDOLA,G27,NORMAL,1.00,1.25,120.00,120.00,1.44
2026/08/01,CHA053,GONDOLA,G28,NORMAL,1.00,1.25,90.00,120.00,1.08
2026/08/01,CHA053,GONDOLA,G29,NORMAL,1.00,1.25,90.00,120.00,1.08
2026/08/01,CHA053,GONDOLA,G30,NORMAL,1.00,1.25,120.00,120.00,1.44
2026/08/01,CHA053,GONDOLA,G31,NORMAL,1.00,1.25,120.00,120.00,1.44
2026/08/01,CHA053,GONDOLA,G32,NORMAL,1.00,1.25,120.00,120.00,1.44
2026/08/01,CHA053,GONDOLA,G33,NORMAL,1.00,1.25,120.00,120.00,1.44
2026/08/01,CHA053,GONDOLA,G34,NORMAL,1.00,1.25,90.00,120.00,1.08
2026/08/01,CHA053,GONDOLA,G35,NORMAL,1.00,1.25,90.00,120.00,1.08
2026/08/01,CHA053,GONDOLA,G36,NORMAL,1.00,1.25,120.00,120.00,1.44
2026/08/01,CHA053,GONDOLA,G37,NORMAL,1.00,1.25,120.00,120.00,1.44
2026/08/01,CHA053,GONDOLA,G38,NORMAL,1.00,1.25,90.00,120.00,1.08
2026/08/01,CHA053,GONDOLA,G39,NORMAL,1.00,1.25,90.00,120.00,1.08
2026/08/01,CHA053,GONDOLA,G40,NORMAL,1.00,1.25,120.00,120.00,1.44
2026/08/01,CHA053,GONDOLA,G41,NORMAL,1.00,1.25,120.00,120.00,1.44
2026/08/01,CHA053,GONDOLA,G42,NORMAL,1.00,1.25,120.00,120.00,1.44
2026/08/01,CHA053,GONDOLA,G43,NORMAL,1.00,1.25,120.00,120.00,1.44
2026/08/01,CHA053,GONDOLA,G44,NORMAL,1.00,1.25,90.00,120.00,1.08
2026/08/01,CHA053,TREE_HW,T1,NORMAL,1.00,1.14,120.00,100.00,1.20
2026/08/01,CHA053,TREE_KEYCHAIN,T2,NORMAL,1.00,1.14,120.00,100.00,1.20
2026/08/01,CHA053,TREE_PLAYDOH,T3,NORMAL,1.00,1.00,50.00,157.00,0.79
2026/08/01,CHA053,TREE_SIKU,T4,NORMAL,1.00,1.11,120.00,100.00,1.20
2026/08/01,CHA053,PALLET_DISPLAY,P1,NORMAL,1.00,1.25,400.00,100.00,4.00
2026/08/01,CHA053,PALLET_DISPLAY,P2,NORMAL,1.00,1.25,400.00,100.00,4.00
2026/08/01,CHA053,PALLET_DISPLAY,P3,NORMAL,1.00,1.25,400.00,100.00,4.00
2026/08/01,CHA053,ISLAND_DISPLAY,IP1,PROMOTION,1.00,1.00,280.00,100.00,2.80
2026/08/01,CHA053,CASHIER_COUNTER,CC1,NORMAL,1.00,1.82,100.00,90.00,0.90
2026/08/01,CHA057,WALL_SHELF,W1,NORMAL,1.00,1.28,120.00,220.00,2.64
2026/08/01,CHA057,WALL_SHELF,W2,NORMAL,1.00,1.28,120.00,220.00,2.64
2026/08/01,CHA057,WALL_SHELF,W3,NORMAL,1.00,1.28,120.00,220.00,2.64
2026/08/01,CHA057,WALL_SHELF,W4,NORMAL,1.00,1.28,120.00,220.00,2.64
2026/08/01,CHA057,WALL_SHELF,W5,NORMAL,1.00,1.28,120.00,220.00,2.64
2026/08/01,CHA057,WALL_SHELF,W6,NORMAL,1.00,1.28,120.00,220.00,2.64
2026/08/01,CHA057,WALL_SHELF,W7,NORMAL,1.00,1.28,120.00,220.00,2.64
2026/08/01,CHA057,WALL_SHELF,W8,NORMAL,1.00,1.28,120.00,220.00,2.64
2026/08/01,CHA057,WALL_SHELF,W9,NORMAL,1.00,1.28,120.00,220.00,2.64
2026/08/01,CHA057,WALL_SHELF,W10,NORMAL,1.00,1.28,120.00,220.00,2.64
2026/08/01,CHA057,WALL_SHELF,W11,NORMAL,1.00,1.28,120.00,220.00,2.64
2026/08/01,CHA057,WALL_SHELF,W12,NORMAL,1.00,1.28,120.00,220.00,2.64
2026/08/01,CHA057,WALL_SHELF,W13,NORMAL,1.00,1.28,120.00,220.00,2.64
2026/08/01,CHA057,WALL_SHELF,W14,NORMAL,1.00,1.28,120.00,220.00,2.64
2026/08/01,CHA057,WALL_SHELF,W15,NORMAL,1.00,1.28,120.00,220.00,2.64
2026/08/01,CHA057,WALL_SHELF,W16,NORMAL,1.00,1.28,120.00,220.00,2.64
2026/08/01,CHA057,WALL_SHELF,W17,NORMAL,1.00,1.28,120.00,220.00,2.64
2026/08/01,CHA057,WALL_SHELF,W18,NORMAL,1.00,1.28,120.00,220.00,2.64
2026/08/01,CHA057,WALL_SHELF,W19,NORMAL,1.00,1.28,120.00,220.00,2.64
2026/08/01,CHA057,WALL_SHELF,W20,NORMAL,1.00,1.28,120.00,220.00,2.64
2026/08/01,CHA057,WALL_SHELF,W21,NORMAL,1.00,1.28,120.00,220.00,2.64
2026/08/01,CHA057,WALL_SHELF,W22,NORMAL,1.00,1.28,120.00,220.00,2.64
2026/08/01,CHA057,WALL_SHELF,W23,NORMAL,1.00,1.28,90.00,220.00,1.98
2026/08/01,CHA057,WALL_SHELF,W24,NORMAL,1.00,1.28,90.00,220.00,1.98
2026/08/01,CHA057,WALL_SHELF,W25,NORMAL,1.00,1.28,120.00,220.00,2.64
2026/08/01,CHA057,WALL_SHELF,W26,NORMAL,1.00,1.28,120.00,220.00,2.64
2026/08/01,CHA057,WALL_SHELF,W27,NORMAL,1.00,1.28,120.00,220.00,2.64
2026/08/01,CHA057,WALL_SHELF,W28,NORMAL,1.00,1.28,120.00,220.00,2.64
2026/08/01,CHA057,WALL_SHELF,W29,NORMAL,1.00,1.28,120.00,220.00,2.64
2026/08/01,CHA057,WALL_SHELF,W30,NORMAL,1.00,1.28,120.00,220.00,2.64
2026/08/01,CHA057,WALL_SHELF,W31,NORMAL,1.00,1.28,120.00,220.00,2.64
2026/08/01,CHA057,WALL_SHELF,W32,NORMAL,1.00,1.28,120.00,220.00,2.64
2026/08/01,CHA057,WALL_SHELF,W33,NORMAL,1.00,1.28,120.00,220.00,2.64
2026/08/01,CHA057,WALL_SHELF,W34,NORMAL,1.00,1.28,120.00,220.00,2.64
2026/08/01,CHA057,WALL_SHELF,W35,NORMAL,1.00,1.28,120.00,220.00,2.64
2026/08/01,CHA057,WALL_SHELF,W36,NORMAL,1.00,1.28,120.00,220.00,2.64
2026/08/01,CHA057,WALL_SHELF,W37,NORMAL,1.00,1.28,120.00,220.00,2.64
2026/08/01,CHA057,WALL_SHELF,W38,NORMAL,1.00,1.28,120.00,220.00,2.64
2026/08/01,CHA057,WALL_SHELF,W39,NORMAL,1.00,1.28,120.00,220.00,2.64
2026/08/01,CHA057,WALL_SHELF,W40,NORMAL,1.00,1.28,120.00,220.00,2.64
2026/08/01,CHA057,WALL_SHELF,W41,NORMAL,1.00,1.28,120.00,220.00,2.64
2026/08/01,CHA057,WALL_SHELF,W42,NORMAL,1.00,1.28,120.00,220.00,2.64
2026/08/01,CHA057,WALL_SHELF,W43,NORMAL,1.00,1.28,90.00,220.00,1.98
2026/08/01,CHA057,WALL_SHELF,W44,NORMAL,1.00,1.28,90.00,220.00,1.98
2026/08/01,CHA057,GONDOLA,GP1,HOT&NEW,1.00,1.25,90.00,120.00,1.08
2026/08/01,CHA057,GONDOLA,GP2,HOT&NEW,1.00,1.25,90.00,120.00,1.08
2026/08/01,CHA057,GONDOLA,G3,NORMAL,1.00,1.25,90.00,120.00,1.08
2026/08/01,CHA057,GONDOLA,G4,NORMAL,1.00,1.25,120.00,120.00,1.44
2026/08/01,CHA057,GONDOLA,G5,NORMAL,1.00,1.25,120.00,120.00,1.44
2026/08/01,CHA057,GONDOLA,G6,NORMAL,1.00,1.25,120.00,120.00,1.44
2026/08/01,CHA057,GONDOLA,G7,NORMAL,1.00,1.25,120.00,120.00,1.44
2026/08/01,CHA057,GONDOLA,G8,NORMAL,1.00,1.25,90.00,120.00,1.08
2026/08/01,CHA057,GONDOLA,G9,NORMAL,1.00,1.25,90.00,120.00,1.08
2026/08/01,CHA057,GONDOLA,G10,NORMAL,1.00,1.25,120.00,120.00,1.44
2026/08/01,CHA057,GONDOLA,G11,NORMAL,1.00,1.25,120.00,120.00,1.44
2026/08/01,CHA057,GONDOLA,G12,NORMAL,1.00,1.25,120.00,120.00,1.44
2026/08/01,CHA057,GONDOLA,G13,NORMAL,1.00,1.25,120.00,120.00,1.44
2026/08/01,CHA057,GONDOLA,G14,NORMAL,1.00,1.25,90.00,120.00,1.08
2026/08/01,CHA057,GONDOLA,G15,NORMAL,1.00,1.25,90.00,120.00,1.08
2026/08/01,CHA057,GONDOLA,G16,NORMAL,1.00,1.25,120.00,120.00,1.44
2026/08/01,CHA057,GONDOLA,G17,NORMAL,1.00,1.25,120.00,120.00,1.44
2026/08/01,CHA057,GONDOLA,G18,NORMAL,1.00,1.25,120.00,120.00,1.44
2026/08/01,CHA057,GONDOLA,G19,NORMAL,1.00,1.25,120.00,120.00,1.44
2026/08/01,CHA057,GONDOLA,G20,NORMAL,1.00,1.25,90.00,120.00,1.08
2026/08/01,CHA057,GONDOLA,G21,NORMAL,1.00,1.25,90.00,120.00,1.08
2026/08/01,CHA057,GONDOLA,G22,NORMAL,1.00,1.25,120.00,120.00,1.44
2026/08/01,CHA057,GONDOLA,G23,NORMAL,1.00,1.25,120.00,120.00,1.44
2026/08/01,CHA057,GONDOLA,G24,NORMAL,1.00,1.25,120.00,120.00,1.44
2026/08/01,CHA057,GONDOLA,G25,NORMAL,1.00,1.25,120.00,120.00,1.44
2026/08/01,CHA057,GONDOLA,G26,NORMAL,1.00,1.25,90.00,120.00,1.08
2026/08/01,CHA057,GONDOLA,G27,NORMAL,1.00,1.25,90.00,120.00,1.08
2026/08/01,CHA057,GONDOLA,G28,NORMAL,1.00,1.25,120.00,120.00,1.44
2026/08/01,CHA057,GONDOLA,G29,NORMAL,1.00,1.25,120.00,120.00,1.44
2026/08/01,CHA057,GONDOLA,G30,NORMAL,1.00,1.25,120.00,120.00,1.44
2026/08/01,CHA057,GONDOLA,G31,NORMAL,1.00,1.25,120.00,120.00,1.44
2026/08/01,CHA057,GONDOLA,G32,NORMAL,1.00,1.25,90.00,120.00,1.08
2026/08/01,CHA057,GONDOLA,G33,NORMAL,1.00,1.25,90.00,120.00,1.08
2026/08/01,CHA057,GONDOLA,G34,NORMAL,1.00,1.25,120.00,120.00,1.44
2026/08/01,CHA057,GONDOLA,G35,NORMAL,1.00,1.25,120.00,120.00,1.44
2026/08/01,CHA057,GONDOLA,G36,NORMAL,1.00,1.25,120.00,120.00,1.44
2026/08/01,CHA057,GONDOLA,G37,NORMAL,1.00,1.25,120.00,120.00,1.44
2026/08/01,CHA057,GONDOLA,G38,NORMAL,1.00,1.25,90.00,120.00,1.08
2026/08/01,CHA057,TREE_PLAYDOH,T1,NORMAL,1.00,1.00,50.00,157.00,0.79
2026/08/01,CHA057,TREE_HW,T2,NORMAL,1.00,1.14,120.00,100.00,1.20
2026/08/01,CHA057,TREE_SIKU,T3,NORMAL,1.00,1.11,120.00,100.00,1.20
2026/08/01,CHA057,PALLET_DISPLAY,P1,NORMAL,1.00,1.25,400.00,100.00,4.00
2026/08/01,CHA057,PALLET_DISPLAY,P2,NORMAL,1.00,1.25,400.00,100.00,4.00
2026/08/01,CHA057,PALLET_DISPLAY,P3,NORMAL,1.00,1.25,400.00,100.00,4.00
2026/08/01,CHA057,PALLET_DISPLAY,P4,NORMAL,1.00,1.25,400.00,100.00,4.00
2026/08/01,CHA057,PALLET_DISPLAY,P5,NORMAL,1.00,1.25,400.00,100.00,4.00
2026/08/01,CHA057,ISLAND_DISPLAY,IP1,PROMOTION,1.00,1.00,280.00,100.00,2.80
2026/08/01,CHA057,ISLAND_DISPLAY,IP2,PROMOTION,1.00,1.00,280.00,100.00,2.80
2026/08/01,CHA057,WALL_SHELF,WH1,NORMAL,1.00,1.14,53.00,160.00,0.85
2026/08/01,CHA057,WALL_SHELF,WH2,NORMAL,1.00,1.14,53.00,160.00,0.85
2026/08/01,CHA057,WALL_SHELF,WH3,NORMAL,1.00,1.14,53.00,160.00,0.85
2026/08/01,CHA057,WALL_SHELF,WH4,NORMAL,1.00,1.14,53.00,160.00,0.85
2026/08/01,CHA057,WALL_SHELF,WH5,NORMAL,1.00,1.14,53.00,160.00,0.85
2026/08/01,CHA057,WALL_SHELF,WH6,NORMAL,1.00,1.14,53.00,160.00,0.85
2026/08/01,CHA057,WALL_SHELF,WH7,NORMAL,1.00,1.14,53.00,160.00,0.85
2026/08/01,CHA057,WALL_SHELF,WH8,NORMAL,1.00,1.14,53.00,160.00,0.85
2026/08/01,CHA061,WALL_SHELF,W1,NORMAL,1.00,1.28,120.00,220.00,2.64
2026/08/01,CHA061,WALL_SHELF,W2,NORMAL,1.00,1.28,120.00,220.00,2.64
2026/08/01,CHA061,WALL_SHELF,W3,NORMAL,1.00,1.28,120.00,220.00,2.64
2026/08/01,CHA061,WALL_SHELF,W4,NORMAL,1.00,1.28,120.00,220.00,2.64
2026/08/01,CHA061,WALL_SHELF,W5,NORMAL,1.00,1.28,120.00,220.00,2.64
2026/08/01,CHA061,WALL_SHELF,W6,NORMAL,1.00,1.28,120.00,220.00,2.64
2026/08/01,CHA061,WALL_SHELF,W7,NORMAL,1.00,1.28,120.00,220.00,2.64
2026/08/01,CHA061,WALL_SHELF,W8,NORMAL,1.00,1.28,120.00,220.00,2.64
2026/08/01,CHA061,WALL_SHELF,W9,NORMAL,1.00,1.28,120.00,220.00,2.64
2026/08/01,CHA061,WALL_SHELF,W10,NORMAL,1.00,1.28,120.00,220.00,2.64
2026/08/01,CHA061,WALL_SHELF,W11,NORMAL,1.00,1.28,120.00,220.00,2.64
2026/08/01,CHA061,WALL_SHELF,W12,NORMAL,1.00,1.28,120.00,220.00,2.64
2026/08/01,CHA061,WALL_SHELF,W13,NORMAL,1.00,1.28,120.00,220.00,2.64
2026/08/01,CHA061,WALL_SHELF,W14,NORMAL,1.00,1.28,120.00,220.00,2.64
2026/08/01,CHA061,WALL_SHELF,W15,NORMAL,1.00,1.28,120.00,220.00,2.64
2026/08/01,CHA061,WALL_SHELF,W16,NORMAL,1.00,1.28,90.00,220.00,1.98
2026/08/01,CHA061,WALL_SHELF,W17,NORMAL,1.00,1.28,90.00,220.00,1.98
2026/08/01,CHA061,WALL_SHELF,W18,NORMAL,1.00,1.28,120.00,220.00,2.64
2026/08/01,CHA061,WALL_SHELF,W19,NORMAL,1.00,1.28,120.00,220.00,2.64
2026/08/01,CHA061,WALL_SHELF,W20,NORMAL,1.00,1.28,120.00,220.00,2.64
2026/08/01,CHA061,WALL_SHELF,W21,NORMAL,1.00,1.28,120.00,220.00,2.64
2026/08/01,CHA061,WALL_SHELF,W22,NORMAL,1.00,1.28,120.00,220.00,2.64
2026/08/01,CHA061,WALL_SHELF,W23,NORMAL,1.00,1.28,120.00,220.00,2.64
2026/08/01,CHA061,WALL_SHELF,W24,NORMAL,1.00,1.28,90.00,220.00,1.98
2026/08/01,CHA061,WALL_SHELF,W25,NORMAL,1.00,1.28,90.00,220.00,1.98
2026/08/01,CHA061,WALL_SHELF,W26,NORMAL,1.00,1.28,120.00,220.00,2.64
2026/08/01,CHA061,WALL_SHELF,W27,NORMAL,1.00,1.28,120.00,220.00,2.64
2026/08/01,CHA061,WALL_SHELF,W28,NORMAL,1.00,1.28,120.00,220.00,2.64
2026/08/01,CHA061,GONDOLA,GP1,HOT&NEW,1.00,1.25,90.00,120.00,1.08
2026/08/01,CHA061,GONDOLA,GP2,HOT&NEW,1.00,1.25,90.00,120.00,1.08
2026/08/01,CHA061,GONDOLA,G3,NORMAL,1.00,1.25,90.00,120.00,1.08
2026/08/01,CHA061,GONDOLA,G4,NORMAL,1.00,1.25,120.00,120.00,1.44
2026/08/01,CHA061,GONDOLA,G5,NORMAL,1.00,1.25,120.00,120.00,1.44
2026/08/01,CHA061,GONDOLA,G6,NORMAL,1.00,1.25,120.00,120.00,1.44
2026/08/01,CHA061,GONDOLA,G7,NORMAL,1.00,1.25,120.00,120.00,1.44
2026/08/01,CHA061,GONDOLA,G8,NORMAL,1.00,1.25,90.00,120.00,1.08
2026/08/01,CHA061,GONDOLA,G9,NORMAL,1.00,1.25,90.00,120.00,1.08
2026/08/01,CHA061,GONDOLA,G10,NORMAL,1.00,1.25,120.00,120.00,1.44
2026/08/01,CHA061,GONDOLA,G11,NORMAL,1.00,1.25,120.00,120.00,1.44
2026/08/01,CHA061,GONDOLA,G12,NORMAL,1.00,1.25,120.00,120.00,1.44
2026/08/01,CHA061,GONDOLA,G13,NORMAL,1.00,1.25,120.00,120.00,1.44
2026/08/01,CHA061,GONDOLA,G14,NORMAL,1.00,1.25,90.00,120.00,1.08
2026/08/01,CHA061,GONDOLA,G15,NORMAL,1.00,1.25,90.00,120.00,1.08
2026/08/01,CHA061,GONDOLA,G16,NORMAL,1.00,1.25,120.00,120.00,1.44
2026/08/01,CHA061,GONDOLA,G17,NORMAL,1.00,1.25,120.00,120.00,1.44
2026/08/01,CHA061,GONDOLA,G18,NORMAL,1.00,1.25,120.00,120.00,1.44
2026/08/01,CHA061,GONDOLA,G19,NORMAL,1.00,1.25,120.00,120.00,1.44
2026/08/01,CHA061,GONDOLA,G20,NORMAL,1.00,1.25,90.00,120.00,1.08
2026/08/01,CHA061,GONDOLA,G21,NORMAL,1.00,1.25,90.00,120.00,1.08
2026/08/01,CHA061,GONDOLA,G22,NORMAL,1.00,1.25,120.00,120.00,1.44
2026/08/01,CHA061,GONDOLA,G23,NORMAL,1.00,1.25,120.00,120.00,1.44
2026/08/01,CHA061,GONDOLA,G24,NORMAL,1.00,1.25,90.00,120.00,1.08
2026/08/01,CHA061,GONDOLA,G25,NORMAL,1.00,1.25,90.00,120.00,1.08
2026/08/01,CHA061,GONDOLA,G26,NORMAL,1.00,1.25,120.00,120.00,1.44
2026/08/01,CHA061,GONDOLA,G27,NORMAL,1.00,1.25,120.00,120.00,1.44
2026/08/01,CHA061,GONDOLA,G28,NORMAL,1.00,1.25,120.00,120.00,1.44
2026/08/01,CHA061,GONDOLA,G29,NORMAL,1.00,1.25,120.00,120.00,1.44
2026/08/01,CHA061,GONDOLA,G30,NORMAL,1.00,1.25,90.00,120.00,1.08
2026/08/01,CHA061,GONDOLA,G31,NORMAL,1.00,1.25,90.00,120.00,1.08
2026/08/01,CHA061,GONDOLA,G32,NORMAL,1.00,1.25,120.00,120.00,1.44
2026/08/01,CHA061,GONDOLA,G33,NORMAL,1.00,1.25,120.00,120.00,1.44
2026/08/01,CHA061,GONDOLA,G34,NORMAL,1.00,1.25,120.00,120.00,1.44
2026/08/01,CHA061,GONDOLA,G35,NORMAL,1.00,1.25,120.00,120.00,1.44
2026/08/01,CHA061,GONDOLA,G36,NORMAL,1.00,1.25,120.00,120.00,1.44
2026/08/01,CHA061,GONDOLA,G37,NORMAL,1.00,1.25,120.00,120.00,1.44
2026/08/01,CHA061,GONDOLA,G38,NORMAL,1.00,1.25,90.00,120.00,1.08
2026/08/01,CHA061,TREE_PLAYDOH,T1,NORMAL,1.00,1.00,50.00,157.00,0.79
2026/08/01,CHA061,TREE_KEYCHAIN,T2,NORMAL,1.00,1.14,120.00,100.00,1.20
2026/08/01,CHA061,TREE_SIKU,T3,NORMAL,1.00,1.11,120.00,100.00,1.20
2026/08/01,CHA061,TREE_HW,T4,NORMAL,1.00,1.14,120.00,100.00,1.20
2026/08/01,CHA061,PALLET_DISPLAY,P1,NORMAL,1.00,1.25,400.00,100.00,4.00
2026/08/01,CHA061,PALLET_DISPLAY,P2,NORMAL,1.00,1.25,400.00,100.00,4.00
2026/08/01,CHA061,ISLAND_DISPLAY,IP1,PROMOTION,1.00,1.00,280.00,100.00,2.80
2026/08/01,CHA061,CASHIER_COUNTER,CC1,NORMAL,1.00,1.82,100.00,90.00,0.90
2026/08/01,CHA064,WALL_SHELF,W1,NORMAL,1.00,1.28,120.00,220.00,2.64
2026/08/01,CHA064,WALL_SHELF,W2,NORMAL,1.00,1.28,120.00,220.00,2.64
2026/08/01,CHA064,WALL_SHELF,W3,NORMAL,1.00,1.28,90.00,220.00,1.98
2026/08/01,CHA064,WALL_SHELF,W4,NORMAL,1.00,1.28,120.00,220.00,2.64
2026/08/01,CHA064,WALL_SHELF,W5,NORMAL,1.00,1.28,120.00,220.00,2.64
2026/08/01,CHA064,WALL_SHELF,W6,NORMAL,1.00,1.28,120.00,220.00,2.64
2026/08/01,CHA064,WALL_SHELF,W7,NORMAL,1.00,1.28,90.00,220.00,1.98
2026/08/01,CHA064,WALL_SHELF,W8,NORMAL,1.00,1.28,90.00,220.00,1.98
2026/08/01,CHA064,WALL_SHELF,W9,NORMAL,1.00,1.28,90.00,220.00,1.98
2026/08/01,CHA064,WALL_SHELF,W10,NORMAL,1.00,1.28,90.00,220.00,1.98
2026/08/01,CHA064,WALL_SHELF,W11,NORMAL,1.00,1.28,120.00,220.00,2.64
2026/08/01,CHA064,WALL_SHELF,W12,NORMAL,1.00,1.28,120.00,220.00,2.64
2026/08/01,CHA064,WALL_SHELF,W13,NORMAL,1.00,1.28,120.00,220.00,2.64
2026/08/01,CHA064,WALL_SHELF,W14,NORMAL,1.00,1.28,120.00,220.00,2.64
2026/08/01,CHA064,WALL_SHELF,W15,NORMAL,1.00,1.28,120.00,220.00,2.64
2026/08/01,CHA064,WALL_SHELF,W16,NORMAL,1.00,1.28,160.00,220.00,3.52
2026/08/01,CHA064,WALL_SHELF,W17,NORMAL,1.00,1.28,90.00,220.00,1.98
2026/08/01,CHA064,WALL_SHELF,W18,NORMAL,1.00,1.28,90.00,220.00,1.98
2026/08/01,CHA064,WALL_SHELF,W19,NORMAL,1.00,1.28,120.00,220.00,2.64
2026/08/01,CHA064,WALL_SHELF,W20,NORMAL,1.00,1.28,90.00,220.00,1.98
2026/08/01,CHA064,WALL_SHELF,W21,NORMAL,1.00,1.28,120.00,220.00,2.64
2026/08/01,CHA064,WALL_SHELF,W22,NORMAL,1.00,1.28,120.00,220.00,2.64
2026/08/01,CHA064,WALL_SHELF,W23,NORMAL,1.00,1.28,120.00,220.00,2.64
2026/08/01,CHA064,WALL_SHELF,W24,NORMAL,1.00,1.28,120.00,220.00,2.64
2026/08/01,CHA064,WALL_SHELF,W25,NORMAL,1.00,1.28,120.00,220.00,2.64
2026/08/01,CHA064,WALL_SHELF,W26,NORMAL,1.00,1.28,120.00,220.00,2.64
2026/08/01,CHA064,WALL_SHELF,W27,NORMAL,1.00,1.28,120.00,220.00,2.64
2026/08/01,CHA064,WALL_SHELF,W28,NORMAL,1.00,1.28,120.00,220.00,2.64
2026/08/01,CHA064,WALL_SHELF,W29,NORMAL,1.00,1.28,120.00,220.00,2.64
2026/08/01,CHA064,WALL_SHELF,W30,NORMAL,1.00,1.28,90.00,220.00,1.98
2026/08/01,CHA064,WALL_SHELF,W31,NORMAL,1.00,1.28,90.00,220.00,1.98
2026/08/01,CHA064,WALL_SHELF,W32,NORMAL,1.00,1.28,90.00,220.00,1.98
2026/08/01,CHA064,WALL_SHELF,W33,NORMAL,1.00,1.28,90.00,220.00,1.98
2026/08/01,CHA064,WALL_SHELF,W34,NORMAL,1.00,1.28,90.00,220.00,1.98
2026/08/01,CHA064,WALL_SHELF,W35,NORMAL,1.00,1.28,120.00,220.00,2.64
2026/08/01,CHA064,WALL_SHELF,W36,NORMAL,1.00,1.28,120.00,220.00,2.64
2026/08/01,CHA064,GONDOLA,G1,NORMAL,1.00,1.25,90.00,120.00,1.08
2026/08/01,CHA064,GONDOLA,G2,NORMAL,1.00,1.25,120.00,120.00,1.44
2026/08/01,CHA064,GONDOLA,G3,NORMAL,1.00,1.25,120.00,120.00,1.44
2026/08/01,CHA064,GONDOLA,G4,NORMAL,1.00,1.25,120.00,120.00,1.44
2026/08/01,CHA064,GONDOLA,G5,NORMAL,1.00,1.25,120.00,120.00,1.44
2026/08/01,CHA064,GONDOLA,G6,NORMAL,1.00,1.25,90.00,120.00,1.08
2026/08/01,CHA064,GONDOLA,G7,NORMAL,1.00,1.25,90.00,120.00,1.08
2026/08/01,CHA064,GONDOLA,G8,NORMAL,1.00,1.25,120.00,120.00,1.44
2026/08/01,CHA064,GONDOLA,G9,NORMAL,1.00,1.25,120.00,120.00,1.44
2026/08/01,CHA064,GONDOLA,G10,NORMAL,1.00,1.25,90.00,120.00,1.08
2026/08/01,CHA064,GONDOLA,GP11,HOT&NEW,1.00,1.25,90.00,120.00,1.08
2026/08/01,CHA064,GONDOLA,G12,NORMAL,1.00,1.25,120.00,120.00,1.44
2026/08/01,CHA064,GONDOLA,G13,NORMAL,1.00,1.25,120.00,120.00,1.44
2026/08/01,CHA064,GONDOLA,G14,NORMAL,1.00,1.25,120.00,120.00,1.44
2026/08/01,CHA064,GONDOLA,G15,NORMAL,1.00,1.25,120.00,120.00,1.44
2026/08/01,CHA064,GONDOLA,G16,NORMAL,1.00,1.25,90.00,120.00,1.08
2026/08/01,CHA064,GONDOLA,G17,NORMAL,1.00,1.25,90.00,120.00,1.08
2026/08/01,CHA064,GONDOLA,G18,NORMAL,1.00,1.25,120.00,120.00,1.44
2026/08/01,CHA064,GONDOLA,G19,NORMAL,1.00,1.25,120.00,120.00,1.44
2026/08/01,CHA064,GONDOLA,G20,NORMAL,1.00,1.25,90.00,120.00,1.08
2026/08/01,CHA064,GONDOLA,G21,NORMAL,1.00,1.25,90.00,120.00,1.08
2026/08/01,CHA064,GONDOLA,G22,NORMAL,1.00,1.25,120.00,120.00,1.44
2026/08/01,CHA064,GONDOLA,G23,NORMAL,1.00,1.25,120.00,120.00,1.44
2026/08/01,CHA064,GONDOLA,G24,NORMAL,1.00,1.25,90.00,120.00,1.08
2026/08/01,CHA064,GONDOLA,G25,NORMAL,1.00,1.25,90.00,120.00,1.08
2026/08/01,CHA064,GONDOLA,G26,NORMAL,1.00,1.25,120.00,120.00,1.44
2026/08/01,CHA064,GONDOLA,G27,NORMAL,1.00,1.25,120.00,120.00,1.44
2026/08/01,CHA064,GONDOLA,G28,NORMAL,1.00,1.25,90.00,120.00,1.08
2026/08/01,CHA064,GONDOLA,G29,NORMAL,1.00,1.25,90.00,120.00,1.08
2026/08/01,CHA064,GONDOLA,G30,NORMAL,1.00,1.25,120.00,120.00,1.44
2026/08/01,CHA064,GONDOLA,G31,NORMAL,1.00,1.25,120.00,120.00,1.44
2026/08/01,CHA064,GONDOLA,G32,NORMAL,1.00,1.25,90.00,120.00,1.08
2026/08/01,CHA064,TREE_HW,T1,NORMAL,1.00,1.14,120.00,100.00,1.20
2026/08/01,CHA064,TREE_PLAYDOH,T2,NORMAL,1.00,1.00,50.00,157.00,0.79
2026/08/01,CHA064,PALLET_DISPLAY,P1,NORMAL,1.00,1.25,400.00,100.00,4.00
2026/08/01,CHA064,PALLET_DISPLAY,P2,NORMAL,1.00,1.25,400.00,100.00,4.00
2026/08/01,CHA064,PALLET_DISPLAY,P3,NORMAL,1.00,1.25,400.00,100.00,4.00
2026/08/01,CHA064,PALLET_DISPLAY,P4,NORMAL,1.00,1.25,400.00,100.00,4.00
2026/08/01,CHA064,PALLET_DISPLAY,P5,NORMAL,1.00,1.25,400.00,100.00,4.00
2026/08/01,CHA064,PALLET_DISPLAY,P6,NORMAL,1.00,1.25,400.00,100.00,4.00
2026/08/01,CHA064,PALLET_DISPLAY,P7,NORMAL,1.00,1.25,400.00,100.00,4.00
2026/08/01,CHA064,WALL_SHELF,WH1,NORMAL,1.00,1.11,100.00,220.00,2.20
2026/08/01,CHA064,CASHIER_COUNTER,CC1,NORMAL,1.00,1.82,100.00,90.00,0.90
2026/08/01,CHA065,WALL_SHELF,W1,NORMAL,1.00,1.28,120.00,220.00,2.64
2026/08/01,CHA065,WALL_SHELF,W2,NORMAL,1.00,1.28,120.00,220.00,2.64
2026/08/01,CHA065,WALL_SHELF,W3,NORMAL,1.00,1.28,120.00,220.00,2.64
2026/08/01,CHA065,WALL_SHELF,W4,NORMAL,1.00,1.28,120.00,220.00,2.64
2026/08/01,CHA065,WALL_SHELF,W5,NORMAL,1.00,1.28,120.00,220.00,2.64
2026/08/01,CHA065,WALL_SHELF,W6,NORMAL,1.00,1.28,120.00,220.00,2.64
2026/08/01,CHA065,WALL_SHELF,W7,NORMAL,1.00,1.28,120.00,220.00,2.64
2026/08/01,CHA065,WALL_SHELF,W8,NORMAL,1.00,1.28,120.00,220.00,2.64
2026/08/01,CHA065,WALL_SHELF,W9,NORMAL,1.00,1.28,120.00,220.00,2.64
2026/08/01,CHA065,WALL_SHELF,W10,NORMAL,1.00,1.28,120.00,220.00,2.64
2026/08/01,CHA065,WALL_SHELF,W11,NORMAL,1.00,1.28,120.00,220.00,2.64
2026/08/01,CHA065,WALL_SHELF,W12,NORMAL,1.00,1.28,120.00,220.00,2.64
2026/08/01,CHA065,WALL_SHELF,W13,NORMAL,1.00,1.28,120.00,220.00,2.64
2026/08/01,CHA065,WALL_SHELF,W14,NORMAL,1.00,1.28,120.00,220.00,2.64
2026/08/01,CHA065,WALL_SHELF,W15,NORMAL,1.00,1.28,120.00,220.00,2.64
2026/08/01,CHA065,WALL_SHELF,W16,NORMAL,1.00,1.28,120.00,220.00,2.64
2026/08/01,CHA065,WALL_SHELF,W17,NORMAL,1.00,1.28,120.00,220.00,2.64
2026/08/01,CHA065,WALL_SHELF,W18,NORMAL,1.00,1.28,90.00,220.00,1.98
2026/08/01,CHA065,WALL_SHELF,W19,NORMAL,1.00,1.28,120.00,220.00,2.64
2026/08/01,CHA065,WALL_SHELF,W20,NORMAL,1.00,1.28,120.00,220.00,2.64
2026/08/01,CHA065,WALL_SHELF,W21,NORMAL,1.00,1.28,90.00,220.00,1.98
2026/08/01,CHA065,WALL_SHELF,W22,NORMAL,1.00,1.28,90.00,220.00,1.98
2026/08/01,CHA065,WALL_SHELF,W23,NORMAL,1.00,1.28,120.00,220.00,2.64
2026/08/01,CHA065,WALL_SHELF,W24,NORMAL,1.00,1.28,120.00,220.00,2.64
2026/08/01,CHA065,WALL_SHELF,W25,NORMAL,1.00,1.28,120.00,220.00,2.64
2026/08/01,CHA065,WALL_SHELF,W26,NORMAL,1.00,1.28,120.00,220.00,2.64
2026/08/01,CHA065,WALL_SHELF,W27,NORMAL,1.00,1.28,120.00,220.00,2.64
2026/08/01,CHA065,WALL_SHELF,W28,NORMAL,1.00,1.28,120.00,220.00,2.64
2026/08/01,CHA065,WALL_SHELF,W29,NORMAL,1.00,1.28,120.00,220.00,2.64
2026/08/01,CHA065,WALL_SHELF,W30,NORMAL,1.00,1.28,120.00,220.00,2.64
2026/08/01,CHA065,WALL_SHELF,W31,NORMAL,1.00,1.28,120.00,220.00,2.64
2026/08/01,CHA065,WALL_SHELF,W32,NORMAL,1.00,1.28,120.00,220.00,2.64
2026/08/01,CHA065,WALL_SHELF,W33,NORMAL,1.00,1.28,120.00,220.00,2.64
2026/08/01,CHA065,WALL_SHELF,W34,NORMAL,1.00,1.28,120.00,220.00,2.64
2026/08/01,CHA065,WALL_SHELF,W35,NORMAL,1.00,1.28,120.00,220.00,2.64
2026/08/01,CHA065,WALL_SHELF,W36,NORMAL,1.00,1.28,120.00,220.00,2.64
2026/08/01,CHA065,WALL_SHELF,W37,NORMAL,1.00,1.28,120.00,220.00,2.64
2026/08/01,CHA065,WALL_SHELF,W38,NORMAL,1.00,1.28,120.00,220.00,2.64
2026/08/01,CHA065,WALL_SHELF,W39,NORMAL,1.00,1.28,120.00,220.00,2.64
2026/08/01,CHA065,GONDOLA,GP1,HOT&NEW,1.00,1.25,90.00,120.00,1.08
2026/08/01,CHA065,GONDOLA,GP2,HOT&NEW,1.00,1.25,90.00,120.00,1.08
2026/08/01,CHA065,GONDOLA,G3,NORMAL,1.00,1.25,90.00,120.00,1.08
2026/08/01,CHA065,GONDOLA,G4,NORMAL,1.00,1.25,120.00,120.00,1.44
2026/08/01,CHA065,GONDOLA,G5,NORMAL,1.00,1.25,120.00,120.00,1.44
2026/08/01,CHA065,GONDOLA,G6,NORMAL,1.00,1.25,120.00,120.00,1.44
2026/08/01,CHA065,GONDOLA,G7,NORMAL,1.00,1.25,120.00,120.00,1.44
2026/08/01,CHA065,GONDOLA,G8,NORMAL,1.00,1.25,90.00,120.00,1.08
2026/08/01,CHA065,GONDOLA,G9,NORMAL,1.00,1.25,90.00,120.00,1.08
2026/08/01,CHA065,GONDOLA,G10,NORMAL,1.00,1.25,120.00,120.00,1.44
2026/08/01,CHA065,GONDOLA,G11,NORMAL,1.00,1.25,120.00,120.00,1.44
2026/08/01,CHA065,GONDOLA,G12,NORMAL,1.00,1.25,120.00,120.00,1.44
2026/08/01,CHA065,GONDOLA,G13,NORMAL,1.00,1.25,120.00,120.00,1.44
2026/08/01,CHA065,GONDOLA,G14,NORMAL,1.00,1.25,90.00,120.00,1.08
2026/08/01,CHA065,GONDOLA,G15,NORMAL,1.00,1.25,90.00,120.00,1.08
2026/08/01,CHA065,GONDOLA,G16,NORMAL,1.00,1.25,120.00,120.00,1.44
2026/08/01,CHA065,GONDOLA,G17,NORMAL,1.00,1.25,120.00,120.00,1.44
2026/08/01,CHA065,GONDOLA,G18,NORMAL,1.00,1.25,90.00,120.00,1.08
2026/08/01,CHA065,GONDOLA,G19,NORMAL,1.00,1.25,90.00,120.00,1.08
2026/08/01,CHA065,GONDOLA,G20,NORMAL,1.00,1.25,120.00,120.00,1.44
2026/08/01,CHA065,GONDOLA,G21,NORMAL,1.00,1.25,120.00,120.00,1.44
2026/08/01,CHA065,GONDOLA,G22,NORMAL,1.00,1.25,120.00,120.00,1.44
2026/08/01,CHA065,GONDOLA,G23,NORMAL,1.00,1.25,120.00,120.00,1.44
2026/08/01,CHA065,GONDOLA,G24,NORMAL,1.00,1.25,90.00,120.00,1.08
2026/08/01,CHA065,GONDOLA,G25,NORMAL,1.00,1.25,90.00,120.00,1.08
2026/08/01,CHA065,GONDOLA,G26,NORMAL,1.00,1.25,120.00,120.00,1.44
2026/08/01,CHA065,GONDOLA,G27,NORMAL,1.00,1.25,120.00,120.00,1.44
2026/08/01,CHA065,GONDOLA,G28,NORMAL,1.00,1.25,120.00,120.00,1.44
2026/08/01,CHA065,GONDOLA,G29,NORMAL,1.00,1.25,120.00,120.00,1.44
2026/08/01,CHA065,GONDOLA,G30,NORMAL,1.00,1.25,90.00,120.00,1.08
2026/08/01,CHA065,GONDOLA,G31,NORMAL,1.00,1.25,90.00,120.00,1.08
2026/08/01,CHA065,GONDOLA,G32,NORMAL,1.00,1.25,120.00,120.00,1.44
2026/08/01,CHA065,GONDOLA,G33,NORMAL,1.00,1.25,120.00,120.00,1.44
2026/08/01,CHA065,GONDOLA,G34,NORMAL,1.00,1.25,120.00,120.00,1.44
2026/08/01,CHA065,GONDOLA,G35,NORMAL,1.00,1.25,120.00,120.00,1.44
2026/08/01,CHA065,GONDOLA,G36,NORMAL,1.00,1.25,90.00,120.00,1.08
2026/08/01,CHA065,GONDOLA,G37,NORMAL,1.00,1.25,90.00,120.00,1.08
2026/08/01,CHA065,GONDOLA,G38,NORMAL,1.00,1.25,120.00,120.00,1.44
2026/08/01,CHA065,GONDOLA,G39,NORMAL,1.00,1.25,120.00,120.00,1.44
2026/08/01,CHA065,GONDOLA,G40,NORMAL,1.00,1.25,90.00,120.00,1.08
2026/08/01,CHA065,GONDOLA,G41,NORMAL,1.00,1.25,90.00,120.00,1.08
2026/08/01,CHA065,GONDOLA,G42,NORMAL,1.00,1.25,120.00,120.00,1.44
2026/08/01,CHA065,GONDOLA,G43,NORMAL,1.00,1.25,120.00,120.00,1.44
2026/08/01,CHA065,GONDOLA,G44,NORMAL,1.00,1.25,120.00,120.00,1.44
2026/08/01,CHA065,GONDOLA,G45,NORMAL,1.00,1.25,120.00,120.00,1.44
2026/08/01,CHA065,GONDOLA,G46,NORMAL,1.00,1.25,90.00,120.00,1.08
2026/08/01,CHA065,GONDOLA,G47,NORMAL,1.00,1.25,90.00,120.00,1.08
2026/08/01,CHA065,GONDOLA,G48,NORMAL,1.00,1.25,120.00,120.00,1.44
2026/08/01,CHA065,GONDOLA,G49,NORMAL,1.00,1.25,120.00,120.00,1.44
2026/08/01,CHA065,GONDOLA,G50,NORMAL,1.00,1.25,120.00,120.00,1.44
2026/08/01,CHA065,GONDOLA,G51,NORMAL,1.00,1.25,120.00,120.00,1.44
2026/08/01,CHA065,GONDOLA,G52,NORMAL,1.00,1.25,90.00,120.00,1.08
2026/08/01,CHA065,GONDOLA,G53,NORMAL,1.00,1.25,90.00,120.00,1.08
2026/08/01,CHA065,GONDOLA,G54,NORMAL,1.00,1.25,120.00,120.00,1.44
2026/08/01,CHA065,GONDOLA,G55,NORMAL,1.00,1.25,120.00,120.00,1.44
2026/08/01,CHA065,GONDOLA,G56,NORMAL,1.00,1.25,90.00,120.00,1.08
2026/08/01,CHA065,GONDOLA,G57,NORMAL,1.00,1.25,90.00,120.00,1.08
2026/08/01,CHA065,GONDOLA,G58,NORMAL,1.00,1.25,120.00,120.00,1.44
2026/08/01,CHA065,GONDOLA,G59,NORMAL,1.00,1.25,120.00,120.00,1.44
2026/08/01,CHA065,GONDOLA,G60,NORMAL,1.00,1.25,120.00,120.00,1.44
2026/08/01,CHA065,GONDOLA,G61,NORMAL,1.00,1.25,120.00,120.00,1.44
2026/08/01,CHA065,GONDOLA,G62,NORMAL,1.00,1.25,90.00,120.00,1.08
2026/08/01,CHA065,TREE_HW,T1,NORMAL,1.00,1.14,120.00,100.00,1.20
2026/08/01,CHA065,TREE_SIKU,T2,NORMAL,1.00,1.11,120.00,100.00,1.20
2026/08/01,CHA065,TREE_PLAYDOH,T3,NORMAL,1.00,1.00,50.00,157.00,0.79
2026/08/01,CHA065,PALLET_DISPLAY,P1,NORMAL,1.00,1.25,400.00,100.00,4.00
2026/08/01,CHA065,PALLET_DISPLAY,P2,NORMAL,1.00,1.25,400.00,100.00,4.00
2026/08/01,CHA065,PALLET_DISPLAY,P3,NORMAL,1.00,1.25,400.00,100.00,4.00
2026/08/01,CHA065,ISLAND_DISPLAY,IP1,PROMOTION,1.00,1.00,280.00,100.00,2.80
2026/08/01,CHA065,CASHIER_COUNTER,CC1,NORMAL,1.00,1.82,100.00,90.00,0.90
2026/08/01,CHA066,WALL_SHELF,W1,NORMAL,1.00,1.28,120.00,220.00,2.64
2026/08/01,CHA066,WALL_SHELF,W2,NORMAL,1.00,1.28,120.00,220.00,2.64
2026/08/01,CHA066,WALL_SHELF,W3,NORMAL,1.00,1.28,90.00,220.00,1.98
2026/08/01,CHA066,WALL_SHELF,W4,NORMAL,1.00,1.28,90.00,220.00,1.98
2026/08/01,CHA066,WALL_SHELF,W5,NORMAL,1.00,1.28,120.00,220.00,2.64
2026/08/01,CHA066,WALL_SHELF,W6,NORMAL,1.00,1.28,120.00,220.00,2.64
2026/08/01,CHA066,WALL_SHELF,W7,NORMAL,1.00,1.28,120.00,220.00,2.64
2026/08/01,CHA066,WALL_SHELF,W8,NORMAL,1.00,1.28,90.00,220.00,1.98
2026/08/01,CHA066,WALL_SHELF,W9,NORMAL,1.00,1.28,90.00,220.00,1.98
2026/08/01,CHA066,WALL_SHELF,W10,NORMAL,1.00,1.28,120.00,220.00,2.64
2026/08/01,CHA066,WALL_SHELF,W11,NORMAL,1.00,1.28,120.00,220.00,2.64
2026/08/01,CHA066,WALL_SHELF,W12,NORMAL,1.00,1.28,120.00,220.00,2.64
2026/08/01,CHA066,WALL_SHELF,W13,NORMAL,1.00,1.28,120.00,220.00,2.64
2026/08/01,CHA066,WALL_SHELF,W14,NORMAL,1.00,1.28,90.00,220.00,1.98
2026/08/01,CHA066,WALL_SHELF,W15,NORMAL,1.00,1.28,90.00,220.00,1.98
2026/08/01,CHA066,WALL_SHELF,W16,NORMAL,1.00,1.28,90.00,220.00,1.98
2026/08/01,CHA066,WALL_SHELF,W17,NORMAL,1.00,1.28,120.00,220.00,2.64
2026/08/01,CHA066,WALL_SHELF,W18,NORMAL,1.00,1.28,120.00,220.00,2.64
2026/08/01,CHA066,WALL_SHELF,W19,NORMAL,1.00,1.28,120.00,220.00,2.64
2026/08/01,CHA066,WALL_SHELF,W20,NORMAL,1.00,1.28,120.00,220.00,2.64
2026/08/01,CHA066,WALL_SHELF,W21,NORMAL,1.00,1.28,120.00,220.00,2.64
2026/08/01,CHA066,WALL_SHELF,W22,NORMAL,1.00,1.28,120.00,220.00,2.64
2026/08/01,CHA066,WALL_SHELF,W23,NORMAL,1.00,1.28,90.00,220.00,1.98
2026/08/01,CHA066,WALL_SHELF,W24,NORMAL,1.00,1.28,90.00,220.00,1.98
2026/08/01,CHA066,WALL_SHELF,W25,NORMAL,1.00,1.28,120.00,220.00,2.64
2026/08/01,CHA066,WALL_SHELF,W26,NORMAL,1.00,1.28,120.00,220.00,2.64
2026/08/01,CHA066,WALL_SHELF,W27,NORMAL,1.00,1.28,120.00,220.00,2.64
2026/08/01,CHA066,WALL_SHELF,W28,NORMAL,1.00,1.28,120.00,220.00,2.64
2026/08/01,CHA066,GONDOLA,GP1,HOT&NEW,1.00,1.25,90.00,120.00,1.08
2026/08/01,CHA066,GONDOLA,GP2,HOT&NEW,1.00,1.25,90.00,120.00,1.08
2026/08/01,CHA066,GONDOLA,G3,NORMAL,1.00,1.25,90.00,120.00,1.08
2026/08/01,CHA066,GONDOLA,G4,NORMAL,1.00,1.25,120.00,120.00,1.44
2026/08/01,CHA066,GONDOLA,G5,NORMAL,1.00,1.25,120.00,120.00,1.44
2026/08/01,CHA066,GONDOLA,G6,NORMAL,1.00,1.25,120.00,120.00,1.44
2026/08/01,CHA066,GONDOLA,G7,NORMAL,1.00,1.25,120.00,120.00,1.44
2026/08/01,CHA066,GONDOLA,G8,NORMAL,1.00,1.25,90.00,120.00,1.08
2026/08/01,CHA066,GONDOLA,G9,NORMAL,1.00,1.25,90.00,120.00,1.08
2026/08/01,CHA066,GONDOLA,G10,NORMAL,1.00,1.25,120.00,120.00,1.44
2026/08/01,CHA066,GONDOLA,G11,NORMAL,1.00,1.25,120.00,120.00,1.44
2026/08/01,CHA066,GONDOLA,G12,NORMAL,1.00,1.25,120.00,120.00,1.44
2026/08/01,CHA066,GONDOLA,G13,NORMAL,1.00,1.25,120.00,120.00,1.44
2026/08/01,CHA066,GONDOLA,G14,NORMAL,1.00,1.25,120.00,120.00,1.44
2026/08/01,CHA066,GONDOLA,G15,NORMAL,1.00,1.25,120.00,120.00,1.44
2026/08/01,CHA066,GONDOLA,G16,NORMAL,1.00,1.25,90.00,120.00,1.08
2026/08/01,CHA066,TREE_PLAYDOH,T1,NORMAL,1.00,1.00,50.00,157.00,0.79
2026/08/01,CHA066,TREE_HW,T2,NORMAL,1.00,1.14,120.00,100.00,1.20
2026/08/01,CHA066,TREE_SIKU,T3,NORMAL,1.00,1.11,120.00,100.00,1.20
2026/08/01,CHA066,PALLET_DISPLAY,P1,NORMAL,1.00,1.25,400.00,100.00,4.00
2026/08/01,CHA066,PALLET_DISPLAY,P2,NORMAL,1.00,1.25,400.00,100.00,4.00
2026/08/01,CHA066,CASHIER_COUNTER,CC1,NORMAL,1.00,1.82,100.00,90.00,0.90
2026/08/01,CHA067,WALL_SHELF,W1,NORMAL,1.00,1.28,120.00,220.00,2.64
2026/08/01,CHA067,WALL_SHELF,W2,NORMAL,1.00,1.28,90.00,220.00,1.98
2026/08/01,CHA067,WALL_SHELF,W3,NORMAL,1.00,1.28,120.00,220.00,2.64
2026/08/01,CHA067,WALL_SHELF,W4,NORMAL,1.00,1.28,120.00,220.00,2.64
2026/08/01,CHA067,WALL_SHELF,W5,NORMAL,1.00,1.28,120.00,220.00,2.64
2026/08/01,CHA067,WALL_SHELF,W6,NORMAL,1.00,1.28,120.00,220.00,2.64
2026/08/01,CHA067,WALL_SHELF,W7,NORMAL,1.00,1.28,120.00,220.00,2.64
2026/08/01,CHA067,WALL_SHELF,W8,NORMAL,1.00,1.28,120.00,220.00,2.64
2026/08/01,CHA067,WALL_SHELF,W9,NORMAL,1.00,1.28,120.00,220.00,2.64
2026/08/01,CHA067,WALL_SHELF,W10,NORMAL,1.00,1.28,120.00,220.00,2.64
2026/08/01,CHA067,WALL_SHELF,W11,NORMAL,1.00,1.28,120.00,220.00,2.64
2026/08/01,CHA067,WALL_SHELF,W12,NORMAL,1.00,1.28,120.00,220.00,2.64
2026/08/01,CHA067,WALL_SHELF,W13,NORMAL,1.00,1.28,120.00,220.00,2.64
2026/08/01,CHA067,WALL_SHELF,W14,NORMAL,1.00,1.28,120.00,220.00,2.64
2026/08/01,CHA067,WALL_SHELF,W15,NORMAL,1.00,1.28,120.00,220.00,2.64
2026/08/01,CHA067,WALL_SHELF,W16,NORMAL,1.00,1.28,120.00,220.00,2.64
2026/08/01,CHA067,WALL_SHELF,W17,NORMAL,1.00,1.28,120.00,220.00,2.64
2026/08/01,CHA067,WALL_SHELF,W18,NORMAL,1.00,1.28,120.00,220.00,2.64
2026/08/01,CHA067,WALL_SHELF,W19,NORMAL,1.00,1.28,120.00,220.00,2.64
2026/08/01,CHA067,WALL_SHELF,W20,NORMAL,1.00,1.28,120.00,220.00,2.64
2026/08/01,CHA067,WALL_SHELF,W21,NORMAL,1.00,1.28,120.00,220.00,2.64
2026/08/01,CHA067,WALL_SHELF,W22,NORMAL,1.00,1.28,120.00,220.00,2.64
2026/08/01,CHA067,WALL_SHELF,W23,NORMAL,1.00,1.28,120.00,220.00,2.64
2026/08/01,CHA067,WALL_SHELF,W24,NORMAL,1.00,1.28,120.00,220.00,2.64
2026/08/01,CHA067,WALL_SHELF,W25,NORMAL,1.00,1.28,120.00,220.00,2.64
2026/08/01,CHA067,WALL_SHELF,W26,NORMAL,1.00,1.28,120.00,220.00,2.64
2026/08/01,CHA067,WALL_SHELF,W27,NORMAL,1.00,1.28,120.00,220.00,2.64
2026/08/01,CHA067,WALL_SHELF,W28,NORMAL,1.00,1.28,120.00,220.00,2.64
2026/08/01,CHA067,WALL_SHELF,W29,NORMAL,1.00,1.28,120.00,220.00,2.64
2026/08/01,CHA067,WALL_SHELF,W30,NORMAL,1.00,1.28,120.00,220.00,2.64
2026/08/01,CHA067,WALL_SHELF,W31,NORMAL,1.00,1.28,120.00,220.00,2.64
2026/08/01,CHA067,WALL_SHELF,W32,NORMAL,1.00,1.28,120.00,220.00,2.64
2026/08/01,CHA067,WALL_SHELF,W33,NORMAL,1.00,1.28,120.00,220.00,2.64
2026/08/01,CHA067,WALL_SHELF,W34,NORMAL,1.00,1.28,120.00,220.00,2.64
2026/08/01,CHA067,GONDOLA,G1,NORMAL,1.00,1.25,180.00,120.00,2.16
2026/08/01,CHA067,GONDOLA,G2,NORMAL,1.00,1.25,180.00,120.00,2.16
2026/08/01,CHA067,GONDOLA,G3,NORMAL,1.00,1.25,90.00,120.00,1.08
2026/08/01,CHA067,GONDOLA,G4,NORMAL,1.00,1.25,120.00,120.00,1.44
2026/08/01,CHA067,GONDOLA,G5,NORMAL,1.00,1.25,120.00,120.00,1.44
2026/08/01,CHA067,GONDOLA,G6,NORMAL,1.00,1.25,90.00,120.00,1.08
2026/08/01,CHA067,GONDOLA,G7,NORMAL,1.00,1.25,90.00,120.00,1.08
2026/08/01,CHA067,GONDOLA,G8,NORMAL,1.00,1.25,120.00,120.00,1.44
2026/08/01,CHA067,GONDOLA,G9,NORMAL,1.00,1.25,120.00,120.00,1.44
2026/08/01,CHA067,GONDOLA,G10,NORMAL,1.00,1.25,120.00,120.00,1.44
2026/08/01,CHA067,GONDOLA,G11,NORMAL,1.00,1.25,120.00,120.00,1.44
2026/08/01,CHA067,GONDOLA,G12,NORMAL,1.00,1.25,90.00,120.00,1.08
2026/08/01,CHA067,GONDOLA,G13,NORMAL,1.00,1.25,90.00,120.00,1.08
2026/08/01,CHA067,GONDOLA,G14,NORMAL,1.00,1.25,120.00,120.00,1.44
2026/08/01,CHA067,GONDOLA,G15,NORMAL,1.00,1.25,120.00,120.00,1.44
2026/08/01,CHA067,GONDOLA,G16,NORMAL,1.00,1.25,120.00,120.00,1.44
2026/08/01,CHA067,GONDOLA,G17,NORMAL,1.00,1.25,120.00,120.00,1.44
2026/08/01,CHA067,GONDOLA,G18,NORMAL,1.00,1.25,90.00,120.00,1.08
2026/08/01,CHA067,GONDOLA,GP19,HOT&NEW,1.00,1.25,90.00,120.00,1.08
2026/08/01,CHA067,GONDOLA,GP20,HOT&NEW,1.00,1.25,90.00,120.00,1.08
2026/08/01,CHA067,GONDOLA,G21,NORMAL,1.00,1.25,90.00,120.00,1.08
2026/08/01,CHA067,GONDOLA,G22,NORMAL,1.00,1.25,120.00,120.00,1.44
2026/08/01,CHA067,GONDOLA,G23,NORMAL,1.00,1.25,120.00,120.00,1.44
2026/08/01,CHA067,GONDOLA,G24,NORMAL,1.00,1.25,120.00,120.00,1.44
2026/08/01,CHA067,GONDOLA,G25,NORMAL,1.00,1.25,120.00,120.00,1.44
2026/08/01,CHA067,GONDOLA,G26,NORMAL,1.00,1.25,90.00,120.00,1.08
2026/08/01,CHA067,GONDOLA,G27,NORMAL,1.00,1.25,90.00,120.00,1.08
2026/08/01,CHA067,GONDOLA,G28,NORMAL,1.00,1.25,120.00,120.00,1.44
2026/08/01,CHA067,GONDOLA,G29,NORMAL,1.00,1.25,120.00,120.00,1.44
2026/08/01,CHA067,GONDOLA,G30,NORMAL,1.00,1.25,120.00,120.00,1.44
2026/08/01,CHA067,GONDOLA,G31,NORMAL,1.00,1.25,120.00,120.00,1.44
2026/08/01,CHA067,GONDOLA,G32,NORMAL,1.00,1.25,90.00,120.00,1.08
2026/08/01,CHA067,GONDOLA,G33,NORMAL,1.00,1.25,90.00,120.00,1.08
2026/08/01,CHA067,GONDOLA,G34,NORMAL,1.00,1.25,120.00,120.00,1.44
2026/08/01,CHA067,GONDOLA,G35,NORMAL,1.00,1.25,120.00,120.00,1.44
2026/08/01,CHA067,GONDOLA,G36,NORMAL,1.00,1.25,90.00,120.00,1.08
2026/08/01,CHA067,GONDOLA,G37,NORMAL,1.00,1.25,90.00,120.00,1.08
2026/08/01,CHA067,GONDOLA,G38,NORMAL,1.00,1.25,120.00,120.00,1.44
2026/08/01,CHA067,GONDOLA,G39,NORMAL,1.00,1.25,120.00,120.00,1.44
2026/08/01,CHA067,GONDOLA,G40,NORMAL,1.00,1.25,120.00,120.00,1.44
2026/08/01,CHA067,GONDOLA,G41,NORMAL,1.00,1.25,120.00,120.00,1.44
2026/08/01,CHA067,GONDOLA,G42,NORMAL,1.00,1.25,90.00,120.00,1.08
2026/08/01,CHA067,GONDOLA,G43,NORMAL,1.00,1.25,90.00,120.00,1.08
2026/08/01,CHA067,GONDOLA,G44,NORMAL,1.00,1.25,120.00,120.00,1.44
2026/08/01,CHA067,GONDOLA,G45,NORMAL,1.00,1.25,120.00,120.00,1.44
2026/08/01,CHA067,GONDOLA,G46,NORMAL,1.00,1.25,120.00,120.00,1.44
2026/08/01,CHA067,GONDOLA,G47,NORMAL,1.00,1.25,120.00,120.00,1.44
2026/08/01,CHA067,GONDOLA,G48,NORMAL,1.00,1.25,90.00,120.00,1.08
2026/08/01,CHA067,GONDOLA,G49,NORMAL,1.00,1.25,90.00,120.00,1.08
2026/08/01,CHA067,GONDOLA,G50,NORMAL,1.00,1.25,120.00,120.00,1.44
2026/08/01,CHA067,GONDOLA,G51,NORMAL,1.00,1.25,120.00,120.00,1.44
2026/08/01,CHA067,GONDOLA,G52,NORMAL,1.00,1.25,120.00,120.00,1.44
2026/08/01,CHA067,GONDOLA,G53,NORMAL,1.00,1.25,120.00,120.00,1.44
2026/08/01,CHA067,GONDOLA,G54,NORMAL,1.00,1.25,90.00,120.00,1.08
2026/08/01,CHA067,TREE_KEYCHAIN,T1,NORMAL,1.00,1.14,120.00,100.00,1.20
2026/08/01,CHA067,TREE_HW,T2,NORMAL,1.00,1.14,120.00,100.00,1.20
2026/08/01,CHA067,TREE_PLAYDOH,T3,NORMAL,1.00,1.00,50.00,157.00,0.79
2026/08/01,CHA067,TREE_SIKU,T4,NORMAL,1.00,1.11,120.00,100.00,1.20
2026/08/01,CHA067,PALLET_DISPLAY,P1,NORMAL,1.00,1.25,400.00,100.00,4.00
2026/08/01,CHA067,PALLET_DISPLAY,P2,NORMAL,1.00,1.25,400.00,100.00,4.00
2026/08/01,CHA067,PALLET_DISPLAY,P3,NORMAL,1.00,1.25,400.00,100.00,4.00
2026/08/01,CHA067,ISLAND_DISPLAY,IP1,PROMOTION,1.00,1.00,280.00,100.00,2.80
2026/08/01,CHA067,CASHIER_COUNTER,CC1,NORMAL,1.00,1.82,100.00,90.00,0.90
2026/08/01,CHA070,WALL_SHELF,W1,NORMAL,1.00,1.28,120.00,220.00,2.64
2026/08/01,CHA070,WALL_SHELF,W2,NORMAL,1.00,1.28,120.00,220.00,2.64
2026/08/01,CHA070,WALL_SHELF,W3,NORMAL,1.00,1.28,120.00,220.00,2.64
2026/08/01,CHA070,WALL_SHELF,W4,NORMAL,1.00,1.28,120.00,220.00,2.64
2026/08/01,CHA070,WALL_SHELF,W5,NORMAL,1.00,1.28,120.00,220.00,2.64
2026/08/01,CHA070,WALL_SHELF,W6,NORMAL,1.00,1.28,120.00,220.00,2.64
2026/08/01,CHA070,WALL_SHELF,W7,NORMAL,1.00,1.28,120.00,220.00,2.64
2026/08/01,CHA070,WALL_SHELF,W8,NORMAL,1.00,1.28,120.00,220.00,2.64
2026/08/01,CHA070,WALL_SHELF,W9,NORMAL,1.00,1.28,120.00,220.00,2.64
2026/08/01,CHA070,WALL_SHELF,W10,NORMAL,1.00,1.28,120.00,220.00,2.64
2026/08/01,CHA070,WALL_SHELF,W11,NORMAL,1.00,1.28,120.00,220.00,2.64
2026/08/01,CHA070,WALL_SHELF,W12,NORMAL,1.00,1.28,120.00,220.00,2.64
2026/08/01,CHA070,WALL_SHELF,W13,NORMAL,1.00,1.28,120.00,220.00,2.64
2026/08/01,CHA070,WALL_SHELF,W14,NORMAL,1.00,1.28,120.00,220.00,2.64
2026/08/01,CHA070,WALL_SHELF,W15,NORMAL,1.00,1.28,120.00,220.00,2.64
2026/08/01,CHA070,WALL_SHELF,W16,NORMAL,1.00,1.28,120.00,220.00,2.64
2026/08/01,CHA070,WALL_SHELF,W17,NORMAL,1.00,1.28,90.00,220.00,1.98
2026/08/01,CHA070,WALL_SHELF,W18,NORMAL,1.00,1.28,90.00,220.00,1.98
2026/08/01,CHA070,WALL_SHELF,W19,NORMAL,1.00,1.28,120.00,220.00,2.64
2026/08/01,CHA070,WALL_SHELF,W20,NORMAL,1.00,1.28,120.00,220.00,2.64
2026/08/01,CHA070,WALL_SHELF,W21,NORMAL,1.00,1.28,90.00,220.00,1.98
2026/08/01,CHA070,WALL_SHELF,W22,NORMAL,1.00,1.28,120.00,220.00,2.64
2026/08/01,CHA070,WALL_SHELF,W23,NORMAL,1.00,1.28,120.00,220.00,2.64
2026/08/01,CHA070,WALL_SHELF,W24,NORMAL,1.00,1.28,120.00,220.00,2.64
2026/08/01,CHA070,WALL_SHELF,W25,NORMAL,1.00,1.28,120.00,220.00,2.64
2026/08/01,CHA070,WALL_SHELF,W26,NORMAL,1.00,1.28,120.00,220.00,2.64
2026/08/01,CHA070,WALL_SHELF,W27,NORMAL,1.00,1.28,120.00,220.00,2.64
2026/08/01,CHA070,WALL_SHELF,W28,NORMAL,1.00,1.28,120.00,220.00,2.64
2026/08/01,CHA070,WALL_SHELF,W29,NORMAL,1.00,1.28,120.00,220.00,2.64
2026/08/01,CHA070,WALL_SHELF,W30,NORMAL,1.00,1.28,120.00,220.00,2.64
2026/08/01,CHA070,WALL_SHELF,W31,NORMAL,1.00,1.28,120.00,220.00,2.64
2026/08/01,CHA070,WALL_SHELF,W32,NORMAL,1.00,1.28,120.00,220.00,2.64
2026/08/01,CHA070,WALL_SHELF,W33,NORMAL,1.00,1.28,120.00,220.00,2.64
2026/08/01,CHA070,WALL_SHELF,W34,NORMAL,1.00,1.28,120.00,220.00,2.64
2026/08/01,CHA070,WALL_SHELF,W35,NORMAL,1.00,1.28,120.00,220.00,2.64
2026/08/01,CHA070,WALL_SHELF,W36,NORMAL,1.00,1.28,120.00,220.00,2.64
2026/08/01,CHA070,WALL_SHELF,W37,NORMAL,1.00,1.28,120.00,220.00,2.64
2026/08/01,CHA070,WALL_SHELF,W38,NORMAL,1.00,1.28,120.00,220.00,2.64
2026/08/01,CHA070,WALL_SHELF,W39,NORMAL,1.00,1.28,120.00,220.00,2.64
2026/08/01,CHA070,WALL_SHELF,W40,NORMAL,1.00,1.28,180.00,220.00,3.96
2026/08/01,CHA070,GONDOLA,G1,NORMAL,1.00,1.25,90.00,120.00,1.08
2026/08/01,CHA070,GONDOLA,G2,NORMAL,1.00,1.25,120.00,120.00,1.44
2026/08/01,CHA070,GONDOLA,G3,NORMAL,1.00,1.25,120.00,120.00,1.44
2026/08/01,CHA070,GONDOLA,G4,NORMAL,1.00,1.25,90.00,120.00,1.08
2026/08/01,CHA070,GONDOLA,G5,NORMAL,1.00,1.25,90.00,120.00,1.08
2026/08/01,CHA070,GONDOLA,G6,NORMAL,1.00,1.25,120.00,120.00,1.44
2026/08/01,CHA070,GONDOLA,G7,NORMAL,1.00,1.25,120.00,120.00,1.44
2026/08/01,CHA070,GONDOLA,G8,NORMAL,1.00,1.25,120.00,120.00,1.44
2026/08/01,CHA070,GONDOLA,G9,NORMAL,1.00,1.25,120.00,120.00,1.44
2026/08/01,CHA070,GONDOLA,G10,NORMAL,1.00,1.25,90.00,120.00,1.08
2026/08/01,CHA070,GONDOLA,G11,NORMAL,1.00,1.25,90.00,120.00,1.08
2026/08/01,CHA070,GONDOLA,G12,NORMAL,1.00,1.25,120.00,120.00,1.44
2026/08/01,CHA070,GONDOLA,G13,NORMAL,1.00,1.25,120.00,120.00,1.44
2026/08/01,CHA070,GONDOLA,G14,NORMAL,1.00,1.25,120.00,120.00,1.44
2026/08/01,CHA070,GONDOLA,G15,NORMAL,1.00,1.25,120.00,120.00,1.44
2026/08/01,CHA070,GONDOLA,G16,NORMAL,1.00,1.25,90.00,120.00,1.08
2026/08/01,CHA070,GONDOLA,G17,NORMAL,1.00,1.25,90.00,120.00,1.08
2026/08/01,CHA070,GONDOLA,G18,NORMAL,1.00,1.25,120.00,120.00,1.44
2026/08/01,CHA070,GONDOLA,G19,NORMAL,1.00,1.25,120.00,120.00,1.44
2026/08/01,CHA070,GONDOLA,G20,NORMAL,1.00,1.25,120.00,120.00,1.44
2026/08/01,CHA070,GONDOLA,G21,NORMAL,1.00,1.25,120.00,120.00,1.44
2026/08/01,CHA070,GONDOLA,G22,NORMAL,1.00,1.25,80.00,120.00,0.96
2026/08/01,CHA070,GONDOLA,GP23,HOT&NEW,1.00,1.25,90.00,120.00,1.08
2026/08/01,CHA070,GONDOLA,GP24,HOT&NEW,1.00,1.25,120.00,120.00,1.44
2026/08/01,CHA070,GONDOLA,G25,NORMAL,1.00,1.25,80.00,120.00,0.96
2026/08/01,CHA070,GONDOLA,G26,NORMAL,1.00,1.25,120.00,120.00,1.44
2026/08/01,CHA070,GONDOLA,G27,NORMAL,1.00,1.25,120.00,120.00,1.44
2026/08/01,CHA070,GONDOLA,G28,NORMAL,1.00,1.25,120.00,120.00,1.44
2026/08/01,CHA070,GONDOLA,G29,NORMAL,1.00,1.25,120.00,120.00,1.44
2026/08/01,CHA070,GONDOLA,G30,NORMAL,1.00,1.25,90.00,120.00,1.08
2026/08/01,CHA070,GONDOLA,G31,NORMAL,1.00,1.25,90.00,120.00,1.08
2026/08/01,CHA070,GONDOLA,G32,NORMAL,1.00,1.25,120.00,120.00,1.44
2026/08/01,CHA070,GONDOLA,G33,NORMAL,1.00,1.25,120.00,120.00,1.44
2026/08/01,CHA070,GONDOLA,G34,NORMAL,1.00,1.25,90.00,120.00,1.08
2026/08/01,CHA070,GONDOLA,G35,NORMAL,1.00,1.25,90.00,120.00,1.08
2026/08/01,CHA070,GONDOLA,G36,NORMAL,1.00,1.25,120.00,120.00,1.44
2026/08/01,CHA070,GONDOLA,G37,NORMAL,1.00,1.25,120.00,120.00,1.44
2026/08/01,CHA070,GONDOLA,G38,NORMAL,1.00,1.25,120.00,120.00,1.44
2026/08/01,CHA070,GONDOLA,G39,NORMAL,1.00,1.25,120.00,120.00,1.44
2026/08/01,CHA070,GONDOLA,G40,NORMAL,1.00,1.25,90.00,120.00,1.08
2026/08/01,CHA070,GONDOLA,G41,NORMAL,1.00,1.25,90.00,120.00,1.08
2026/08/01,CHA070,GONDOLA,G42,NORMAL,1.00,1.25,120.00,120.00,1.44
2026/08/01,CHA070,GONDOLA,G43,NORMAL,1.00,1.25,120.00,120.00,1.44
2026/08/01,CHA070,GONDOLA,G44,NORMAL,1.00,1.25,120.00,120.00,1.44
2026/08/01,CHA070,GONDOLA,G45,NORMAL,1.00,1.25,120.00,120.00,1.44
2026/08/01,CHA070,GONDOLA,G46,NORMAL,1.00,1.25,90.00,120.00,1.08
2026/08/01,CHA070,GONDOLA,G47,NORMAL,1.00,1.25,90.00,120.00,1.08
2026/08/01,CHA070,GONDOLA,G48,NORMAL,1.00,1.25,120.00,120.00,1.44
2026/08/01,CHA070,GONDOLA,G49,NORMAL,1.00,1.25,120.00,120.00,1.44
2026/08/01,CHA070,GONDOLA,G50,NORMAL,1.00,1.25,120.00,120.00,1.44
2026/08/01,CHA070,GONDOLA,G51,NORMAL,1.00,1.25,120.00,120.00,1.44
2026/08/01,CHA070,GONDOLA,G52,NORMAL,1.00,1.25,90.00,120.00,1.08
2026/08/01,CHA070,TREE_HW,T1,NORMAL,1.00,1.14,120.00,100.00,1.20
2026/08/01,CHA070,TREE_PLAYDOH,T2,NORMAL,1.00,1.00,50.00,157.00,0.79
2026/08/01,CHA070,TREE_SIKU,T3,NORMAL,1.00,1.11,120.00,100.00,1.20
2026/08/01,CHA070,PALLET_DISPLAY,P1,NORMAL,1.00,1.25,400.00,100.00,4.00
2026/08/01,CHA070,PALLET_DISPLAY,P2,NORMAL,1.00,1.25,400.00,100.00,4.00
2026/08/01,CHA070,PALLET_DISPLAY,P3,NORMAL,1.00,1.25,400.00,100.00,4.00
2026/08/01,CHA070,PALLET_DISPLAY,P4,NORMAL,1.00,1.25,400.00,100.00,4.00
2026/08/01,CHA070,PALLET_DISPLAY,P5,NORMAL,1.00,1.25,400.00,100.00,4.00
2026/08/01,CHA070,WALL_SHELF,WH1,NORMAL,1.00,1.14,100.00,220.00,2.20
2026/08/01,CHA070,ISLAND_DISPLAY,IP1,PROMOTION,1.00,1.00,280.00,100.00,2.80
2026/08/01,CHA072,WALL_SHELF,W1,NORMAL,1.00,1.28,120.00,220.00,2.64
2026/08/01,CHA072,WALL_SHELF,W2,NORMAL,1.00,1.28,120.00,220.00,2.64
2026/08/01,CHA072,WALL_SHELF,W3,NORMAL,1.00,1.28,120.00,220.00,2.64
2026/08/01,CHA072,WALL_SHELF,W4,NORMAL,1.00,1.28,120.00,220.00,2.64
2026/08/01,CHA072,WALL_SHELF,W5,NORMAL,1.00,1.28,120.00,220.00,2.64
2026/08/01,CHA072,WALL_SHELF,W6,NORMAL,1.00,1.28,120.00,220.00,2.64
2026/08/01,CHA072,WALL_SHELF,W7,NORMAL,1.00,1.28,120.00,220.00,2.64
2026/08/01,CHA072,WALL_SHELF,W8,NORMAL,1.00,1.28,120.00,220.00,2.64
2026/08/01,CHA072,WALL_SHELF,W9,NORMAL,1.00,1.28,120.00,220.00,2.64
2026/08/01,CHA072,WALL_SHELF,W10,NORMAL,1.00,1.28,120.00,220.00,2.64
2026/08/01,CHA072,WALL_SHELF,W11,NORMAL,1.00,1.28,120.00,220.00,2.64
2026/08/01,CHA072,WALL_SHELF,W12,NORMAL,1.00,1.28,120.00,220.00,2.64
2026/08/01,CHA072,WALL_SHELF,W13,NORMAL,1.00,1.28,120.00,220.00,2.64
2026/08/01,CHA072,WALL_SHELF,W14,NORMAL,1.00,1.28,120.00,220.00,2.64
2026/08/01,CHA072,WALL_SHELF,W15,NORMAL,1.00,1.28,120.00,220.00,2.64
2026/08/01,CHA072,WALL_SHELF,W16,NORMAL,1.00,1.28,120.00,220.00,2.64
2026/08/01,CHA072,WALL_SHELF,W17,NORMAL,1.00,1.28,120.00,220.00,2.64
2026/08/01,CHA072,WALL_SHELF,W18,NORMAL,1.00,1.28,120.00,220.00,2.64
2026/08/01,CHA072,WALL_SHELF,W19,NORMAL,1.00,1.28,90.00,220.00,1.98
2026/08/01,CHA072,WALL_SHELF,W20,NORMAL,1.00,1.28,120.00,220.00,2.64
2026/08/01,CHA072,WALL_SHELF,W21,NORMAL,1.00,1.28,120.00,220.00,2.64
2026/08/01,CHA072,WALL_SHELF,W22,NORMAL,1.00,1.28,120.00,220.00,2.64
2026/08/01,CHA072,WALL_SHELF,W23,NORMAL,1.00,1.28,120.00,220.00,2.64
2026/08/01,CHA072,WALL_SHELF,W24,NORMAL,1.00,1.28,120.00,220.00,2.64
2026/08/01,CHA072,WALL_SHELF,W25,NORMAL,1.00,1.28,120.00,220.00,2.64
2026/08/01,CHA072,WALL_SHELF,W26,NORMAL,1.00,1.28,120.00,220.00,2.64
2026/08/01,CHA072,WALL_SHELF,W27,NORMAL,1.00,1.28,120.00,220.00,2.64
2026/08/01,CHA072,WALL_SHELF,W28,NORMAL,1.00,1.28,90.00,220.00,1.98
2026/08/01,CHA072,WALL_SHELF,W29,NORMAL,1.00,1.28,90.00,220.00,1.98
2026/08/01,CHA072,WALL_SHELF,W30,NORMAL,1.00,1.28,120.00,220.00,2.64
2026/08/01,CHA072,WALL_SHELF,W31,NORMAL,1.00,1.28,120.00,220.00,2.64
2026/08/01,CHA072,WALL_SHELF,W32,NORMAL,1.00,1.28,120.00,220.00,2.64
2026/08/01,CHA072,WALL_SHELF,W33,NORMAL,1.00,1.28,120.00,220.00,2.64
2026/08/01,CHA072,WALL_SHELF,W34,NORMAL,1.00,1.28,120.00,220.00,2.64
2026/08/01,CHA072,WALL_SHELF,W35,NORMAL,1.00,1.28,120.00,220.00,2.64
2026/08/01,CHA072,WALL_SHELF,W36,NORMAL,1.00,1.28,120.00,220.00,2.64
2026/08/01,CHA072,WALL_SHELF,W37,NORMAL,1.00,1.28,120.00,220.00,2.64
2026/08/01,CHA072,WALL_SHELF,W38,NORMAL,1.00,1.28,90.00,220.00,1.98
2026/08/01,CHA072,WALL_SHELF,W39,NORMAL,1.00,1.28,120.00,220.00,2.64
2026/08/01,CHA072,WALL_SHELF,W40,NORMAL,1.00,1.28,120.00,220.00,2.64
2026/08/01,CHA072,WALL_SHELF,W41,NORMAL,1.00,1.28,120.00,220.00,2.64
2026/08/01,CHA072,WALL_SHELF,W42,NORMAL,1.00,1.28,120.00,220.00,2.64
2026/08/01,CHA072,WALL_SHELF,W43,NORMAL,1.00,1.28,120.00,220.00,2.64
2026/08/01,CHA072,WALL_SHELF,W44,NORMAL,1.00,1.28,120.00,220.00,2.64
2026/08/01,CHA072,WALL_SHELF,W45,NORMAL,1.00,1.28,120.00,220.00,2.64
2026/08/01,CHA072,GONDOLA,GP1,HOT&NEW,1.00,1.25,90.00,120.00,1.08
2026/08/01,CHA072,GONDOLA,GP2,HOT&NEW,1.00,1.25,90.00,120.00,1.08
2026/08/01,CHA072,GONDOLA,G3,NORMAL,1.00,1.25,90.00,120.00,1.08
2026/08/01,CHA072,GONDOLA,G4,NORMAL,1.00,1.25,120.00,120.00,1.44
2026/08/01,CHA072,GONDOLA,G5,NORMAL,1.00,1.25,120.00,120.00,1.44
2026/08/01,CHA072,GONDOLA,G6,NORMAL,1.00,1.25,120.00,120.00,1.44
2026/08/01,CHA072,GONDOLA,G7,NORMAL,1.00,1.25,120.00,120.00,1.44
2026/08/01,CHA072,GONDOLA,G8,NORMAL,1.00,1.25,90.00,120.00,1.08
2026/08/01,CHA072,GONDOLA,G9,NORMAL,1.00,1.25,90.00,120.00,1.08
2026/08/01,CHA072,GONDOLA,G10,NORMAL,1.00,1.25,120.00,120.00,1.44
2026/08/01,CHA072,GONDOLA,G11,NORMAL,1.00,1.25,120.00,120.00,1.44
2026/08/01,CHA072,GONDOLA,G12,NORMAL,1.00,1.25,120.00,120.00,1.44
2026/08/01,CHA072,GONDOLA,G13,NORMAL,1.00,1.25,120.00,120.00,1.44
2026/08/01,CHA072,GONDOLA,G14,NORMAL,1.00,1.25,120.00,120.00,1.44
2026/08/01,CHA072,GONDOLA,G15,NORMAL,1.00,1.25,120.00,120.00,1.44
2026/08/01,CHA072,GONDOLA,G16,NORMAL,1.00,1.25,90.00,120.00,1.08
2026/08/01,CHA072,TREE_PLAYDOH,T1,NORMAL,1.00,1.00,50.00,157.00,0.79
2026/08/01,CHA072,TREE_SIKU,T2,NORMAL,1.00,1.11,120.00,100.00,1.20
2026/08/01,CHA072,TREE_HW,T3,NORMAL,1.00,1.14,120.00,100.00,1.20
2026/08/01,CHA072,PALLET_DISPLAY,P1,NORMAL,1.00,1.25,400.00,100.00,4.00
2026/08/01,CHA072,PALLET_DISPLAY,P2,NORMAL,1.00,1.25,400.00,100.00,4.00
2026/08/01,CHA072,PALLET_DISPLAY,P3,NORMAL,1.00,1.25,400.00,100.00,4.00
2026/08/01,CHA072,PALLET_DISPLAY,P4,NORMAL,1.00,1.25,400.00,100.00,4.00
2026/08/01,CHA072,PALLET_DISPLAY,P5,NORMAL,1.00,1.25,400.00,100.00,4.00
2026/08/01,CHA072,PALLET_DISPLAY,P6,NORMAL,1.00,1.25,400.00,100.00,4.00
2026/08/01,CHA072,CASHIER_COUNTER,CC1,NORMAL,1.00,1.82,100.00,90.00,0.90
2026/08/01,CHA074,WALL_SHELF,W1,NORMAL,1.00,1.28,80.00,220.00,1.76
2026/08/01,CHA074,WALL_SHELF,W2,NORMAL,1.00,1.28,80.00,220.00,1.76
2026/08/01,CHA074,WALL_SHELF,W3,NORMAL,1.00,1.28,80.00,220.00,1.76
2026/08/01,CHA074,WALL_SHELF,W4,NORMAL,1.00,1.28,120.00,220.00,2.64
2026/08/01,CHA074,WALL_SHELF,W5,NORMAL,1.00,1.28,120.00,220.00,2.64
2026/08/01,CHA074,WALL_SHELF,W6,NORMAL,1.00,1.28,90.00,220.00,1.98
2026/08/01,CHA074,WALL_SHELF,W7,NORMAL,1.00,1.28,90.00,220.00,1.98
2026/08/01,CHA074,WALL_SHELF,W8,NORMAL,1.00,1.28,120.00,220.00,2.64
2026/08/01,CHA074,WALL_SHELF,W9,NORMAL,1.00,1.28,120.00,220.00,2.64
2026/08/01,CHA074,WALL_SHELF,W10,NORMAL,1.00,1.28,120.00,220.00,2.64
2026/08/01,CHA074,WALL_SHELF,W11,NORMAL,1.00,1.28,120.00,220.00,2.64
2026/08/01,CHA074,WALL_SHELF,W12,NORMAL,1.00,1.28,120.00,220.00,2.64
2026/08/01,CHA074,WALL_SHELF,W13,NORMAL,1.00,1.28,120.00,220.00,2.64
2026/08/01,CHA074,WALL_SHELF,W14,NORMAL,1.00,1.28,120.00,220.00,2.64
2026/08/01,CHA074,WALL_SHELF,W15,NORMAL,1.00,1.28,120.00,220.00,2.64
2026/08/01,CHA074,WALL_SHELF,W16,NORMAL,1.00,1.28,100.00,220.00,2.20
2026/08/01,CHA074,WALL_SHELF,W17,NORMAL,1.00,1.28,120.00,220.00,2.64
2026/08/01,CHA074,WALL_SHELF,W18,NORMAL,1.00,1.28,120.00,220.00,2.64
2026/08/01,CHA074,WALL_SHELF,W19,NORMAL,1.00,1.28,120.00,220.00,2.64
2026/08/01,CHA074,WALL_SHELF,W20,NORMAL,1.00,1.28,90.00,220.00,1.98
2026/08/01,CHA074,WALL_SHELF,W21,NORMAL,1.00,1.28,120.00,220.00,2.64
2026/08/01,CHA074,WALL_SHELF,W22,NORMAL,1.00,1.28,90.00,220.00,1.98
2026/08/01,CHA074,WALL_SHELF,W23,NORMAL,1.00,1.28,90.00,220.00,1.98
2026/08/01,CHA074,WALL_SHELF,W24,NORMAL,1.00,1.28,90.00,220.00,1.98
2026/08/01,CHA074,WALL_SHELF,W25,NORMAL,1.00,1.28,120.00,220.00,2.64
2026/08/01,CHA074,WALL_SHELF,W26,NORMAL,1.00,1.28,120.00,220.00,2.64
2026/08/01,CHA074,WALL_SHELF,W27,NORMAL,1.00,1.28,120.00,220.00,2.64
2026/08/01,CHA074,GONDOLA,G1,NORMAL,1.00,1.25,90.00,120.00,1.08
2026/08/01,CHA074,GONDOLA,G2,NORMAL,1.00,1.25,120.00,120.00,1.44
2026/08/01,CHA074,GONDOLA,G3,NORMAL,1.00,1.25,120.00,120.00,1.44
2026/08/01,CHA074,GONDOLA,G4,NORMAL,1.00,1.25,90.00,120.00,1.08
2026/08/01,CHA074,GONDOLA,GP5,HOT&NEW,1.00,1.25,90.00,120.00,1.08
2026/08/01,CHA074,GONDOLA,G6,NORMAL,1.00,1.25,120.00,120.00,1.44
2026/08/01,CHA074,GONDOLA,G7,NORMAL,1.00,1.25,120.00,120.00,1.44
2026/08/01,CHA074,GONDOLA,G8,NORMAL,1.00,1.25,120.00,120.00,1.44
2026/08/01,CHA074,GONDOLA,G9,NORMAL,1.00,1.25,120.00,120.00,1.44
2026/08/01,CHA074,GONDOLA,G10,NORMAL,1.00,1.25,90.00,120.00,1.08
2026/08/01,CHA074,GONDOLA,G11,NORMAL,1.00,1.25,90.00,120.00,1.08
2026/08/01,CHA074,GONDOLA,G12,NORMAL,1.00,1.25,120.00,120.00,1.44
2026/08/01,CHA074,GONDOLA,G13,NORMAL,1.00,1.25,120.00,120.00,1.44
2026/08/01,CHA074,GONDOLA,G14,NORMAL,1.00,1.25,90.00,120.00,1.08
2026/08/01,CHA074,GONDOLA,G15,NORMAL,1.00,1.25,90.00,120.00,1.08
2026/08/01,CHA074,GONDOLA,G16,NORMAL,1.00,1.25,120.00,120.00,1.44
2026/08/01,CHA074,GONDOLA,G17,NORMAL,1.00,1.25,120.00,120.00,1.44
2026/08/01,CHA074,GONDOLA,G18,NORMAL,1.00,1.25,120.00,120.00,1.44
2026/08/01,CHA074,GONDOLA,G19,NORMAL,1.00,1.25,120.00,120.00,1.44
2026/08/01,CHA074,GONDOLA,G20,NORMAL,1.00,1.25,120.00,120.00,1.44
2026/08/01,CHA074,GONDOLA,G21,NORMAL,1.00,1.25,120.00,120.00,1.44
2026/08/01,CHA074,GONDOLA,G22,NORMAL,1.00,1.25,90.00,120.00,1.08
2026/08/01,CHA074,GONDOLA,G23,NORMAL,1.00,1.25,90.00,120.00,1.08
2026/08/01,CHA074,TREE_PLAYDOH,T1,NORMAL,1.00,1.00,50.00,157.00,0.79
2026/08/01,CHA074,TREE_KEYCHAIN,T2,NORMAL,1.00,1.14,120.00,100.00,1.20
2026/08/01,CHA074,TREE_HW,T3,NORMAL,1.00,1.14,120.00,100.00,1.20
2026/08/01,CHA074,TREE_SIKU,T4,NORMAL,1.00,1.11,120.00,100.00,1.20
2026/08/01,CHA074,PALLET_DISPLAY,P1,NORMAL,1.00,1.25,400.00,100.00,4.00
2026/08/01,CHA074,PALLET_DISPLAY,P2,NORMAL,1.00,1.25,400.00,100.00,4.00
2026/08/01,CHA074,CASHIER_COUNTER,CC1,NORMAL,1.00,1.82,100.00,90.00,0.90
2026/08/01,CHA075,WALL_SHELF,W1,NORMAL,1.00,1.28,120.00,220.00,2.64
2026/08/01,CHA075,WALL_SHELF,W2,NORMAL,1.00,1.28,120.00,220.00,2.64
2026/08/01,CHA075,WALL_SHELF,W3,NORMAL,1.00,1.28,120.00,220.00,2.64
2026/08/01,CHA075,WALL_SHELF,W4,NORMAL,1.00,1.28,90.00,220.00,1.98
2026/08/01,CHA075,WALL_SHELF,W5,NORMAL,1.00,1.28,120.00,220.00,2.64
2026/08/01,CHA075,WALL_SHELF,W6,NORMAL,1.00,1.28,120.00,220.00,2.64
2026/08/01,CHA075,WALL_SHELF,W7,NORMAL,1.00,1.28,120.00,220.00,2.64
2026/08/01,CHA075,WALL_SHELF,W8,NORMAL,1.00,1.28,120.00,220.00,2.64
2026/08/01,CHA075,WALL_SHELF,W9,NORMAL,1.00,1.28,120.00,220.00,2.64
2026/08/01,CHA075,WALL_SHELF,W10,NORMAL,1.00,1.28,120.00,220.00,2.64
2026/08/01,CHA075,WALL_SHELF,W11,NORMAL,1.00,1.28,120.00,220.00,2.64
2026/08/01,CHA075,WALL_SHELF,W12,NORMAL,1.00,1.28,120.00,220.00,2.64
2026/08/01,CHA075,WALL_SHELF,W13,NORMAL,1.00,1.28,120.00,220.00,2.64
2026/08/01,CHA075,WALL_SHELF,W14,NORMAL,1.00,1.28,120.00,220.00,2.64
2026/08/01,CHA075,WALL_SHELF,W15,NORMAL,1.00,1.28,120.00,220.00,2.64
2026/08/01,CHA075,WALL_SHELF,W16,NORMAL,1.00,1.28,90.00,220.00,1.98
2026/08/01,CHA075,WALL_SHELF,W17,NORMAL,1.00,1.28,90.00,220.00,1.98
2026/08/01,CHA075,WALL_SHELF,W18,NORMAL,1.00,1.28,120.00,220.00,2.64
2026/08/01,CHA075,WALL_SHELF,W19,NORMAL,1.00,1.28,120.00,220.00,2.64
2026/08/01,CHA075,WALL_SHELF,W20,NORMAL,1.00,1.28,90.00,220.00,1.98
2026/08/01,CHA075,WALL_SHELF,W21,NORMAL,1.00,1.28,90.00,220.00,1.98
2026/08/01,CHA075,WALL_SHELF,W22,NORMAL,1.00,1.28,90.00,220.00,1.98
2026/08/01,CHA075,WALL_SHELF,W23,NORMAL,1.00,1.28,90.00,220.00,1.98
2026/08/01,CHA075,WALL_SHELF,W24,NORMAL,1.00,1.28,120.00,220.00,2.64
2026/08/01,CHA075,WALL_SHELF,W25,NORMAL,1.00,1.28,120.00,220.00,2.64
2026/08/01,CHA075,WALL_SHELF,W26,NORMAL,1.00,1.28,120.00,220.00,2.64
2026/08/01,CHA075,WALL_SHELF,W27,NORMAL,1.00,1.28,120.00,220.00,2.64
2026/08/01,CHA075,WALL_SHELF,W28,NORMAL,1.00,1.28,120.00,220.00,2.64
2026/08/01,CHA075,WALL_SHELF,W29,NORMAL,1.00,1.28,120.00,220.00,2.64
2026/08/01,CHA075,WALL_SHELF,W30,NORMAL,1.00,1.28,120.00,220.00,2.64
2026/08/01,CHA075,WALL_SHELF,W31,NORMAL,1.00,1.28,120.00,220.00,2.64
2026/08/01,CHA075,WALL_SHELF,W32,NORMAL,1.00,1.28,120.00,220.00,2.64
2026/08/01,CHA075,WALL_SHELF,W33,NORMAL,1.00,1.28,120.00,220.00,2.64
2026/08/01,CHA075,GONDOLA,GP1,HOT&NEW,1.00,1.25,90.00,120.00,1.08
2026/08/01,CHA075,GONDOLA,GP2,HOT&NEW,1.00,1.25,90.00,120.00,1.08
2026/08/01,CHA075,GONDOLA,G3,NORMAL,1.00,1.25,90.00,120.00,1.08
2026/08/01,CHA075,GONDOLA,G4,NORMAL,1.00,1.25,120.00,120.00,1.44
2026/08/01,CHA075,GONDOLA,G5,NORMAL,1.00,1.25,120.00,120.00,1.44
2026/08/01,CHA075,GONDOLA,G6,NORMAL,1.00,1.25,120.00,120.00,1.44
2026/08/01,CHA075,GONDOLA,G7,NORMAL,1.00,1.25,120.00,120.00,1.44
2026/08/01,CHA075,GONDOLA,G8,NORMAL,1.00,1.25,90.00,120.00,1.08
2026/08/01,CHA075,GONDOLA,G9,NORMAL,1.00,1.25,90.00,120.00,1.08
2026/08/01,CHA075,GONDOLA,G10,NORMAL,1.00,1.25,120.00,120.00,1.44
2026/08/01,CHA075,GONDOLA,G11,NORMAL,1.00,1.25,120.00,120.00,1.44
2026/08/01,CHA075,GONDOLA,G12,NORMAL,1.00,1.25,120.00,120.00,1.44
2026/08/01,CHA075,GONDOLA,G13,NORMAL,1.00,1.25,120.00,120.00,1.44
2026/08/01,CHA075,GONDOLA,G14,NORMAL,1.00,1.25,120.00,120.00,1.44
2026/08/01,CHA075,GONDOLA,G15,NORMAL,1.00,1.25,120.00,120.00,1.44
2026/08/01,CHA075,GONDOLA,G16,NORMAL,1.00,1.25,90.00,120.00,1.08
2026/08/01,CHA075,GONDOLA,G17,NORMAL,1.00,1.25,90.00,120.00,1.08
2026/08/01,CHA075,GONDOLA,G18,NORMAL,1.00,1.25,120.00,120.00,1.44
2026/08/01,CHA075,GONDOLA,G19,NORMAL,1.00,1.25,120.00,120.00,1.44
2026/08/01,CHA075,GONDOLA,G20,NORMAL,1.00,1.25,120.00,120.00,1.44
2026/08/01,CHA075,GONDOLA,G21,NORMAL,1.00,1.25,120.00,120.00,1.44
2026/08/01,CHA075,GONDOLA,G22,NORMAL,1.00,1.25,90.00,120.00,1.08
2026/08/01,CHA075,GONDOLA,G23,NORMAL,1.00,1.25,90.00,120.00,1.08
2026/08/01,CHA075,GONDOLA,G24,NORMAL,1.00,1.25,120.00,120.00,1.44
2026/08/01,CHA075,GONDOLA,G25,NORMAL,1.00,1.25,120.00,120.00,1.44
2026/08/01,CHA075,GONDOLA,G26,NORMAL,1.00,1.25,120.00,120.00,1.44
2026/08/01,CHA075,GONDOLA,G27,NORMAL,1.00,1.25,120.00,120.00,1.44
2026/08/01,CHA075,GONDOLA,G28,NORMAL,1.00,1.25,90.00,120.00,1.08
2026/08/01,CHA075,TREE_PLAYDOH,T1,NORMAL,1.00,1.00,50.00,157.00,0.79
2026/08/01,CHA075,TREE_SIKU,T2,NORMAL,1.00,1.11,120.00,100.00,1.20
2026/08/01,CHA075,PALLET_DISPLAY,P1,NORMAL,1.00,1.25,400.00,100.00,4.00
2026/08/01,CHA075,ISLAND_DISPLAY,IP1,PROMOTION,1.00,1.00,280.00,100.00,2.80
2026/08/01,CHA075,WALL_SHELF,WH1,NORMAL,1.00,1.28,100.00,220.00,2.20
2026/08/01,CHA075,WALL_SHELF,WH2,NORMAL,1.00,1.28,100.00,220.00,2.20
2026/08/01,CHA075,WALL_SHELF,WH3,NORMAL,1.00,1.28,50.00,220.00,1.10
2026/08/01,CHA075,WALL_SHELF,WH4,NORMAL,1.00,1.28,50.00,220.00,1.10
2026/08/01,CHA075,CASHIER_COUNTER,CC1,NORMAL,1.00,1.82,100.00,90.00,0.90
2026/08/01,CHA082,WALL_SHELF,W1,NORMAL,1.00,1.28,90.00,220.00,1.98
2026/08/01,CHA082,WALL_SHELF,W2,NORMAL,1.00,1.28,90.00,220.00,1.98
2026/08/01,CHA082,WALL_SHELF,W3,NORMAL,1.00,1.28,120.00,220.00,2.64
2026/08/01,CHA082,WALL_SHELF,W4,NORMAL,1.00,1.28,120.00,220.00,2.64
2026/08/01,CHA082,WALL_SHELF,W5,NORMAL,1.00,1.28,120.00,220.00,2.64
2026/08/01,CHA082,WALL_SHELF,W6,NORMAL,1.00,1.28,120.00,220.00,2.64
2026/08/01,CHA082,WALL_SHELF,W7,NORMAL,1.00,1.28,120.00,220.00,2.64
2026/08/01,CHA082,WALL_SHELF,W8,NORMAL,1.00,1.28,90.00,220.00,1.98
2026/08/01,CHA082,WALL_SHELF,W9,NORMAL,1.00,1.28,90.00,220.00,1.98
2026/08/01,CHA082,WALL_SHELF,W10,NORMAL,1.00,1.28,120.00,220.00,2.64
2026/08/01,CHA082,WALL_SHELF,W11,NORMAL,1.00,1.28,120.00,220.00,2.64
2026/08/01,CHA082,WALL_SHELF,W12,NORMAL,1.00,1.28,90.00,220.00,1.98
2026/08/01,CHA082,WALL_SHELF,W13,NORMAL,1.00,1.28,90.00,220.00,1.98
2026/08/01,CHA082,WALL_SHELF,W14,NORMAL,1.00,1.28,90.00,220.00,1.98
2026/08/01,CHA082,WALL_SHELF,W15,NORMAL,1.00,1.28,120.00,220.00,2.64
2026/08/01,CHA082,WALL_SHELF,W16,NORMAL,1.00,1.28,120.00,220.00,2.64
2026/08/01,CHA082,WALL_SHELF,W17,NORMAL,1.00,1.28,120.00,220.00,2.64
2026/08/01,CHA082,WALL_SHELF,W18,NORMAL,1.00,1.28,120.00,220.00,2.64
2026/08/01,CHA082,WALL_SHELF,W19,NORMAL,1.00,1.28,120.00,220.00,2.64
2026/08/01,CHA082,WALL_SHELF,W20,NORMAL,1.00,1.28,120.00,220.00,2.64
2026/08/01,CHA082,WALL_SHELF,W21,NORMAL,1.00,1.28,120.00,220.00,2.64
2026/08/01,CHA082,WALL_SHELF,W22,NORMAL,1.00,1.28,120.00,220.00,2.64
2026/08/01,CHA082,WALL_SHELF,W23,NORMAL,1.00,1.28,90.00,220.00,1.98
2026/08/01,CHA082,WALL_SHELF,W24,NORMAL,1.00,1.28,90.00,220.00,1.98
2026/08/01,CHA082,WALL_SHELF,W25,NORMAL,1.00,1.28,90.00,220.00,1.98
2026/08/01,CHA082,WALL_SHELF,W26,NORMAL,1.00,1.28,90.00,220.00,1.98
2026/08/01,CHA082,WALL_SHELF,W27,NORMAL,1.00,1.28,120.00,220.00,2.64
2026/08/01,CHA082,WALL_SHELF,W28,NORMAL,1.00,1.28,120.00,220.00,2.64
2026/08/01,CHA082,WALL_SHELF,W29,NORMAL,1.00,1.28,120.00,220.00,2.64
2026/08/01,CHA082,WALL_SHELF,W30,NORMAL,1.00,1.28,120.00,220.00,2.64
2026/08/01,CHA082,WALL_SHELF,W31,NORMAL,1.00,1.28,120.00,220.00,2.64
2026/08/01,CHA082,WALL_SHELF,W32,NORMAL,1.00,1.28,120.00,220.00,2.64
2026/08/01,CHA082,WALL_SHELF,W33,NORMAL,1.00,1.28,120.00,220.00,2.64
2026/08/01,CHA082,WALL_SHELF,W34,NORMAL,1.00,1.28,120.00,220.00,2.64
2026/08/01,CHA082,WALL_SHELF,W35,NORMAL,1.00,1.28,140.00,220.00,3.08
2026/08/01,CHA082,GONDOLA,G1,NORMAL,1.00,1.25,90.00,120.00,1.08
2026/08/01,CHA082,GONDOLA,G2,NORMAL,1.00,1.25,120.00,120.00,1.44
2026/08/01,CHA082,GONDOLA,G3,NORMAL,1.00,1.25,120.00,120.00,1.44
2026/08/01,CHA082,GONDOLA,G4,NORMAL,1.00,1.25,90.00,120.00,1.08
2026/08/01,CHA082,GONDOLA,G5,NORMAL,1.00,1.25,90.00,120.00,1.08
2026/08/01,CHA082,GONDOLA,G6,NORMAL,1.00,1.25,120.00,120.00,1.44
2026/08/01,CHA082,GONDOLA,G7,NORMAL,1.00,1.25,120.00,120.00,1.44
2026/08/01,CHA082,GONDOLA,G8,NORMAL,1.00,1.25,120.00,120.00,1.44
2026/08/01,CHA082,GONDOLA,G9,NORMAL,1.00,1.25,120.00,120.00,1.44
2026/08/01,CHA082,GONDOLA,G10,NORMAL,1.00,1.25,90.00,120.00,1.08
2026/08/01,CHA082,GONDOLA,G11,NORMAL,1.00,1.25,90.00,120.00,1.08
2026/08/01,CHA082,GONDOLA,G12,NORMAL,1.00,1.25,120.00,120.00,1.44
2026/08/01,CHA082,GONDOLA,G13,NORMAL,1.00,1.25,120.00,120.00,1.44
2026/08/01,CHA082,GONDOLA,G14,NORMAL,1.00,1.25,120.00,120.00,1.44
2026/08/01,CHA082,GONDOLA,G15,NORMAL,1.00,1.25,120.00,120.00,1.44
2026/08/01,CHA082,GONDOLA,G16,NORMAL,1.00,1.25,90.00,120.00,1.08
2026/08/01,CHA082,GONDOLA,GP17,HOT&NEW,1.00,1.25,90.00,120.00,1.08
2026/08/01,CHA082,GONDOLA,GP18,HOT&NEW,1.00,1.25,90.00,120.00,1.08
2026/08/01,CHA082,GONDOLA,G19,NORMAL,1.00,1.25,90.00,120.00,1.08
2026/08/01,CHA082,GONDOLA,G20,NORMAL,1.00,1.25,120.00,120.00,1.44
2026/08/01,CHA082,GONDOLA,G21,NORMAL,1.00,1.25,120.00,120.00,1.44
2026/08/01,CHA082,GONDOLA,G22,NORMAL,1.00,1.25,90.00,120.00,1.08
2026/08/01,CHA082,GONDOLA,G23,NORMAL,1.00,1.25,90.00,120.00,1.08
2026/08/01,CHA082,GONDOLA,G24,NORMAL,1.00,1.25,120.00,120.00,1.44
2026/08/01,CHA082,GONDOLA,G25,NORMAL,1.00,1.25,120.00,120.00,1.44
2026/08/01,CHA082,GONDOLA,G26,NORMAL,1.00,1.25,120.00,120.00,1.44
2026/08/01,CHA082,GONDOLA,G27,NORMAL,1.00,1.25,120.00,120.00,1.44
2026/08/01,CHA082,GONDOLA,G28,NORMAL,1.00,1.25,90.00,120.00,1.08
2026/08/01,CHA082,GONDOLA,G29,NORMAL,1.00,1.25,90.00,120.00,1.08
2026/08/01,CHA082,GONDOLA,G30,NORMAL,1.00,1.25,120.00,120.00,1.44
2026/08/01,CHA082,GONDOLA,G31,NORMAL,1.00,1.25,120.00,120.00,1.44
2026/08/01,CHA082,GONDOLA,G32,NORMAL,1.00,1.25,120.00,120.00,1.44
2026/08/01,CHA082,GONDOLA,G33,NORMAL,1.00,1.25,120.00,120.00,1.44
2026/08/01,CHA082,GONDOLA,G34,NORMAL,1.00,1.25,90.00,120.00,1.08
2026/08/01,CHA082,GONDOLA,G35,NORMAL,1.00,1.25,90.00,120.00,1.08
2026/08/01,CHA082,GONDOLA,G36,NORMAL,1.00,1.25,120.00,120.00,1.44
2026/08/01,CHA082,GONDOLA,G37,NORMAL,1.00,1.25,120.00,120.00,1.44
2026/08/01,CHA082,GONDOLA,G38,NORMAL,1.00,1.25,120.00,120.00,1.44
2026/08/01,CHA082,GONDOLA,G39,NORMAL,1.00,1.25,120.00,120.00,1.44
2026/08/01,CHA082,GONDOLA,G40,NORMAL,1.00,1.25,90.00,120.00,1.08
2026/08/01,CHA082,GONDOLA,G41,NORMAL,1.00,1.25,90.00,120.00,1.08
2026/08/01,CHA082,GONDOLA,G42,NORMAL,1.00,1.25,120.00,120.00,1.44
2026/08/01,CHA082,GONDOLA,G43,NORMAL,1.00,1.25,120.00,120.00,1.44
2026/08/01,CHA082,GONDOLA,G44,NORMAL,1.00,1.25,120.00,120.00,1.44
2026/08/01,CHA082,GONDOLA,G45,NORMAL,1.00,1.25,120.00,120.00,1.44
2026/08/01,CHA082,GONDOLA,G46,NORMAL,1.00,1.25,90.00,120.00,1.08
2026/08/01,CHA082,GONDOLA,G47,NORMAL,1.00,1.25,90.00,120.00,1.08
2026/08/01,CHA082,GONDOLA,G48,NORMAL,1.00,1.25,120.00,120.00,1.44
2026/08/01,CHA082,GONDOLA,G49,NORMAL,1.00,1.25,120.00,120.00,1.44
2026/08/01,CHA082,GONDOLA,G50,NORMAL,1.00,1.25,120.00,120.00,1.44
2026/08/01,CHA082,GONDOLA,G51,NORMAL,1.00,1.25,120.00,120.00,1.44
2026/08/01,CHA082,GONDOLA,G52,NORMAL,1.00,1.25,150.00,120.00,1.80
2026/08/01,CHA082,GONDOLA,G53,NORMAL,1.00,1.25,150.00,120.00,1.80
2026/08/01,CHA082,GONDOLA,G54,NORMAL,1.00,1.25,90.00,120.00,1.08
2026/08/01,CHA082,GONDOLA,G55,NORMAL,1.00,1.25,120.00,120.00,1.44
2026/08/01,CHA082,GONDOLA,G56,NORMAL,1.00,1.25,120.00,120.00,1.44
2026/08/01,CHA082,GONDOLA,G57,NORMAL,1.00,1.25,120.00,120.00,1.44
2026/08/01,CHA082,GONDOLA,G58,NORMAL,1.00,1.25,120.00,120.00,1.44
2026/08/01,CHA082,GONDOLA,G59,NORMAL,1.00,1.25,90.00,120.00,1.08
2026/08/01,CHA082,GONDOLA,G60,NORMAL,1.00,1.25,90.00,120.00,1.08
2026/08/01,CHA082,GONDOLA,G61,NORMAL,1.00,1.25,120.00,120.00,1.44
2026/08/01,CHA082,GONDOLA,G62,NORMAL,1.00,1.25,120.00,120.00,1.44
2026/08/01,CHA082,GONDOLA,G63,NORMAL,1.00,1.25,120.00,120.00,1.44
2026/08/01,CHA082,GONDOLA,G64,NORMAL,1.00,1.25,120.00,120.00,1.44
2026/08/01,CHA082,GONDOLA,G65,NORMAL,1.00,1.25,90.00,120.00,1.08
2026/08/01,CHA082,TREE_SIKU,T1,NORMAL,1.00,1.11,120.00,100.00,1.20
2026/08/01,CHA082,TREE_HW,T2,NORMAL,1.00,1.14,120.00,100.00,1.20
2026/08/01,CHA082,TREE_PLAYDOH,T3,NORMAL,1.00,1.00,50.00,157.00,0.79
2026/08/01,CHA082,PALLET_DISPLAY,P1,NORMAL,1.00,1.25,400.00,100.00,4.00
2026/08/01,CHA082,PALLET_DISPLAY,P2,NORMAL,1.00,1.25,400.00,100.00,4.00
2026/08/01,CHA082,PALLET_DISPLAY,P3,NORMAL,1.00,1.25,400.00,100.00,4.00
2026/08/01,CHA082,WALL_SHELF,WH1,NORMAL,1.00,1.28,70.00,220.00,1.54
2026/08/01,CHA082,WALL_SHELF,WH2,NORMAL,1.00,1.28,70.00,220.00,1.54
2026/08/01,CHA082,ISLAND_DISPLAY,IP1,PROMOTION,1.00,1.00,280.00,100.00,2.80
2026/08/01,CHA082,GONDOLA,GM1,NORMAL,1.00,1.00,168.00,127.00,2.14
2026/08/01,CHA082,CASHIER_COUNTER,CC1,NORMAL,1.00,1.82,100.00,90.00,0.90
2026/08/01,CHA085,WALL_SHELF,W1,NORMAL,1.00,1.28,90.00,220.00,1.98
2026/08/01,CHA085,WALL_SHELF,W2,NORMAL,1.00,1.28,120.00,220.00,2.64
2026/08/01,CHA085,WALL_SHELF,W3,NORMAL,1.00,1.28,90.00,220.00,1.98
2026/08/01,CHA085,WALL_SHELF,W4,NORMAL,1.00,1.28,90.00,220.00,1.98
2026/08/01,CHA085,WALL_SHELF,W5,NORMAL,1.00,1.28,120.00,220.00,2.64
2026/08/01,CHA085,WALL_SHELF,W6,NORMAL,1.00,1.28,120.00,220.00,2.64
2026/08/01,CHA085,WALL_SHELF,W7,NORMAL,1.00,1.28,120.00,220.00,2.64
2026/08/01,CHA085,WALL_SHELF,W8,NORMAL,1.00,1.28,120.00,220.00,2.64
2026/08/01,CHA085,WALL_SHELF,W9,NORMAL,1.00,1.28,90.00,220.00,1.98
2026/08/01,CHA085,WALL_SHELF,W10,NORMAL,1.00,1.28,90.00,220.00,1.98
2026/08/01,CHA085,WALL_SHELF,W11,NORMAL,1.00,1.28,90.00,220.00,1.98
2026/08/01,CHA085,WALL_SHELF,W12,NORMAL,1.00,1.28,120.00,220.00,2.64
2026/08/01,CHA085,WALL_SHELF,W13,NORMAL,1.00,1.28,120.00,220.00,2.64
2026/08/01,CHA085,WALL_SHELF,W14,NORMAL,1.00,1.28,120.00,220.00,2.64
2026/08/01,CHA085,WALL_SHELF,W15,NORMAL,1.00,1.28,120.00,220.00,2.64
2026/08/01,CHA085,WALL_SHELF,W16,NORMAL,1.00,1.28,120.00,220.00,2.64
2026/08/01,CHA085,WALL_SHELF,W17,NORMAL,1.00,1.28,120.00,220.00,2.64
2026/08/01,CHA085,WALL_SHELF,W18,NORMAL,1.00,1.28,120.00,220.00,2.64
2026/08/01,CHA085,GONDOLA,GP1,HOT&NEW,1.00,1.25,90.00,120.00,1.08
2026/08/01,CHA085,GONDOLA,GP2,HOT&NEW,1.00,1.25,90.00,120.00,1.08
2026/08/01,CHA085,GONDOLA,G3,NORMAL,1.00,1.25,90.00,120.00,1.08
2026/08/01,CHA085,GONDOLA,G4,NORMAL,1.00,1.25,120.00,120.00,1.44
2026/08/01,CHA085,GONDOLA,G5,NORMAL,1.00,1.25,120.00,120.00,1.44
2026/08/01,CHA085,GONDOLA,G6,NORMAL,1.00,1.25,90.00,120.00,1.08
2026/08/01,CHA085,GONDOLA,G7,NORMAL,1.00,1.25,90.00,120.00,1.08
2026/08/01,CHA085,GONDOLA,G8,NORMAL,1.00,1.25,120.00,120.00,1.44
2026/08/01,CHA085,GONDOLA,G9,NORMAL,1.00,1.25,120.00,120.00,1.44
2026/08/01,CHA085,GONDOLA,G10,NORMAL,1.00,1.25,90.00,120.00,1.08
2026/08/01,CHA085,GONDOLA,G11,NORMAL,1.00,1.25,90.00,120.00,1.08
2026/08/01,CHA085,GONDOLA,G12,NORMAL,1.00,1.25,120.00,120.00,1.44
2026/08/01,CHA085,GONDOLA,G13,NORMAL,1.00,1.25,120.00,120.00,1.44
2026/08/01,CHA085,GONDOLA,G14,NORMAL,1.00,1.25,90.00,120.00,1.08
2026/08/01,CHA085,GONDOLA,G15,NORMAL,1.00,1.25,90.00,120.00,1.08
2026/08/01,CHA085,GONDOLA,G16,NORMAL,1.00,1.25,120.00,120.00,1.44
2026/08/01,CHA085,GONDOLA,G17,NORMAL,1.00,1.25,120.00,120.00,1.44
2026/08/01,CHA085,GONDOLA,G18,NORMAL,1.00,1.25,90.00,120.00,1.08
2026/08/01,CHA085,GONDOLA,G19,NORMAL,1.00,1.25,90.00,120.00,1.08
2026/08/01,CHA085,GONDOLA,G20,NORMAL,1.00,1.25,120.00,120.00,1.44
2026/08/01,CHA085,GONDOLA,G21,NORMAL,1.00,1.25,120.00,120.00,1.44
2026/08/01,CHA085,GONDOLA,G22,NORMAL,1.00,1.25,90.00,120.00,1.08
2026/08/01,CHA085,GONDOLA,G23,NORMAL,1.00,1.25,90.00,120.00,1.08
2026/08/01,CHA085,GONDOLA,G24,NORMAL,1.00,1.25,120.00,120.00,1.44
2026/08/01,CHA085,GONDOLA,G25,NORMAL,1.00,1.25,120.00,120.00,1.44
2026/08/01,CHA085,GONDOLA,G26,NORMAL,1.00,1.25,90.00,120.00,1.08
2026/08/01,CHA085,TREE_SIKU,T1,NORMAL,1.00,1.11,120.00,100.00,1.20
2026/08/01,CHA085,TREE_PLAYDOH,T2,NORMAL,1.00,1.00,50.00,157.00,0.79
2026/08/01,CHA085,TREE_HW,T3,NORMAL,1.00,1.14,120.00,100.00,1.20
2026/08/01,CHA085,CASHIER_COUNTER,CC1,NORMAL,1.00,1.82,100.00,90.00,0.90
2026/08/01,CHA090,WALL_SHELF,W1,NORMAL,1.00,1.28,120.00,220.00,2.64
2026/08/01,CHA090,WALL_SHELF,W2,NORMAL,1.00,1.28,120.00,220.00,2.64
2026/08/01,CHA090,WALL_SHELF,W3,NORMAL,1.00,1.28,120.00,220.00,2.64
2026/08/01,CHA090,WALL_SHELF,W4,NORMAL,1.00,1.28,90.00,220.00,1.98
2026/08/01,CHA090,WALL_SHELF,W5,NORMAL,1.00,1.28,90.00,220.00,1.98
2026/08/01,CHA090,WALL_SHELF,W6,NORMAL,1.00,1.28,120.00,220.00,2.64
2026/08/01,CHA090,WALL_SHELF,W7,NORMAL,1.00,1.28,120.00,220.00,2.64
2026/08/01,CHA090,WALL_SHELF,W8,NORMAL,1.00,1.28,120.00,220.00,2.64
2026/08/01,CHA090,WALL_SHELF,W9,NORMAL,1.00,1.28,120.00,220.00,2.64
2026/08/01,CHA090,WALL_SHELF,W10,NORMAL,1.00,1.28,120.00,220.00,2.64
2026/08/01,CHA090,WALL_SHELF,W11,NORMAL,1.00,1.28,120.00,220.00,2.64
2026/08/01,CHA090,WALL_SHELF,W12,NORMAL,1.00,1.28,120.00,220.00,2.64
2026/08/01,CHA090,WALL_SHELF,W13,NORMAL,1.00,1.28,120.00,220.00,2.64
2026/08/01,CHA090,WALL_SHELF,W14,NORMAL,1.00,1.28,120.00,220.00,2.64
2026/08/01,CHA090,WALL_SHELF,W15,NORMAL,1.00,1.28,120.00,220.00,2.64
2026/08/01,CHA090,WALL_SHELF,W16,NORMAL,1.00,1.28,120.00,220.00,2.64
2026/08/01,CHA090,WALL_SHELF,W17,NORMAL,1.00,1.28,120.00,220.00,2.64
2026/08/01,CHA090,WALL_SHELF,W18,NORMAL,1.00,1.28,120.00,220.00,2.64
2026/08/01,CHA090,GONDOLA,GP1,HOT&NEW,1.00,1.25,90.00,120.00,1.08
2026/08/01,CHA090,GONDOLA,GP2,HOT&NEW,1.00,1.25,90.00,120.00,1.08
2026/08/01,CHA090,GONDOLA,G3,NORMAL,1.00,1.25,90.00,120.00,1.08
2026/08/01,CHA090,GONDOLA,G4,NORMAL,1.00,1.25,120.00,120.00,1.44
2026/08/01,CHA090,GONDOLA,G5,NORMAL,1.00,1.25,120.00,120.00,1.44
2026/08/01,CHA090,GONDOLA,G6,NORMAL,1.00,1.25,120.00,120.00,1.44
2026/08/01,CHA090,GONDOLA,G7,NORMAL,1.00,1.25,120.00,120.00,1.44
2026/08/01,CHA090,GONDOLA,G8,NORMAL,1.00,1.25,90.00,120.00,1.08
2026/08/01,CHA090,GONDOLA,G9,NORMAL,1.00,1.25,90.00,120.00,1.08
2026/08/01,CHA090,GONDOLA,G10,NORMAL,1.00,1.25,120.00,120.00,1.44
2026/08/01,CHA090,GONDOLA,G11,NORMAL,1.00,1.25,120.00,120.00,1.44
2026/08/01,CHA090,GONDOLA,G12,NORMAL,1.00,1.25,120.00,120.00,1.44
2026/08/01,CHA090,GONDOLA,G13,NORMAL,1.00,1.25,120.00,120.00,1.44
2026/08/01,CHA090,GONDOLA,G14,NORMAL,1.00,1.25,90.00,120.00,1.08
2026/08/01,CHA090,GONDOLA,G15,NORMAL,1.00,1.25,90.00,120.00,1.08
2026/08/01,CHA090,GONDOLA,G16,NORMAL,1.00,1.25,120.00,120.00,1.44
2026/08/01,CHA090,GONDOLA,G17,NORMAL,1.00,1.25,120.00,120.00,1.44
2026/08/01,CHA090,GONDOLA,G18,NORMAL,1.00,1.25,120.00,120.00,1.44
2026/08/01,CHA090,GONDOLA,G19,NORMAL,1.00,1.25,120.00,120.00,1.44
2026/08/01,CHA090,GONDOLA,G20,NORMAL,1.00,1.25,90.00,120.00,1.08
2026/08/01,CHA090,TREE_PLAYDOH,T1,NORMAL,1.00,1.00,50.00,157.00,0.79
2026/08/01,CHA090,TREE_SIKU,T2,NORMAL,1.00,1.11,120.00,100.00,1.20
2026/08/01,CHA090,PALLET_DISPLAY,P1,NORMAL,1.00,1.25,400.00,100.00,4.00
2026/08/01,CHA090,PALLET_DISPLAY,P2,NORMAL,1.00,1.25,400.00,100.00,4.00
2026/08/01,CHA090,CASHIER_COUNTER,CC1,NORMAL,1.00,1.82,100.00,90.00,0.90
2026/08/01,CHA091,WALL_SHELF,W1,NORMAL,1.00,1.28,120.00,220.00,2.64
2026/08/01,CHA091,WALL_SHELF,W2,NORMAL,1.00,1.28,120.00,220.00,2.64
2026/08/01,CHA091,WALL_SHELF,W3,NORMAL,1.00,1.28,90.00,220.00,1.98
2026/08/01,CHA091,WALL_SHELF,W4,NORMAL,1.00,1.28,120.00,220.00,2.64
2026/08/01,CHA091,WALL_SHELF,W5,NORMAL,1.00,1.28,120.00,220.00,2.64
2026/08/01,CHA091,WALL_SHELF,W6,NORMAL,1.00,1.28,120.00,220.00,2.64
2026/08/01,CHA091,WALL_SHELF,W7,NORMAL,1.00,1.28,120.00,220.00,2.64
2026/08/01,CHA091,WALL_SHELF,W8,NORMAL,1.00,1.28,120.00,220.00,2.64
2026/08/01,CHA091,WALL_SHELF,W9,NORMAL,1.00,1.28,120.00,220.00,2.64
2026/08/01,CHA091,WALL_SHELF,W10,NORMAL,1.00,1.28,120.00,220.00,2.64
2026/08/01,CHA091,WALL_SHELF,W11,NORMAL,1.00,1.28,120.00,220.00,2.64
2026/08/01,CHA091,WALL_SHELF,W12,NORMAL,1.00,1.28,120.00,220.00,2.64
2026/08/01,CHA091,WALL_SHELF,W13,NORMAL,1.00,1.28,120.00,220.00,2.64
2026/08/01,CHA091,WALL_SHELF,W14,NORMAL,1.00,1.28,120.00,220.00,2.64
2026/08/01,CHA091,WALL_SHELF,W15,NORMAL,1.00,1.28,120.00,220.00,2.64
2026/08/01,CHA091,WALL_SHELF,W16,NORMAL,1.00,1.28,90.00,220.00,1.98
2026/08/01,CHA091,WALL_SHELF,W17,NORMAL,1.00,1.28,90.00,220.00,1.98
2026/08/01,CHA091,WALL_SHELF,W18,NORMAL,1.00,1.28,90.00,220.00,1.98
2026/08/01,CHA091,WALL_SHELF,W19,NORMAL,1.00,1.28,90.00,220.00,1.98
2026/08/01,CHA091,WALL_SHELF,W20,NORMAL,1.00,1.28,120.00,220.00,2.64
2026/08/01,CHA091,WALL_SHELF,W21,NORMAL,1.00,1.28,120.00,220.00,2.64
2026/08/01,CHA091,WALL_SHELF,W22,NORMAL,1.00,1.28,120.00,220.00,2.64
2026/08/01,CHA091,WALL_SHELF,W23,NORMAL,1.00,1.28,120.00,220.00,2.64
2026/08/01,CHA091,WALL_SHELF,W24,NORMAL,1.00,1.28,120.00,220.00,2.64
2026/08/01,CHA091,WALL_SHELF,W25,NORMAL,1.00,1.28,120.00,220.00,2.64
2026/08/01,CHA091,WALL_SHELF,W26,NORMAL,1.00,1.28,120.00,220.00,2.64
2026/08/01,CHA091,WALL_SHELF,W27,NORMAL,1.00,1.28,120.00,220.00,2.64
2026/08/01,CHA091,WALL_SHELF,W28,NORMAL,1.00,1.28,120.00,220.00,2.64
2026/08/01,CHA091,WALL_SHELF,W29,NORMAL,1.00,1.28,120.00,220.00,2.64
2026/08/01,CHA091,WALL_SHELF,W30,NORMAL,1.00,1.28,120.00,220.00,2.64
2026/08/01,CHA091,WALL_SHELF,W31,NORMAL,1.00,1.28,120.00,220.00,2.64
2026/08/01,CHA091,WALL_SHELF,W32,NORMAL,1.00,1.28,120.00,220.00,2.64
2026/08/01,CHA091,GONDOLA,GP1,HOT&NEW,1.00,1.25,90.00,120.00,1.08
2026/08/01,CHA091,GONDOLA,GP2,HOT&NEW,1.00,1.25,90.00,120.00,1.08
2026/08/01,CHA091,GONDOLA,G3,NORMAL,1.00,1.25,90.00,120.00,1.08
2026/08/01,CHA091,GONDOLA,G4,NORMAL,1.00,1.25,120.00,120.00,1.44
2026/08/01,CHA091,GONDOLA,G5,NORMAL,1.00,1.25,120.00,120.00,1.44
2026/08/01,CHA091,GONDOLA,G6,NORMAL,1.00,1.25,120.00,120.00,1.44
2026/08/01,CHA091,GONDOLA,G7,NORMAL,1.00,1.25,120.00,120.00,1.44
2026/08/01,CHA091,GONDOLA,G8,NORMAL,1.00,1.25,90.00,120.00,1.08
2026/08/01,CHA091,GONDOLA,G9,NORMAL,1.00,1.25,90.00,120.00,1.08
2026/08/01,CHA091,GONDOLA,G10,NORMAL,1.00,1.25,120.00,120.00,1.44
2026/08/01,CHA091,GONDOLA,G11,NORMAL,1.00,1.25,120.00,120.00,1.44
2026/08/01,CHA091,GONDOLA,G12,NORMAL,1.00,1.25,120.00,120.00,1.44
2026/08/01,CHA091,GONDOLA,G13,NORMAL,1.00,1.25,120.00,120.00,1.44
2026/08/01,CHA091,GONDOLA,G14,NORMAL,1.00,1.25,90.00,120.00,1.08
2026/08/01,CHA091,GONDOLA,G15,NORMAL,1.00,1.25,90.00,120.00,1.08
2026/08/01,CHA091,GONDOLA,G16,NORMAL,1.00,1.25,120.00,120.00,1.44
2026/08/01,CHA091,GONDOLA,G17,NORMAL,1.00,1.25,120.00,120.00,1.44
2026/08/01,CHA091,GONDOLA,G18,NORMAL,1.00,1.25,90.00,120.00,1.08
2026/08/01,CHA091,GONDOLA,G19,NORMAL,1.00,1.25,90.00,120.00,1.08
2026/08/01,CHA091,GONDOLA,G20,NORMAL,1.00,1.25,120.00,120.00,1.44
2026/08/01,CHA091,GONDOLA,G21,NORMAL,1.00,1.25,120.00,120.00,1.44
2026/08/01,CHA091,GONDOLA,G22,NORMAL,1.00,1.25,90.00,120.00,1.08
2026/08/01,CHA091,GONDOLA,G23,NORMAL,1.00,1.25,90.00,120.00,1.08
2026/08/01,CHA091,GONDOLA,G24,NORMAL,1.00,1.25,120.00,120.00,1.44
2026/08/01,CHA091,GONDOLA,G25,NORMAL,1.00,1.25,120.00,120.00,1.44
2026/08/01,CHA091,GONDOLA,G26,NORMAL,1.00,1.25,120.00,120.00,1.44
2026/08/01,CHA091,GONDOLA,G27,NORMAL,1.00,1.25,120.00,120.00,1.44
2026/08/01,CHA091,GONDOLA,G28,NORMAL,1.00,1.25,90.00,120.00,1.08
2026/08/01,CHA091,GONDOLA,G29,NORMAL,1.00,1.25,90.00,120.00,1.08
2026/08/01,CHA091,GONDOLA,G30,NORMAL,1.00,1.25,120.00,120.00,1.44
2026/08/01,CHA091,GONDOLA,G31,NORMAL,1.00,1.25,120.00,120.00,1.44
2026/08/01,CHA091,GONDOLA,G32,NORMAL,1.00,1.25,120.00,120.00,1.44
2026/08/01,CHA091,GONDOLA,G33,NORMAL,1.00,1.25,120.00,120.00,1.44
2026/08/01,CHA091,GONDOLA,G34,NORMAL,1.00,1.25,90.00,120.00,1.08
2026/08/01,CHA091,GONDOLA,G35,NORMAL,1.00,1.25,90.00,120.00,1.08
2026/08/01,CHA091,GONDOLA,G36,NORMAL,1.00,1.25,120.00,120.00,1.44
2026/08/01,CHA091,GONDOLA,G37,NORMAL,1.00,1.25,120.00,120.00,1.44
2026/08/01,CHA091,GONDOLA,G38,NORMAL,1.00,1.25,90.00,120.00,1.08
2026/08/01,CHA091,TREE_SIKU,T1,NORMAL,1.00,1.11,120.00,100.00,1.20
2026/08/01,CHA091,TREE_PLAYDOH,T2,NORMAL,1.00,1.00,50.00,157.00,0.79
2026/08/01,CHA091,PALLET_DISPLAY,P1,NORMAL,1.00,1.25,400.00,100.00,4.00
2026/08/01,CHA091,PALLET_DISPLAY,P2,NORMAL,1.00,1.25,400.00,100.00,4.00
2026/08/01,CHA091,PALLET_DISPLAY,P3,NORMAL,1.00,1.25,400.00,100.00,4.00
2026/08/01,CHA091,CASHIER_COUNTER,CC1,NORMAL,1.00,1.82,100.00,90.00,0.90
2026/08/01,CHA093,WALL_SHELF,W1,NORMAL,1.00,1.28,120.00,220.00,2.64
2026/08/01,CHA093,WALL_SHELF,W2,NORMAL,1.00,1.28,120.00,220.00,2.64
2026/08/01,CHA093,WALL_SHELF,W3,NORMAL,1.00,1.28,120.00,220.00,2.64
2026/08/01,CHA093,WALL_SHELF,W4,NORMAL,1.00,1.28,120.00,220.00,2.64
2026/08/01,CHA093,WALL_SHELF,W5,NORMAL,1.00,1.28,120.00,220.00,2.64
2026/08/01,CHA093,WALL_SHELF,W6,NORMAL,1.00,1.28,120.00,220.00,2.64
2026/08/01,CHA093,WALL_SHELF,W7,NORMAL,1.00,1.28,90.00,220.00,1.98
2026/08/01,CHA093,WALL_SHELF,W8,NORMAL,1.00,1.28,90.00,220.00,1.98
2026/08/01,CHA093,WALL_SHELF,W9,NORMAL,1.00,1.28,90.00,220.00,1.98
2026/08/01,CHA093,WALL_SHELF,W10,NORMAL,1.00,1.28,90.00,220.00,1.98
2026/08/01,CHA093,WALL_SHELF,W11,NORMAL,1.00,1.28,120.00,220.00,2.64
2026/08/01,CHA093,WALL_SHELF,W12,NORMAL,1.00,1.28,90.00,220.00,1.98
2026/08/01,CHA093,WALL_SHELF,W13,NORMAL,1.00,1.28,90.00,220.00,1.98
2026/08/01,CHA093,WALL_SHELF,W14,NORMAL,1.00,1.28,90.00,220.00,1.98
2026/08/01,CHA093,WALL_SHELF,W15,NORMAL,1.00,1.28,90.00,220.00,1.98
2026/08/01,CHA093,WALL_SHELF,W16,NORMAL,1.00,1.28,120.00,220.00,2.64
2026/08/01,CHA093,WALL_SHELF,W17,NORMAL,1.00,1.28,120.00,220.00,2.64
2026/08/01,CHA093,WALL_SHELF,W18,NORMAL,1.00,1.28,120.00,220.00,2.64
2026/08/01,CHA093,WALL_SHELF,W19,NORMAL,1.00,1.28,120.00,220.00,2.64
2026/08/01,CHA093,WALL_SHELF,W20,NORMAL,1.00,1.28,120.00,220.00,2.64
2026/08/01,CHA093,WALL_SHELF,W21,NORMAL,1.00,1.28,120.00,220.00,2.64
2026/08/01,CHA093,GONDOLA,GP1,HOT&NEW,1.00,1.25,90.00,120.00,1.08
2026/08/01,CHA093,GONDOLA,GP2,HOT&NEW,1.00,1.25,90.00,120.00,1.08
2026/08/01,CHA093,GONDOLA,G3,NORMAL,1.00,1.25,90.00,120.00,1.08
2026/08/01,CHA093,GONDOLA,G4,NORMAL,1.00,1.25,120.00,120.00,1.44
2026/08/01,CHA093,GONDOLA,G5,NORMAL,1.00,1.25,120.00,120.00,1.44
2026/08/01,CHA093,GONDOLA,G6,NORMAL,1.00,1.25,90.00,120.00,1.08
2026/08/01,CHA093,GONDOLA,G7,NORMAL,1.00,1.25,90.00,120.00,1.08
2026/08/01,CHA093,GONDOLA,G8,NORMAL,1.00,1.25,120.00,120.00,1.44
2026/08/01,CHA093,GONDOLA,G9,NORMAL,1.00,1.25,120.00,120.00,1.44
2026/08/01,CHA093,GONDOLA,G10,NORMAL,1.00,1.25,90.00,120.00,1.08
2026/08/01,CHA093,GONDOLA,G11,NORMAL,1.00,1.25,90.00,120.00,1.08
2026/08/01,CHA093,GONDOLA,G12,NORMAL,1.00,1.25,120.00,120.00,1.44
2026/08/01,CHA093,GONDOLA,G13,NORMAL,1.00,1.25,120.00,120.00,1.44
2026/08/01,CHA093,GONDOLA,G14,NORMAL,1.00,1.25,120.00,120.00,1.44
2026/08/01,CHA093,GONDOLA,G15,NORMAL,1.00,1.25,120.00,120.00,1.44
2026/08/01,CHA093,GONDOLA,G16,NORMAL,1.00,1.25,90.00,120.00,1.08
2026/08/01,CHA093,GONDOLA,G17,NORMAL,1.00,1.25,90.00,120.00,1.08
2026/08/01,CHA093,GONDOLA,G18,NORMAL,1.00,1.25,120.00,120.00,1.44
2026/08/01,CHA093,GONDOLA,G19,NORMAL,1.00,1.25,120.00,120.00,1.44
2026/08/01,CHA093,GONDOLA,G20,NORMAL,1.00,1.25,120.00,120.00,1.44
2026/08/01,CHA093,GONDOLA,G21,NORMAL,1.00,1.25,120.00,120.00,1.44
2026/08/01,CHA093,GONDOLA,G22,NORMAL,1.00,1.25,90.00,120.00,1.08
2026/08/01,CHA093,TREE_PLAYDOH,T1,NORMAL,1.00,1.00,50.00,157.00,0.79
2026/08/01,CHA093,TREE_HW,T2,NORMAL,1.00,1.14,120.00,100.00,1.20
2026/08/01,CHA093,TREE_SIKU,T3,NORMAL,1.00,1.11,120.00,100.00,1.20
2026/08/01,CHA093,PALLET_DISPLAY,P1,NORMAL,1.00,1.25,400.00,100.00,4.00
2026/08/01,CHA093,CASHIER_COUNTER,CC1,NORMAL,1.00,1.82,100.00,90.00,0.90
2026/08/01,CHA097,WALL_SHELF,W1,NORMAL,1.00,1.28,120.00,220.00,2.64
2026/08/01,CHA097,WALL_SHELF,W2,NORMAL,1.00,1.28,120.00,220.00,2.64
2026/08/01,CHA097,WALL_SHELF,W3,NORMAL,1.00,1.28,120.00,220.00,2.64
2026/08/01,CHA097,WALL_SHELF,W4,NORMAL,1.00,1.28,120.00,220.00,2.64
2026/08/01,CHA097,WALL_SHELF,W5,NORMAL,1.00,1.28,120.00,220.00,2.64
2026/08/01,CHA097,WALL_SHELF,W6,NORMAL,1.00,1.28,120.00,220.00,2.64
2026/08/01,CHA097,WALL_SHELF,W7,NORMAL,1.00,1.28,90.00,220.00,1.98
2026/08/01,CHA097,WALL_SHELF,W8,NORMAL,1.00,1.28,120.00,220.00,2.64
2026/08/01,CHA097,WALL_SHELF,W9,NORMAL,1.00,1.28,120.00,220.00,2.64
2026/08/01,CHA097,WALL_SHELF,W10,NORMAL,1.00,1.28,120.00,220.00,2.64
2026/08/01,CHA097,WALL_SHELF,W11,NORMAL,1.00,1.28,120.00,220.00,2.64
2026/08/01,CHA097,WALL_SHELF,W12,NORMAL,1.00,1.28,120.00,220.00,2.64
2026/08/01,CHA097,WALL_SHELF,W13,NORMAL,1.00,1.28,120.00,220.00,2.64
2026/08/01,CHA097,WALL_SHELF,W14,NORMAL,1.00,1.28,120.00,220.00,2.64
2026/08/01,CHA097,WALL_SHELF,W15,NORMAL,1.00,1.28,120.00,220.00,2.64
2026/08/01,CHA097,WALL_SHELF,W16,NORMAL,1.00,1.28,120.00,220.00,2.64
2026/08/01,CHA097,WALL_SHELF,W17,NORMAL,1.00,1.28,120.00,220.00,2.64
2026/08/01,CHA097,WALL_SHELF,W18,NORMAL,1.00,1.28,120.00,220.00,2.64
2026/08/01,CHA097,WALL_SHELF,W19,NORMAL,1.00,1.28,90.00,220.00,1.98
2026/08/01,CHA097,WALL_SHELF,W20,NORMAL,1.00,1.28,90.00,220.00,1.98
2026/08/01,CHA097,WALL_SHELF,W21,NORMAL,1.00,1.28,90.00,220.00,1.98
2026/08/01,CHA097,WALL_SHELF,W22,NORMAL,1.00,1.28,120.00,220.00,2.64
2026/08/01,CHA097,WALL_SHELF,W23,NORMAL,1.00,1.28,120.00,220.00,2.64
2026/08/01,CHA097,WALL_SHELF,W24,NORMAL,1.00,1.28,120.00,220.00,2.64
2026/08/01,CHA097,WALL_SHELF,W25,NORMAL,1.00,1.28,120.00,220.00,2.64
2026/08/01,CHA097,WALL_SHELF,W26,NORMAL,1.00,1.28,120.00,220.00,2.64
2026/08/01,CHA097,WALL_SHELF,W27,NORMAL,1.00,1.28,120.00,220.00,2.64
2026/08/01,CHA097,WALL_SHELF,W28,NORMAL,1.00,1.28,120.00,220.00,2.64
2026/08/01,CHA097,WALL_SHELF,W29,NORMAL,1.00,1.28,120.00,220.00,2.64
2026/08/01,CHA097,WALL_SHELF,W30,NORMAL,1.00,1.28,120.00,220.00,2.64
2026/08/01,CHA097,WALL_SHELF,W31,NORMAL,1.00,1.28,120.00,220.00,2.64
2026/08/01,CHA097,WALL_SHELF,W32,NORMAL,1.00,1.28,120.00,220.00,2.64
2026/08/01,CHA097,WALL_SHELF,W33,NORMAL,1.00,1.28,90.00,220.00,1.98
2026/08/01,CHA097,WALL_SHELF,W34,NORMAL,1.00,1.28,90.00,220.00,1.98
2026/08/01,CHA097,WALL_SHELF,W35,NORMAL,1.00,1.28,120.00,220.00,2.64
2026/08/01,CHA097,WALL_SHELF,W36,NORMAL,1.00,1.28,120.00,220.00,2.64
2026/08/01,CHA097,WALL_SHELF,W37,NORMAL,1.00,1.28,120.00,220.00,2.64
2026/08/01,CHA097,WALL_SHELF,W38,NORMAL,1.00,1.28,120.00,220.00,2.64
2026/08/01,CHA097,GONDOLA,GP1,HOT&NEW,1.00,1.25,90.00,120.00,1.08
2026/08/01,CHA097,GONDOLA,GP2,HOT&NEW,1.00,1.25,90.00,120.00,1.08
2026/08/01,CHA097,GONDOLA,G3,NORMAL,1.00,1.25,90.00,120.00,1.08
2026/08/01,CHA097,GONDOLA,G4,NORMAL,1.00,1.25,120.00,120.00,1.44
2026/08/01,CHA097,GONDOLA,G5,NORMAL,1.00,1.25,120.00,120.00,1.44
2026/08/01,CHA097,GONDOLA,G6,NORMAL,1.00,1.25,120.00,120.00,1.44
2026/08/01,CHA097,GONDOLA,G7,NORMAL,1.00,1.25,120.00,120.00,1.44
2026/08/01,CHA097,GONDOLA,G8,NORMAL,1.00,1.25,90.00,120.00,1.08
2026/08/01,CHA097,GONDOLA,G9,NORMAL,1.00,1.25,90.00,120.00,1.08
2026/08/01,CHA097,GONDOLA,G10,NORMAL,1.00,1.25,120.00,120.00,1.44
2026/08/01,CHA097,GONDOLA,G11,NORMAL,1.00,1.25,120.00,120.00,1.44
2026/08/01,CHA097,GONDOLA,G12,NORMAL,1.00,1.25,120.00,120.00,1.44
2026/08/01,CHA097,GONDOLA,G13,NORMAL,1.00,1.25,120.00,120.00,1.44
2026/08/01,CHA097,GONDOLA,G14,NORMAL,1.00,1.25,90.00,120.00,1.08
2026/08/01,CHA097,GONDOLA,G15,NORMAL,1.00,1.25,90.00,120.00,1.08
2026/08/01,CHA097,GONDOLA,G16,NORMAL,1.00,1.25,120.00,120.00,1.44
2026/08/01,CHA097,GONDOLA,G17,NORMAL,1.00,1.25,120.00,120.00,1.44
2026/08/01,CHA097,GONDOLA,G18,NORMAL,1.00,1.25,90.00,120.00,1.08
2026/08/01,CHA097,TREE_PLAYDOH,T1,NORMAL,1.00,1.00,50.00,157.00,0.79
2026/08/01,CHA097,TREE_SIKU,T2,NORMAL,1.00,1.11,120.00,100.00,1.20
2026/08/01,CHA097,TREE_HW,T3,NORMAL,1.00,1.14,120.00,100.00,1.20
2026/08/01,CHA097,PALLET_DISPLAY,P1,NORMAL,1.00,1.25,400.00,100.00,4.00
2026/08/01,CHA097,PALLET_DISPLAY,P2,NORMAL,1.00,1.25,400.00,100.00,4.00
2026/08/01,CHA097,ISLAND_DISPLAY,IP1,PROMOTION,1.00,1.00,280.00,100.00,2.80
2026/08/01,CHA097,WALL_SHELF,WH1,NORMAL,1.00,1.28,60.00,220.00,1.32
2026/08/01,CHA097,WALL_SHELF,WH2,NORMAL,1.00,1.28,60.00,220.00,1.32
2026/08/01,CHA097,CASHIER_COUNTER,CC1,NORMAL,1.00,1.82,100.00,90.00,0.90
2026/08/01,CHA099,WALL_SHELF,W1,NORMAL,1.00,1.28,120.00,220.00,2.64
2026/08/01,CHA099,WALL_SHELF,W2,NORMAL,1.00,1.28,120.00,220.00,2.64
2026/08/01,CHA099,WALL_SHELF,W3,NORMAL,1.00,1.28,120.00,220.00,2.64
2026/08/01,CHA099,WALL_SHELF,W4,NORMAL,1.00,1.28,120.00,220.00,2.64
2026/08/01,CHA099,WALL_SHELF,W5,NORMAL,1.00,1.28,120.00,220.00,2.64
2026/08/01,CHA099,WALL_SHELF,W6,NORMAL,1.00,1.28,120.00,220.00,2.64
2026/08/01,CHA099,WALL_SHELF,W7,NORMAL,1.00,1.28,120.00,220.00,2.64
2026/08/01,CHA099,WALL_SHELF,W8,NORMAL,1.00,1.28,120.00,220.00,2.64
2026/08/01,CHA099,WALL_SHELF,W9,NORMAL,1.00,1.28,90.00,220.00,1.98
2026/08/01,CHA099,WALL_SHELF,W10,NORMAL,1.00,1.28,120.00,220.00,2.64
2026/08/01,CHA099,WALL_SHELF,W11,NORMAL,1.00,1.28,90.00,220.00,1.98
2026/08/01,CHA099,WALL_SHELF,W12,NORMAL,1.00,1.28,90.00,220.00,1.98
2026/08/01,CHA099,WALL_SHELF,W13,NORMAL,1.00,1.28,90.00,220.00,1.98
2026/08/01,CHA099,WALL_SHELF,W14,NORMAL,1.00,1.28,90.00,220.00,1.98
2026/08/01,CHA099,WALL_SHELF,W15,NORMAL,1.00,1.28,90.00,220.00,1.98
2026/08/01,CHA099,WALL_SHELF,W16,NORMAL,1.00,1.28,120.00,220.00,2.64
2026/08/01,CHA099,WALL_SHELF,W17,NORMAL,1.00,1.28,90.00,220.00,1.98
2026/08/01,CHA099,WALL_SHELF,W18,NORMAL,1.00,1.28,90.00,220.00,1.98
2026/08/01,CHA099,WALL_SHELF,W19,NORMAL,1.00,1.28,120.00,220.00,2.64
2026/08/01,CHA099,WALL_SHELF,W20,NORMAL,1.00,1.28,120.00,220.00,2.64
2026/08/01,CHA099,WALL_SHELF,W21,NORMAL,1.00,1.28,120.00,220.00,2.64
2026/08/01,CHA099,WALL_SHELF,W22,NORMAL,1.00,1.28,120.00,220.00,2.64
2026/08/01,CHA099,WALL_SHELF,W23,NORMAL,1.00,1.28,120.00,220.00,2.64
2026/08/01,CHA099,WALL_SHELF,W24,NORMAL,1.00,1.28,120.00,220.00,2.64
2026/08/01,CHA099,WALL_SHELF,W25,NORMAL,1.00,1.28,120.00,220.00,2.64
2026/08/01,CHA099,WALL_SHELF,W26,NORMAL,1.00,1.28,120.00,220.00,2.64
2026/08/01,CHA099,GONDOLA,GP1,HOT&NEW,1.00,1.25,90.00,120.00,1.08
2026/08/01,CHA099,GONDOLA,G2,NORMAL,1.00,1.25,120.00,120.00,1.44
2026/08/01,CHA099,GONDOLA,G3,NORMAL,1.00,1.25,120.00,120.00,1.44
2026/08/01,CHA099,GONDOLA,G4,NORMAL,1.00,1.25,90.00,120.00,1.08
2026/08/01,CHA099,GONDOLA,G5,NORMAL,1.00,1.25,120.00,120.00,1.44
2026/08/01,CHA099,GONDOLA,G6,NORMAL,1.00,1.25,120.00,120.00,1.44
2026/08/01,CHA099,GONDOLA,G7,NORMAL,1.00,1.25,90.00,120.00,1.08
2026/08/01,CHA099,GONDOLA,G8,NORMAL,1.00,1.25,90.00,120.00,1.08
2026/08/01,CHA099,GONDOLA,G9,NORMAL,1.00,1.25,90.00,120.00,1.08
2026/08/01,CHA099,GONDOLA,G10,NORMAL,1.00,1.25,120.00,120.00,1.44
2026/08/01,CHA099,GONDOLA,G11,NORMAL,1.00,1.25,120.00,120.00,1.44
2026/08/01,CHA099,GONDOLA,G12,NORMAL,1.00,1.25,90.00,120.00,1.08
2026/08/01,CHA099,GONDOLA,G13,NORMAL,1.00,1.25,120.00,120.00,1.44
2026/08/01,CHA099,GONDOLA,G14,NORMAL,1.00,1.25,120.00,120.00,1.44
2026/08/01,CHA099,GONDOLA,G15,NORMAL,1.00,1.25,90.00,120.00,1.08
2026/08/01,CHA099,GONDOLA,G16,NORMAL,1.00,1.25,90.00,120.00,1.08
2026/08/01,CHA099,TREE_PLAYDOH,T1,NORMAL,1.00,1.00,50.00,157.00,0.79
2026/08/01,CHA099,TREE_HW,T2,NORMAL,1.00,1.14,120.00,100.00,1.20
2026/08/01,CHA099,TREE_SIKU,T3,NORMAL,1.00,1.11,120.00,100.00,1.20
2026/08/01,CHA099,WALL_SHELF,WH1,NORMAL,1.00,1.28,80.00,220.00,1.76
2026/08/01,CHA099,CASHIER_COUNTER,CC1,NORMAL,1.00,1.82,100.00,90.00,0.90
2026/08/01,CHA102,WALL_SHELF,W1,NORMAL,1.00,1.28,120.00,220.00,2.64
2026/08/01,CHA102,WALL_SHELF,W2,NORMAL,1.00,1.28,120.00,220.00,2.64
2026/08/01,CHA102,WALL_SHELF,W3,NORMAL,1.00,1.28,120.00,220.00,2.64
2026/08/01,CHA102,WALL_SHELF,W4,NORMAL,1.00,1.28,120.00,220.00,2.64
2026/08/01,CHA102,WALL_SHELF,W5,NORMAL,1.00,1.28,120.00,220.00,2.64
2026/08/01,CHA102,WALL_SHELF,W6,NORMAL,1.00,1.28,120.00,220.00,2.64
2026/08/01,CHA102,WALL_SHELF,W7,NORMAL,1.00,1.28,120.00,220.00,2.64
2026/08/01,CHA102,WALL_SHELF,W8,NORMAL,1.00,1.28,120.00,220.00,2.64
2026/08/01,CHA102,WALL_SHELF,W9,NORMAL,1.00,1.28,120.00,220.00,2.64
2026/08/01,CHA102,WALL_SHELF,W10,NORMAL,1.00,1.28,120.00,220.00,2.64
2026/08/01,CHA102,WALL_SHELF,W11,NORMAL,1.00,1.28,120.00,220.00,2.64
2026/08/01,CHA102,WALL_SHELF,W12,NORMAL,1.00,1.28,90.00,220.00,1.98
2026/08/01,CHA102,WALL_SHELF,W13,NORMAL,1.00,1.28,90.00,220.00,1.98
2026/08/01,CHA102,WALL_SHELF,W14,NORMAL,1.00,1.28,90.00,220.00,1.98
2026/08/01,CHA102,WALL_SHELF,W15,NORMAL,1.00,1.28,90.00,220.00,1.98
2026/08/01,CHA102,WALL_SHELF,W16,NORMAL,1.00,1.28,120.00,220.00,2.64
2026/08/01,CHA102,WALL_SHELF,W17,NORMAL,1.00,1.28,120.00,220.00,2.64
2026/08/01,CHA102,WALL_SHELF,W18,NORMAL,1.00,1.28,120.00,220.00,2.64
2026/08/01,CHA102,WALL_SHELF,W19,NORMAL,1.00,1.28,120.00,220.00,2.64
2026/08/01,CHA102,WALL_SHELF,W20,NORMAL,1.00,1.28,120.00,220.00,2.64
2026/08/01,CHA102,GONDOLA,GP1,HOT&NEW,1.00,1.25,90.00,120.00,1.08
2026/08/01,CHA102,GONDOLA,G2,NORMAL,1.00,1.25,120.00,120.00,1.44
2026/08/01,CHA102,GONDOLA,G3,NORMAL,1.00,1.25,120.00,120.00,1.44
2026/08/01,CHA102,GONDOLA,G4,NORMAL,1.00,1.25,120.00,120.00,1.44
2026/08/01,CHA102,GONDOLA,G5,NORMAL,1.00,1.25,120.00,120.00,1.44
2026/08/01,CHA102,GONDOLA,G6,NORMAL,1.00,1.25,90.00,120.00,1.08
2026/08/01,CHA102,GONDOLA,G7,NORMAL,1.00,1.25,90.00,120.00,1.08
2026/08/01,CHA102,GONDOLA,G8,NORMAL,1.00,1.25,120.00,120.00,1.44
2026/08/01,CHA102,GONDOLA,G9,NORMAL,1.00,1.25,120.00,120.00,1.44
2026/08/01,CHA102,GONDOLA,G10,NORMAL,1.00,1.25,120.00,120.00,1.44
2026/08/01,CHA102,GONDOLA,G11,NORMAL,1.00,1.25,120.00,120.00,1.44
2026/08/01,CHA102,GONDOLA,G12,NORMAL,1.00,1.25,90.00,120.00,1.08
2026/08/01,CHA102,TREE_SIKU,T1,NORMAL,1.00,1.11,120.00,100.00,1.20
2026/08/01,CHA102,TREE_PLAYDOH,T2,NORMAL,1.00,1.00,50.00,157.00,0.79
2026/08/01,CHA102,TREE_HW,T4,NORMAL,1.00,1.14,120.00,100.00,1.20
2026/08/01,CHA102,CASHIER_COUNTER,CC1,NORMAL,1.00,1.82,100.00,90.00,0.90
2026/08/01,CHA103,WALL_SHELF,W1,NORMAL,1.00,1.28,120.00,220.00,2.64
2026/08/01,CHA103,WALL_SHELF,W2,NORMAL,1.00,1.28,120.00,220.00,2.64
2026/08/01,CHA103,WALL_SHELF,W3,NORMAL,1.00,1.28,120.00,220.00,2.64
2026/08/01,CHA103,WALL_SHELF,W4,NORMAL,1.00,1.28,120.00,220.00,2.64
2026/08/01,CHA103,WALL_SHELF,W5,NORMAL,1.00,1.28,120.00,220.00,2.64
2026/08/01,CHA103,WALL_SHELF,W6,NORMAL,1.00,1.28,120.00,220.00,2.64
2026/08/01,CHA103,WALL_SHELF,W7,NORMAL,1.00,1.28,120.00,220.00,2.64
2026/08/01,CHA103,WALL_SHELF,W8,NORMAL,1.00,1.28,120.00,220.00,2.64
2026/08/01,CHA103,WALL_SHELF,W9,NORMAL,1.00,1.28,120.00,220.00,2.64
2026/08/01,CHA103,WALL_SHELF,W10,NORMAL,1.00,1.28,120.00,220.00,2.64
2026/08/01,CHA103,WALL_SHELF,W11,NORMAL,1.00,1.28,120.00,220.00,2.64
2026/08/01,CHA103,WALL_SHELF,W12,NORMAL,1.00,1.28,120.00,220.00,2.64
2026/08/01,CHA103,WALL_SHELF,W13,NORMAL,1.00,1.28,120.00,220.00,2.64
2026/08/01,CHA103,WALL_SHELF,W14,NORMAL,1.00,1.28,90.00,220.00,1.98
2026/08/01,CHA103,WALL_SHELF,W15,NORMAL,1.00,1.28,85.00,220.00,1.87
2026/08/01,CHA103,WALL_SHELF,W16,NORMAL,1.00,1.28,85.00,220.00,1.87
2026/08/01,CHA103,WALL_SHELF,W17,NORMAL,1.00,1.28,85.00,220.00,1.87
2026/08/01,CHA103,WALL_SHELF,W18,NORMAL,1.00,1.28,90.00,220.00,1.98
2026/08/01,CHA103,WALL_SHELF,W19,NORMAL,1.00,1.28,120.00,220.00,2.64
2026/08/01,CHA103,WALL_SHELF,W20,NORMAL,1.00,1.28,120.00,220.00,2.64
2026/08/01,CHA103,WALL_SHELF,W21,NORMAL,1.00,1.28,120.00,220.00,2.64
2026/08/01,CHA103,WALL_SHELF,W22,NORMAL,1.00,1.28,120.00,220.00,2.64
2026/08/01,CHA103,WALL_SHELF,W23,NORMAL,1.00,1.28,120.00,220.00,2.64
2026/08/01,CHA103,WALL_SHELF,W24,NORMAL,1.00,1.28,120.00,220.00,2.64
2026/08/01,CHA103,GONDOLA,GP1,HOT&NEW,1.00,1.25,90.00,120.00,1.08
2026/08/01,CHA103,GONDOLA,GP2,HOT&NEW,1.00,1.25,90.00,120.00,1.08
2026/08/01,CHA103,GONDOLA,G3,NORMAL,1.00,1.25,90.00,120.00,1.08
2026/08/01,CHA103,GONDOLA,G4,NORMAL,1.00,1.25,120.00,120.00,1.44
2026/08/01,CHA103,GONDOLA,G5,NORMAL,1.00,1.25,120.00,120.00,1.44
2026/08/01,CHA103,GONDOLA,G6,NORMAL,1.00,1.25,120.00,120.00,1.44
2026/08/01,CHA103,GONDOLA,G7,NORMAL,1.00,1.25,120.00,120.00,1.44
2026/08/01,CHA103,GONDOLA,G8,NORMAL,1.00,1.25,120.00,120.00,1.44
2026/08/01,CHA103,GONDOLA,G9,NORMAL,1.00,1.25,120.00,120.00,1.44
2026/08/01,CHA103,GONDOLA,G10,NORMAL,1.00,1.25,90.00,120.00,1.08
2026/08/01,CHA103,GONDOLA,G11,NORMAL,1.00,1.25,90.00,120.00,1.08
2026/08/01,CHA103,GONDOLA,G12,NORMAL,1.00,1.25,120.00,120.00,1.44
2026/08/01,CHA103,GONDOLA,G13,NORMAL,1.00,1.25,120.00,120.00,1.44
2026/08/01,CHA103,GONDOLA,G14,NORMAL,1.00,1.25,120.00,120.00,1.44
2026/08/01,CHA103,GONDOLA,G15,NORMAL,1.00,1.25,120.00,120.00,1.44
2026/08/01,CHA103,GONDOLA,G16,NORMAL,1.00,1.25,90.00,120.00,1.08
2026/08/01,CHA103,GONDOLA,G17,NORMAL,1.00,1.25,90.00,120.00,1.08
2026/08/01,CHA103,GONDOLA,G18,NORMAL,1.00,1.25,120.00,120.00,1.44
2026/08/01,CHA103,GONDOLA,G19,NORMAL,1.00,1.25,120.00,120.00,1.44
2026/08/01,CHA103,GONDOLA,G20,NORMAL,1.00,1.25,120.00,120.00,1.44
2026/08/01,CHA103,GONDOLA,G21,NORMAL,1.00,1.25,120.00,120.00,1.44
2026/08/01,CHA103,GONDOLA,G22,NORMAL,1.00,1.25,120.00,120.00,1.44
2026/08/01,CHA103,GONDOLA,G23,NORMAL,1.00,1.25,120.00,120.00,1.44
2026/08/01,CHA103,GONDOLA,G24,NORMAL,1.00,1.25,90.00,120.00,1.08
2026/08/01,CHA103,TREE_PLAYDOH,T1,NORMAL,1.00,1.00,50.00,157.00,0.79
2026/08/01,CHA103,TREE_SIKU,T2,NORMAL,1.00,1.11,120.00,100.00,1.20
2026/08/01,CHA103,TREE_HW,T3,NORMAL,1.00,1.14,120.00,100.00,1.20
2026/08/01,CHA103,PALLET_DISPLAY,P1,NORMAL,1.00,1.25,400.00,100.00,4.00
2026/08/01,CHA103,CASHIER_COUNTER,CC1,NORMAL,1.00,1.82,100.00,90.00,0.90
2026/08/01,CHA106,WALL_SHELF,W1,NORMAL,1.00,1.28,120.00,220.00,2.64
2026/08/01,CHA106,WALL_SHELF,W2,NORMAL,1.00,1.28,120.00,220.00,2.64
2026/08/01,CHA106,WALL_SHELF,W3,NORMAL,1.00,1.28,120.00,220.00,2.64
2026/08/01,CHA106,WALL_SHELF,W4,NORMAL,1.00,1.28,120.00,220.00,2.64
2026/08/01,CHA106,WALL_SHELF,W5,NORMAL,1.00,1.28,120.00,220.00,2.64
2026/08/01,CHA106,WALL_SHELF,W6,NORMAL,1.00,1.28,120.00,220.00,2.64
2026/08/01,CHA106,WALL_SHELF,W7,NORMAL,1.00,1.28,120.00,220.00,2.64
2026/08/01,CHA106,WALL_SHELF,W8,NORMAL,1.00,1.28,120.00,220.00,2.64
2026/08/01,CHA106,WALL_SHELF,W9,NORMAL,1.00,1.28,90.00,220.00,1.98
2026/08/01,CHA106,WALL_SHELF,W10,NORMAL,1.00,1.28,120.00,220.00,2.64
2026/08/01,CHA106,WALL_SHELF,W11,NORMAL,1.00,1.28,120.00,220.00,2.64
2026/08/01,CHA106,WALL_SHELF,W12,NORMAL,1.00,1.28,120.00,220.00,2.64
2026/08/01,CHA106,WALL_SHELF,W13,NORMAL,1.00,1.28,120.00,220.00,2.64
2026/08/01,CHA106,WALL_SHELF,W14,NORMAL,1.00,1.28,120.00,220.00,2.64
2026/08/01,CHA106,WALL_SHELF,W15,NORMAL,1.00,1.28,120.00,220.00,2.64
2026/08/01,CHA106,WALL_SHELF,W16,NORMAL,1.00,1.28,120.00,220.00,2.64
2026/08/01,CHA106,WALL_SHELF,W17,NORMAL,1.00,1.28,120.00,220.00,2.64
2026/08/01,CHA106,WALL_SHELF,W18,NORMAL,1.00,1.28,120.00,220.00,2.64
2026/08/01,CHA106,WALL_SHELF,W19,NORMAL,1.00,1.28,120.00,220.00,2.64
2026/08/01,CHA106,WALL_SHELF,W20,NORMAL,1.00,1.28,120.00,220.00,2.64
2026/08/01,CHA106,WALL_SHELF,W21,NORMAL,1.00,1.28,120.00,220.00,2.64
2026/08/01,CHA106,WALL_SHELF,W22,NORMAL,1.00,1.28,120.00,220.00,2.64
2026/08/01,CHA106,WALL_SHELF,W23,NORMAL,1.00,1.28,120.00,220.00,2.64
2026/08/01,CHA106,WALL_SHELF,W24,NORMAL,1.00,1.28,120.00,220.00,2.64
2026/08/01,CHA106,WALL_SHELF,W25,NORMAL,1.00,1.28,120.00,220.00,2.64
2026/08/01,CHA106,WALL_SHELF,W26,NORMAL,1.00,1.28,120.00,220.00,2.64
2026/08/01,CHA106,WALL_SHELF,W27,NORMAL,1.00,1.28,120.00,220.00,2.64
2026/08/01,CHA106,WALL_SHELF,W28,NORMAL,1.00,1.28,160.00,220.00,3.52
2026/08/01,CHA106,WALL_SHELF,W29,NORMAL,1.00,1.28,120.00,220.00,2.64
2026/08/01,CHA106,GONDOLA,GP1,HOT&NEW,1.00,1.25,90.00,120.00,1.08
2026/08/01,CHA106,GONDOLA,GP2,HOT&NEW,1.00,1.25,90.00,120.00,1.08
2026/08/01,CHA106,GONDOLA,G3,NORMAL,1.00,1.25,90.00,120.00,1.08
2026/08/01,CHA106,GONDOLA,G4,NORMAL,1.00,1.25,120.00,120.00,1.44
2026/08/01,CHA106,GONDOLA,G5,NORMAL,1.00,1.25,120.00,120.00,1.44
2026/08/01,CHA106,GONDOLA,G6,NORMAL,1.00,1.25,90.00,120.00,1.08
2026/08/01,CHA106,GONDOLA,G7,NORMAL,1.00,1.25,90.00,120.00,1.08
2026/08/01,CHA106,GONDOLA,G8,NORMAL,1.00,1.25,120.00,120.00,1.44
2026/08/01,CHA106,GONDOLA,G9,NORMAL,1.00,1.25,120.00,120.00,1.44
2026/08/01,CHA106,GONDOLA,G10,NORMAL,1.00,1.25,90.00,120.00,1.08
2026/08/01,CHA106,GONDOLA,G11,NORMAL,1.00,1.25,90.00,120.00,1.08
2026/08/01,CHA106,GONDOLA,G12,NORMAL,1.00,1.25,120.00,120.00,1.44
2026/08/01,CHA106,GONDOLA,G13,NORMAL,1.00,1.25,120.00,120.00,1.44
2026/08/01,CHA106,GONDOLA,G14,NORMAL,1.00,1.25,90.00,120.00,1.08
2026/08/01,CHA106,GONDOLA,G15,NORMAL,1.00,1.25,90.00,120.00,1.08
2026/08/01,CHA106,GONDOLA,G16,NORMAL,1.00,1.25,120.00,120.00,1.44
2026/08/01,CHA106,GONDOLA,G17,NORMAL,1.00,1.25,120.00,120.00,1.44
2026/08/01,CHA106,GONDOLA,G18,NORMAL,1.00,1.25,90.00,120.00,1.08
2026/08/01,CHA106,GONDOLA,G19,NORMAL,1.00,1.25,90.00,120.00,1.08
2026/08/01,CHA106,GONDOLA,G20,NORMAL,1.00,1.25,120.00,120.00,1.44
2026/08/01,CHA106,GONDOLA,G21,NORMAL,1.00,1.25,120.00,120.00,1.44
2026/08/01,CHA106,GONDOLA,G22,NORMAL,1.00,1.25,90.00,120.00,1.08
2026/08/01,CHA106,GONDOLA,G23,NORMAL,1.00,1.25,90.00,120.00,1.08
2026/08/01,CHA106,GONDOLA,G24,NORMAL,1.00,1.25,120.00,120.00,1.44
2026/08/01,CHA106,GONDOLA,G25,NORMAL,1.00,1.25,120.00,120.00,1.44
2026/08/01,CHA106,GONDOLA,G26,NORMAL,1.00,1.25,90.00,120.00,1.08
2026/08/01,CHA106,GONDOLA,G27,NORMAL,1.00,1.25,120.00,120.00,1.44
2026/08/01,CHA106,GONDOLA,G28,NORMAL,1.00,1.25,240.00,120.00,2.88
2026/08/01,CHA106,GONDOLA,G29,NORMAL,1.00,1.25,240.00,120.00,2.88
2026/08/01,CHA106,TREE_HW,T1,NORMAL,1.00,1.14,120.00,100.00,1.20
2026/08/01,CHA106,TREE_SIKU,T2,NORMAL,1.00,1.11,120.00,100.00,1.20
2026/08/01,CHA106,TREE_PLAYDOH,T3,NORMAL,1.00,1.00,50.00,157.00,0.79
2026/08/01,CHA106,TREE_KEYCHAIN,T4,NORMAL,1.00,1.14,120.00,100.00,1.20
2026/08/01,CHA106,PALLET_DISPLAY,P1,NORMAL,1.00,1.25,400.00,100.00,4.00
2026/08/01,CHA106,PALLET_DISPLAY,P2,NORMAL,1.00,1.25,400.00,100.00,4.00
2026/08/01,CHA106,ISLAND_DISPLAY,IP1,PROMOTION,1.00,1.00,280.00,100.00,2.80
2026/08/01,CHA106,CASHIER_COUNTER,CC1,NORMAL,1.00,1.82,100.00,90.00,0.90
2026/08/01,CHA110,WALL_SHELF,W1,NORMAL,1.00,1.28,120.00,220.00,2.64
2026/08/01,CHA110,WALL_SHELF,W2,NORMAL,1.00,1.28,120.00,220.00,2.64
2026/08/01,CHA110,WALL_SHELF,W3,NORMAL,1.00,1.28,120.00,220.00,2.64
2026/08/01,CHA110,WALL_SHELF,W4,NORMAL,1.00,1.28,120.00,220.00,2.64
2026/08/01,CHA110,WALL_SHELF,W5,NORMAL,1.00,1.28,120.00,220.00,2.64
2026/08/01,CHA110,WALL_SHELF,W6,NORMAL,1.00,1.28,120.00,220.00,2.64
2026/08/01,CHA110,WALL_SHELF,W7,NORMAL,1.00,1.28,120.00,220.00,2.64
2026/08/01,CHA110,WALL_SHELF,W8,NORMAL,1.00,1.28,120.00,220.00,2.64
2026/08/01,CHA110,WALL_SHELF,W9,NORMAL,1.00,1.28,120.00,220.00,2.64
2026/08/01,CHA110,WALL_SHELF,W10,NORMAL,1.00,1.28,120.00,220.00,2.64
2026/08/01,CHA110,WALL_SHELF,W11,NORMAL,1.00,1.28,120.00,220.00,2.64
2026/08/01,CHA110,WALL_SHELF,W12,NORMAL,1.00,1.28,140.00,220.00,3.08
2026/08/01,CHA110,WALL_SHELF,W13,NORMAL,1.00,1.28,120.00,220.00,2.64
2026/08/01,CHA110,WALL_SHELF,W14,NORMAL,1.00,1.28,90.00,220.00,1.98
2026/08/01,CHA110,WALL_SHELF,W15,NORMAL,1.00,1.28,90.00,220.00,1.98
2026/08/01,CHA110,WALL_SHELF,W16,NORMAL,1.00,1.28,120.00,220.00,2.64
2026/08/01,CHA110,WALL_SHELF,W17,NORMAL,1.00,1.28,120.00,220.00,2.64
2026/08/01,CHA110,WALL_SHELF,W18,NORMAL,1.00,1.28,120.00,220.00,2.64
2026/08/01,CHA110,WALL_SHELF,W19,NORMAL,1.00,1.28,120.00,220.00,2.64
2026/08/01,CHA110,WALL_SHELF,W20,NORMAL,1.00,1.28,120.00,220.00,2.64
2026/08/01,CHA110,WALL_SHELF,W21,NORMAL,1.00,1.28,120.00,220.00,2.64
2026/08/01,CHA110,WALL_SHELF,W22,NORMAL,1.00,1.28,120.00,220.00,2.64
2026/08/01,CHA110,WALL_SHELF,W23,NORMAL,1.00,1.28,120.00,220.00,2.64
2026/08/01,CHA110,WALL_SHELF,W24,NORMAL,1.00,1.28,120.00,220.00,2.64
2026/08/01,CHA110,WALL_SHELF,W25,NORMAL,1.00,1.28,120.00,220.00,2.64
2026/08/01,CHA110,WALL_SHELF,W26,NORMAL,1.00,1.28,120.00,220.00,2.64
2026/08/01,CHA110,GONDOLA,GP1,HOT&NEW,1.00,1.25,90.00,120.00,1.08
2026/08/01,CHA110,GONDOLA,GP2,HOT&NEW,1.00,1.25,90.00,120.00,1.08
2026/08/01,CHA110,GONDOLA,G3,NORMAL,1.00,1.25,60.00,120.00,0.72
2026/08/01,CHA110,GONDOLA,G4,NORMAL,1.00,1.25,120.00,120.00,1.44
2026/08/01,CHA110,GONDOLA,G5,NORMAL,1.00,1.25,120.00,120.00,1.44
2026/08/01,CHA110,GONDOLA,G6,NORMAL,1.00,1.25,60.00,120.00,0.72
2026/08/01,CHA110,GONDOLA,G7,NORMAL,1.00,1.25,60.00,120.00,0.72
2026/08/01,CHA110,GONDOLA,G8,NORMAL,1.00,1.25,120.00,120.00,1.44
2026/08/01,CHA110,GONDOLA,G9,NORMAL,1.00,1.25,120.00,120.00,1.44
2026/08/01,CHA110,GONDOLA,G10,NORMAL,1.00,1.25,60.00,120.00,0.72
2026/08/01,CHA110,GONDOLA,G11,NORMAL,1.00,1.25,60.00,120.00,0.72
2026/08/01,CHA110,GONDOLA,G12,NORMAL,1.00,1.25,120.00,120.00,1.44
2026/08/01,CHA110,GONDOLA,G13,NORMAL,1.00,1.25,120.00,120.00,1.44
2026/08/01,CHA110,GONDOLA,G14,NORMAL,1.00,1.25,60.00,120.00,0.72
2026/08/01,CHA110,GONDOLA,G15,NORMAL,1.00,1.25,90.00,120.00,1.08
2026/08/01,CHA110,GONDOLA,G16,NORMAL,1.00,1.25,120.00,120.00,1.44
2026/08/01,CHA110,GONDOLA,G17,NORMAL,1.00,1.25,120.00,120.00,1.44
2026/08/01,CHA110,GONDOLA,G18,NORMAL,1.00,1.25,120.00,120.00,1.44
2026/08/01,CHA110,GONDOLA,G19,NORMAL,1.00,1.25,120.00,120.00,1.44
2026/08/01,CHA110,GONDOLA,G20,NORMAL,1.00,1.25,90.00,120.00,1.08
2026/08/01,CHA110,GONDOLA,G21,NORMAL,1.00,1.25,90.00,120.00,1.08
2026/08/01,CHA110,GONDOLA,G22,NORMAL,1.00,1.25,120.00,120.00,1.44
2026/08/01,CHA110,GONDOLA,G23,NORMAL,1.00,1.25,120.00,120.00,1.44
2026/08/01,CHA110,GONDOLA,G24,NORMAL,1.00,1.25,120.00,120.00,1.44
2026/08/01,CHA110,GONDOLA,G25,NORMAL,1.00,1.25,120.00,120.00,1.44
2026/08/01,CHA110,GONDOLA,G26,NORMAL,1.00,1.25,120.00,120.00,1.44
2026/08/01,CHA110,GONDOLA,G27,NORMAL,1.00,1.25,120.00,120.00,1.44
2026/08/01,CHA110,GONDOLA,G28,NORMAL,1.00,1.25,90.00,120.00,1.08
2026/08/01,CHA110,TREE_HW,T1,NORMAL,1.00,1.14,120.00,100.00,1.20
2026/08/01,CHA110,TREE_PLAYDOH,T2,NORMAL,1.00,1.00,50.00,157.00,0.79
2026/08/01,CHA110,TREE_SIKU,T3,NORMAL,1.00,1.11,120.00,100.00,1.20
2026/08/01,CHA110,PALLET_DISPLAY,P1,NORMAL,1.00,1.25,400.00,100.00,4.00
2026/08/01,CHA110,CASHIER_COUNTER,CC1,NORMAL,1.00,1.82,100.00,90.00,0.90
2026/08/01,CHA115,WALL_SHELF,W1,NORMAL,1.00,1.28,90.00,220.00,1.98
2026/08/01,CHA115,WALL_SHELF,W2,NORMAL,1.00,1.28,120.00,220.00,2.64
2026/08/01,CHA115,WALL_SHELF,W3,NORMAL,1.00,1.28,120.00,220.00,2.64
2026/08/01,CHA115,WALL_SHELF,W4,NORMAL,1.00,1.28,120.00,220.00,2.64
2026/08/01,CHA115,WALL_SHELF,W5,NORMAL,1.00,1.28,120.00,220.00,2.64
2026/08/01,CHA115,WALL_SHELF,W6,NORMAL,1.00,1.28,120.00,220.00,2.64
2026/08/01,CHA115,WALL_SHELF,W7,NORMAL,1.00,1.28,90.00,220.00,1.98
2026/08/01,CHA115,WALL_SHELF,W8,NORMAL,1.00,1.28,120.00,220.00,2.64
2026/08/01,CHA115,WALL_SHELF,W9,NORMAL,1.00,1.28,120.00,220.00,2.64
2026/08/01,CHA115,WALL_SHELF,W10,NORMAL,1.00,1.28,90.00,220.00,1.98
2026/08/01,CHA115,WALL_SHELF,W11,NORMAL,1.00,1.28,120.00,220.00,2.64
2026/08/01,CHA115,WALL_SHELF,W12,NORMAL,1.00,1.28,120.00,220.00,2.64
2026/08/01,CHA115,WALL_SHELF,W13,NORMAL,1.00,1.28,120.00,220.00,2.64
2026/08/01,CHA115,WALL_SHELF,W14,NORMAL,1.00,1.28,120.00,220.00,2.64
2026/08/01,CHA115,WALL_SHELF,W15,NORMAL,1.00,1.28,120.00,220.00,2.64
2026/08/01,CHA115,WALL_SHELF,W16,NORMAL,1.00,1.28,120.00,220.00,2.64
2026/08/01,CHA115,WALL_SHELF,W17,NORMAL,1.00,1.28,90.00,220.00,1.98
2026/08/01,CHA115,WALL_SHELF,W18,NORMAL,1.00,1.28,120.00,220.00,2.64
2026/08/01,CHA115,WALL_SHELF,W19,NORMAL,1.00,1.28,90.00,220.00,1.98
2026/08/01,CHA115,WALL_SHELF,W20,NORMAL,1.00,1.28,90.00,220.00,1.98
2026/08/01,CHA115,GONDOLA,GP1,HOT&NEW,1.00,1.25,90.00,120.00,1.08
2026/08/01,CHA115,GONDOLA,G2,NORMAL,1.00,1.25,120.00,120.00,1.44
2026/08/01,CHA115,GONDOLA,G3,NORMAL,1.00,1.25,120.00,120.00,1.44
2026/08/01,CHA115,GONDOLA,G4,NORMAL,1.00,1.25,120.00,120.00,1.44
2026/08/01,CHA115,GONDOLA,G5,NORMAL,1.00,1.25,120.00,120.00,1.44
2026/08/01,CHA115,GONDOLA,G6,NORMAL,1.00,1.25,120.00,120.00,1.44
2026/08/01,CHA115,GONDOLA,G7,NORMAL,1.00,1.25,120.00,120.00,1.44
2026/08/01,CHA115,GONDOLA,G8,NORMAL,1.00,1.25,90.00,120.00,1.08
2026/08/01,CHA115,GONDOLA,G9,NORMAL,1.00,1.25,90.00,120.00,1.08
2026/08/01,CHA115,GONDOLA,G10,NORMAL,1.00,1.25,120.00,120.00,1.44
2026/08/01,CHA115,GONDOLA,G11,NORMAL,1.00,1.25,120.00,120.00,1.44
2026/08/01,CHA115,GONDOLA,G12,NORMAL,1.00,1.25,120.00,120.00,1.44
2026/08/01,CHA115,GONDOLA,G13,NORMAL,1.00,1.25,120.00,120.00,1.44
2026/08/01,CHA115,GONDOLA,G14,NORMAL,1.00,1.25,120.00,120.00,1.44
2026/08/01,CHA115,GONDOLA,G15,NORMAL,1.00,1.25,120.00,120.00,1.44
2026/08/01,CHA115,GONDOLA,G16,NORMAL,1.00,1.25,90.00,120.00,1.08
2026/08/01,CHA115,TREE_PLAYDOH,T1,NORMAL,1.00,1.00,50.00,157.00,0.79
2026/08/01,CHA115,ISLAND_DISPLAY,IP1,PROMOTION,1.00,1.00,280.00,100.00,2.80
2026/08/01,CHA115,CASHIER_COUNTER,CC1,NORMAL,1.00,1.82,100.00,90.00,0.90
2026/08/01,CHA118,WALL_SHELF,W1,NORMAL,1.00,1.28,120.00,220.00,2.64
2026/08/01,CHA118,WALL_SHELF,W2,NORMAL,1.00,1.28,120.00,220.00,2.64
2026/08/01,CHA118,WALL_SHELF,W3,NORMAL,1.00,1.28,120.00,220.00,2.64
2026/08/01,CHA118,WALL_SHELF,W4,NORMAL,1.00,1.28,90.00,220.00,1.98
2026/08/01,CHA118,WALL_SHELF,W5,NORMAL,1.00,1.28,120.00,220.00,2.64
2026/08/01,CHA118,WALL_SHELF,W6,NORMAL,1.00,1.28,90.00,220.00,1.98
2026/08/01,CHA118,WALL_SHELF,W7,NORMAL,1.00,1.28,90.00,220.00,1.98
2026/08/01,CHA118,WALL_SHELF,W8,NORMAL,1.00,1.28,90.00,220.00,1.98
2026/08/01,CHA118,WALL_SHELF,W9,NORMAL,1.00,1.28,120.00,220.00,2.64
2026/08/01,CHA118,WALL_SHELF,W10,NORMAL,1.00,1.28,90.00,220.00,1.98
2026/08/01,CHA118,WALL_SHELF,W11,NORMAL,1.00,1.28,120.00,220.00,2.64
2026/08/01,CHA118,WALL_SHELF,W12,NORMAL,1.00,1.28,90.00,220.00,1.98
2026/08/01,CHA118,WALL_SHELF,W13,NORMAL,1.00,1.28,90.00,220.00,1.98
2026/08/01,CHA118,WALL_SHELF,W14,NORMAL,1.00,1.28,90.00,220.00,1.98
2026/08/01,CHA118,WALL_SHELF,W15,NORMAL,1.00,1.28,90.00,220.00,1.98
2026/08/01,CHA118,WALL_SHELF,W16,NORMAL,1.00,1.28,90.00,220.00,1.98
2026/08/01,CHA118,WALL_SHELF,W17,NORMAL,1.00,1.28,90.00,220.00,1.98
2026/08/01,CHA118,GONDOLA,G1,NORMAL,1.00,1.25,65.00,120.00,0.78
2026/08/01,CHA118,GONDOLA,G2,NORMAL,1.00,1.25,120.00,120.00,1.44
2026/08/01,CHA118,GONDOLA,G3,NORMAL,1.00,1.25,120.00,120.00,1.44
2026/08/01,CHA118,GONDOLA,G4,NORMAL,1.00,1.25,65.00,120.00,0.78
2026/08/01,CHA118,GONDOLA,G5,NORMAL,1.00,1.25,90.00,120.00,1.08
2026/08/01,CHA118,GONDOLA,G6,NORMAL,1.00,1.25,120.00,120.00,1.44
2026/08/01,CHA118,GONDOLA,G7,NORMAL,1.00,1.25,120.00,120.00,1.44
2026/08/01,CHA118,GONDOLA,G8,NORMAL,1.00,1.25,120.00,120.00,1.44
2026/08/01,CHA118,GONDOLA,G9,NORMAL,1.00,1.25,120.00,120.00,1.44
2026/08/01,CHA118,GONDOLA,G10,NORMAL,1.00,1.25,90.00,120.00,1.08
2026/08/01,CHA118,GONDOLA,G11,NORMAL,1.00,1.25,90.00,120.00,1.08
2026/08/01,CHA118,GONDOLA,G12,NORMAL,1.00,1.25,120.00,120.00,1.44
2026/08/01,CHA118,GONDOLA,G13,NORMAL,1.00,1.25,120.00,120.00,1.44
2026/08/01,CHA118,GONDOLA,G14,NORMAL,1.00,1.25,120.00,120.00,1.44
2026/08/01,CHA118,GONDOLA,G15,NORMAL,1.00,1.25,120.00,120.00,1.44
2026/08/01,CHA118,GONDOLA,G16,NORMAL,1.00,1.25,90.00,120.00,1.08
2026/08/01,CHA118,GONDOLA,G17,NORMAL,1.00,1.25,90.00,120.00,1.08
2026/08/01,CHA118,GONDOLA,G18,NORMAL,1.00,1.25,120.00,120.00,1.44
2026/08/01,CHA118,GONDOLA,G19,NORMAL,1.00,1.25,120.00,120.00,1.44
2026/08/01,CHA118,GONDOLA,G20,NORMAL,1.00,1.25,120.00,120.00,1.44
2026/08/01,CHA118,GONDOLA,G21,NORMAL,1.00,1.25,120.00,120.00,1.44
2026/08/01,CHA118,GONDOLA,G22,NORMAL,1.00,1.25,120.00,120.00,1.44
2026/08/01,CHA118,GONDOLA,G23,NORMAL,1.00,1.25,120.00,120.00,1.44
2026/08/01,CHA118,GONDOLA,G24,NORMAL,1.00,1.25,90.00,120.00,1.08
2026/08/01,CHA118,TREE_PLAYDOH,T1,NORMAL,1.00,1.00,50.00,157.00,0.79
2026/08/01,CHA118,WALL_SHELF,WH1,NORMAL,1.00,1.28,120.00,220.00,2.64
2026/08/01,CHA118,CASHIER_COUNTER,CC1,NORMAL,1.00,1.82,100.00,90.00,0.90
2026/08/01,CHA120,WALL_SHELF,WP1,NORMAL,1.00,1.28,120.00,220.00,2.64
2026/08/01,CHA120,WALL_SHELF,W2,NORMAL,1.00,1.28,120.00,220.00,2.64
2026/08/01,CHA120,WALL_SHELF,W3,NORMAL,1.00,1.28,120.00,220.00,2.64
2026/08/01,CHA120,WALL_SHELF,W4,NORMAL,1.00,1.28,120.00,220.00,2.64
2026/08/01,CHA120,WALL_SHELF,W5,NORMAL,1.00,1.28,120.00,220.00,2.64
2026/08/01,CHA120,WALL_SHELF,W6,NORMAL,1.00,1.28,120.00,220.00,2.64
2026/08/01,CHA120,WALL_SHELF,W7,NORMAL,1.00,1.28,120.00,220.00,2.64
2026/08/01,CHA120,WALL_SHELF,W8,NORMAL,1.00,1.28,120.00,220.00,2.64
2026/08/01,CHA120,WALL_SHELF,W9,NORMAL,1.00,1.28,120.00,220.00,2.64
2026/08/01,CHA120,WALL_SHELF,W10,NORMAL,1.00,1.28,120.00,220.00,2.64
2026/08/01,CHA120,WALL_SHELF,W11,NORMAL,1.00,1.28,120.00,220.00,2.64
2026/08/01,CHA120,WALL_SHELF,W12,NORMAL,1.00,1.28,120.00,220.00,2.64
2026/08/01,CHA120,WALL_SHELF,W13,NORMAL,1.00,1.28,120.00,220.00,2.64
2026/08/01,CHA120,WALL_SHELF,W14,NORMAL,1.00,1.28,90.00,220.00,1.98
2026/08/01,CHA120,WALL_SHELF,W15,NORMAL,1.00,1.28,90.00,220.00,1.98
2026/08/01,CHA120,WALL_SHELF,W16,NORMAL,1.00,1.28,120.00,220.00,2.64
2026/08/01,CHA120,WALL_SHELF,W17,NORMAL,1.00,1.28,120.00,220.00,2.64
2026/08/01,CHA120,WALL_SHELF,W18,NORMAL,1.00,1.28,275.00,220.00,6.05
2026/08/01,CHA120,WALL_SHELF,W19,NORMAL,1.00,1.28,120.00,220.00,2.64
2026/08/01,CHA120,WALL_SHELF,W20,NORMAL,1.00,1.28,120.00,220.00,2.64
2026/08/01,CHA120,WALL_SHELF,W21,NORMAL,1.00,1.28,120.00,220.00,2.64
2026/08/01,CHA120,WALL_SHELF,W22,NORMAL,1.00,1.28,120.00,220.00,2.64
2026/08/01,CHA120,WALL_SHELF,W23,NORMAL,1.00,1.28,120.00,220.00,2.64
2026/08/01,CHA120,WALL_SHELF,W24,NORMAL,1.00,1.28,120.00,220.00,2.64
2026/08/01,CHA120,WALL_SHELF,W25,NORMAL,1.00,1.28,120.00,220.00,2.64
2026/08/01,CHA120,WALL_SHELF,W26,NORMAL,1.00,1.28,120.00,220.00,2.64
2026/08/01,CHA120,GONDOLA,GP1,HOT&NEW,1.00,1.25,90.00,120.00,1.08
2026/08/01,CHA120,GONDOLA,GP2,HOT&NEW,1.00,1.25,90.00,120.00,1.08
2026/08/01,CHA120,GONDOLA,G3,NORMAL,1.00,1.25,90.00,120.00,1.08
2026/08/01,CHA120,GONDOLA,G4,NORMAL,1.00,1.25,120.00,120.00,1.44
2026/08/01,CHA120,GONDOLA,G5,NORMAL,1.00,1.25,120.00,120.00,1.44
2026/08/01,CHA120,GONDOLA,G6,NORMAL,1.00,1.25,120.00,120.00,1.44
2026/08/01,CHA120,GONDOLA,G7,NORMAL,1.00,1.25,120.00,120.00,1.44
2026/08/01,CHA120,GONDOLA,G8,NORMAL,1.00,1.25,90.00,120.00,1.08
2026/08/01,CHA120,GONDOLA,G9,NORMAL,1.00,1.25,90.00,120.00,1.08
2026/08/01,CHA120,GONDOLA,G10,NORMAL,1.00,1.25,120.00,120.00,1.44
2026/08/01,CHA120,GONDOLA,G11,NORMAL,1.00,1.25,120.00,120.00,1.44
2026/08/01,CHA120,GONDOLA,G12,NORMAL,1.00,1.25,120.00,120.00,1.44
2026/08/01,CHA120,GONDOLA,G13,NORMAL,1.00,1.25,120.00,120.00,1.44
2026/08/01,CHA120,GONDOLA,G14,NORMAL,1.00,1.25,120.00,120.00,1.44
2026/08/01,CHA120,GONDOLA,G15,NORMAL,1.00,1.25,120.00,120.00,1.44
2026/08/01,CHA120,GONDOLA,G16,NORMAL,1.00,1.25,90.00,120.00,1.08
2026/08/01,CHA120,GONDOLA,G17,NORMAL,1.00,1.25,90.00,120.00,1.08
2026/08/01,CHA120,GONDOLA,G18,NORMAL,1.00,1.25,120.00,120.00,1.44
2026/08/01,CHA120,GONDOLA,G19,NORMAL,1.00,1.25,120.00,120.00,1.44
2026/08/01,CHA120,GONDOLA,G20,NORMAL,1.00,1.25,120.00,120.00,1.44
2026/08/01,CHA120,GONDOLA,G21,NORMAL,1.00,1.25,120.00,120.00,1.44
2026/08/01,CHA120,GONDOLA,G22,NORMAL,1.00,1.25,90.00,120.00,1.08
2026/08/01,CHA120,GONDOLA,G23,NORMAL,1.00,1.25,90.00,120.00,1.08
2026/08/01,CHA120,GONDOLA,G24,NORMAL,1.00,1.25,120.00,120.00,1.44
2026/08/01,CHA120,GONDOLA,G25,NORMAL,1.00,1.25,120.00,120.00,1.44
2026/08/01,CHA120,GONDOLA,G26,NORMAL,1.00,1.25,120.00,120.00,1.44
2026/08/01,CHA120,GONDOLA,G27,NORMAL,1.00,1.25,120.00,120.00,1.44
2026/08/01,CHA120,GONDOLA,G28,NORMAL,1.00,1.25,120.00,120.00,1.44
2026/08/01,CHA120,GONDOLA,G29,NORMAL,1.00,1.25,120.00,120.00,1.44
2026/08/01,CHA120,GONDOLA,G30,NORMAL,1.00,1.25,90.00,120.00,1.08
2026/08/01,CHA120,TREE_HW,T1,NORMAL,1.00,1.14,120.00,100.00,1.20
2026/08/01,CHA120,TREE_PLAYDOH,T2,NORMAL,1.00,1.00,50.00,157.00,0.79
2026/08/01,CHA120,TREE_SIKU,T3,NORMAL,1.00,1.11,120.00,100.00,1.20
2026/08/01,CHA120,ISLAND_DISPLAY,IP1,PROMOTION,1.00,1.00,280.00,100.00,2.80
2026/08/01,CHA120,WALL_SHELF,WH1,NORMAL,1.00,1.28,115.00,220.00,2.53
2026/08/01,CHA120,CASHIER_COUNTER,CC1,NORMAL,1.00,1.82,100.00,90.00,0.90
2026/08/01,CHA125,WALL_SHELF,W1,NORMAL,1.00,1.28,120.00,220.00,2.64
2026/08/01,CHA125,WALL_SHELF,W2,NORMAL,1.00,1.28,120.00,220.00,2.64
2026/08/01,CHA125,WALL_SHELF,W3,NORMAL,1.00,1.28,120.00,220.00,2.64
2026/08/01,CHA125,WALL_SHELF,W4,NORMAL,1.00,1.28,120.00,220.00,2.64
2026/08/01,CHA125,WALL_SHELF,W5,NORMAL,1.00,1.28,120.00,220.00,2.64
2026/08/01,CHA125,WALL_SHELF,W6,NORMAL,1.00,1.28,120.00,220.00,2.64
2026/08/01,CHA125,WALL_SHELF,W7,NORMAL,1.00,1.28,120.00,220.00,2.64
2026/08/01,CHA125,WALL_SHELF,W8,NORMAL,1.00,1.28,90.00,220.00,1.98
2026/08/01,CHA125,WALL_SHELF,W9,NORMAL,1.00,1.28,90.00,220.00,1.98
2026/08/01,CHA125,WALL_SHELF,W10,NORMAL,1.00,1.28,90.00,220.00,1.98
2026/08/01,CHA125,WALL_SHELF,W11,NORMAL,1.00,1.28,120.00,220.00,2.64
2026/08/01,CHA125,WALL_SHELF,W12,NORMAL,1.00,1.28,120.00,220.00,2.64
2026/08/01,CHA125,WALL_SHELF,W13,NORMAL,1.00,1.28,90.00,220.00,1.98
2026/08/01,CHA125,WALL_SHELF,W14,NORMAL,1.00,1.28,90.00,220.00,1.98
2026/08/01,CHA125,WALL_SHELF,W15,NORMAL,1.00,1.28,90.00,220.00,1.98
2026/08/01,CHA125,WALL_SHELF,W16,NORMAL,1.00,1.28,90.00,220.00,1.98
2026/08/01,CHA125,WALL_SHELF,W17,NORMAL,1.00,1.28,120.00,220.00,2.64
2026/08/01,CHA125,WALL_SHELF,W18,NORMAL,1.00,1.28,120.00,220.00,2.64
2026/08/01,CHA125,WALL_SHELF,W19,NORMAL,1.00,1.28,120.00,220.00,2.64
2026/08/01,CHA125,WALL_SHELF,W20,NORMAL,1.00,1.28,120.00,220.00,2.64
2026/08/01,CHA125,WALL_SHELF,W21,NORMAL,1.00,1.28,120.00,220.00,2.64
2026/08/01,CHA125,GONDOLA,GP1,HOT&NEW,1.00,1.25,90.00,120.00,1.08
2026/08/01,CHA125,GONDOLA,G2,NORMAL,1.00,1.25,120.00,120.00,1.44
2026/08/01,CHA125,GONDOLA,G3,NORMAL,1.00,1.25,120.00,120.00,1.44
2026/08/01,CHA125,GONDOLA,G4,NORMAL,1.00,1.25,120.00,120.00,1.44
2026/08/01,CHA125,GONDOLA,G5,NORMAL,1.00,1.25,120.00,120.00,1.44
2026/08/01,CHA125,GONDOLA,G6,NORMAL,1.00,1.25,90.00,120.00,1.08
2026/08/01,CHA125,GONDOLA,G7,NORMAL,1.00,1.25,90.00,120.00,1.08
2026/08/01,CHA125,GONDOLA,G8,NORMAL,1.00,1.25,120.00,120.00,1.44
2026/08/01,CHA125,GONDOLA,G9,NORMAL,1.00,1.25,120.00,120.00,1.44
2026/08/01,CHA125,GONDOLA,G10,NORMAL,1.00,1.25,120.00,120.00,1.44
2026/08/01,CHA125,GONDOLA,G11,NORMAL,1.00,1.25,120.00,120.00,1.44
2026/08/01,CHA125,GONDOLA,G12,NORMAL,1.00,1.25,90.00,120.00,1.08
2026/08/01,CHA125,GONDOLA,G13,NORMAL,1.00,1.25,90.00,120.00,1.08
2026/08/01,CHA125,GONDOLA,G14,NORMAL,1.00,1.25,120.00,120.00,1.44
2026/08/01,CHA125,GONDOLA,G15,NORMAL,1.00,1.25,120.00,120.00,1.44
2026/08/01,CHA125,GONDOLA,G16,NORMAL,1.00,1.25,90.00,120.00,1.08
2026/08/01,CHA125,GONDOLA,G17,NORMAL,1.00,1.25,90.00,120.00,1.08
2026/08/01,CHA125,GONDOLA,G18,NORMAL,1.00,1.25,120.00,120.00,1.44
2026/08/01,CHA125,GONDOLA,G19,NORMAL,1.00,1.25,120.00,120.00,1.44
2026/08/01,CHA125,GONDOLA,G20,NORMAL,1.00,1.25,120.00,120.00,1.44
2026/08/01,CHA125,GONDOLA,G21,NORMAL,1.00,1.25,120.00,120.00,1.44
2026/08/01,CHA125,GONDOLA,G22,NORMAL,1.00,1.25,90.00,120.00,1.08
2026/08/01,CHA125,TREE_PLAYDOH,T1,NORMAL,1.00,1.00,50.00,157.00,0.79
2026/08/01,CHA125,TREE_SIKU,T2,NORMAL,1.00,1.11,120.00,100.00,1.20
2026/08/01,CHA125,TREE_HW,T3,NORMAL,1.00,1.14,120.00,100.00,1.20
2026/08/01,CHA125,CASHIER_COUNTER,CC1,NORMAL,1.00,1.82,100.00,90.00,0.90
2026/08/01,CHA127,WALL_SHELF,W1,NORMAL,1.00,1.28,175.00,220.00,3.85
2026/08/01,CHA127,WALL_SHELF,W2,NORMAL,1.00,1.28,120.00,220.00,2.64
2026/08/01,CHA127,WALL_SHELF,W3,NORMAL,1.00,1.28,120.00,220.00,2.64
2026/08/01,CHA127,WALL_SHELF,W4,NORMAL,1.00,1.28,120.00,220.00,2.64
2026/08/01,CHA127,WALL_SHELF,W5,NORMAL,1.00,1.28,120.00,220.00,2.64
2026/08/01,CHA127,WALL_SHELF,W6,NORMAL,1.00,1.28,120.00,220.00,2.64
2026/08/01,CHA127,WALL_SHELF,W7,NORMAL,1.00,1.28,120.00,220.00,2.64
2026/08/01,CHA127,WALL_SHELF,W8,NORMAL,1.00,1.28,120.00,220.00,2.64
2026/08/01,CHA127,WALL_SHELF,W9,NORMAL,1.00,1.28,120.00,220.00,2.64
2026/08/01,CHA127,WALL_SHELF,W10,NORMAL,1.00,1.28,120.00,220.00,2.64
2026/08/01,CHA127,WALL_SHELF,W11,NORMAL,1.00,1.28,120.00,220.00,2.64
2026/08/01,CHA127,WALL_SHELF,W12,NORMAL,1.00,1.28,120.00,220.00,2.64
2026/08/01,CHA127,WALL_SHELF,W13,NORMAL,1.00,1.28,120.00,220.00,2.64
2026/08/01,CHA127,WALL_SHELF,W14,NORMAL,1.00,1.28,90.00,220.00,1.98
2026/08/01,CHA127,WALL_SHELF,W15,NORMAL,1.00,1.28,90.00,220.00,1.98
2026/08/01,CHA127,WALL_SHELF,W16,NORMAL,1.00,1.28,90.00,220.00,1.98
2026/08/01,CHA127,WALL_SHELF,W17,NORMAL,1.00,1.28,120.00,220.00,2.64
2026/08/01,CHA127,WALL_SHELF,W18,NORMAL,1.00,1.28,120.00,220.00,2.64
2026/08/01,CHA127,WALL_SHELF,W19,NORMAL,1.00,1.28,120.00,220.00,2.64
2026/08/01,CHA127,WALL_SHELF,W20,NORMAL,1.00,1.28,120.00,220.00,2.64
2026/08/01,CHA127,WALL_SHELF,W21,NORMAL,1.00,1.28,120.00,220.00,2.64
2026/08/01,CHA127,WALL_SHELF,W22,NORMAL,1.00,1.28,120.00,220.00,2.64
2026/08/01,CHA127,WALL_SHELF,W23,NORMAL,1.00,1.28,120.00,220.00,2.64
2026/08/01,CHA127,WALL_SHELF,W24,NORMAL,1.00,1.28,120.00,220.00,2.64
2026/08/01,CHA127,WALL_SHELF,W25,NORMAL,1.00,1.28,120.00,220.00,2.64
2026/08/01,CHA127,WALL_SHELF,W26,NORMAL,1.00,1.28,120.00,220.00,2.64
2026/08/01,CHA127,WALL_SHELF,W27,NORMAL,1.00,1.28,120.00,220.00,2.64
2026/08/01,CHA127,WALL_SHELF,W28,NORMAL,1.00,1.28,120.00,220.00,2.64
2026/08/01,CHA127,GONDOLA,GP1,HOT&NEW,1.00,1.25,90.00,120.00,1.08
2026/08/01,CHA127,GONDOLA,GP1,HOT&NEW,1.00,1.25,90.00,120.00,1.08
2026/08/01,CHA127,GONDOLA,G3,NORMAL,1.00,1.25,90.00,120.00,1.08
2026/08/01,CHA127,GONDOLA,G4,NORMAL,1.00,1.25,120.00,120.00,1.44
2026/08/01,CHA127,GONDOLA,G5,NORMAL,1.00,1.25,120.00,120.00,1.44
2026/08/01,CHA127,GONDOLA,G6,NORMAL,1.00,1.25,120.00,120.00,1.44
2026/08/01,CHA127,GONDOLA,G7,NORMAL,1.00,1.25,120.00,120.00,1.44
2026/08/01,CHA127,GONDOLA,G8,NORMAL,1.00,1.25,120.00,120.00,1.44
2026/08/01,CHA127,GONDOLA,G9,NORMAL,1.00,1.25,120.00,120.00,1.44
2026/08/01,CHA127,GONDOLA,G10,NORMAL,1.00,1.25,90.00,120.00,1.08
2026/08/01,CHA127,GONDOLA,G11,NORMAL,1.00,1.25,90.00,120.00,1.08
2026/08/01,CHA127,GONDOLA,G12,NORMAL,1.00,1.25,120.00,120.00,1.44
2026/08/01,CHA127,GONDOLA,G13,NORMAL,1.00,1.25,120.00,120.00,1.44
2026/08/01,CHA127,GONDOLA,G14,NORMAL,1.00,1.25,90.00,120.00,1.08
2026/08/01,CHA127,GONDOLA,G15,NORMAL,1.00,1.25,90.00,120.00,1.08
2026/08/01,CHA127,GONDOLA,G16,NORMAL,1.00,1.25,120.00,120.00,1.44
2026/08/01,CHA127,GONDOLA,G17,NORMAL,1.00,1.25,120.00,120.00,1.44
2026/08/01,CHA127,GONDOLA,G18,NORMAL,1.00,1.25,90.00,120.00,1.08
2026/08/01,CHA127,TREE_HW,T1,NORMAL,1.00,1.14,120.00,100.00,1.20
2026/08/01,CHA127,TREE_PLAYDOH,T2,NORMAL,1.00,1.00,50.00,157.00,0.79
2026/08/01,CHA127,TREE_SIKU,T3,NORMAL,1.00,1.11,120.00,100.00,1.20
2026/08/01,CHA127,CASHIER_COUNTER,CC1,NORMAL,1.00,1.82,100.00,90.00,0.90
2026/08/01,CHA128,WALL_SHELF,W1,NORMAL,1.00,1.28,160.00,220.00,3.52
2026/08/01,CHA128,WALL_SHELF,W2,NORMAL,1.00,1.28,120.00,220.00,2.64
2026/08/01,CHA128,WALL_SHELF,W3,NORMAL,1.00,1.28,120.00,220.00,2.64
2026/08/01,CHA128,WALL_SHELF,W4,NORMAL,1.00,1.28,135.00,220.00,2.97
2026/08/01,CHA128,WALL_SHELF,W5,NORMAL,1.00,1.28,120.00,220.00,2.64
2026/08/01,CHA128,WALL_SHELF,W6,NORMAL,1.00,1.28,120.00,220.00,2.64
2026/08/01,CHA128,WALL_SHELF,W7,NORMAL,1.00,1.28,120.00,220.00,2.64
2026/08/01,CHA128,WALL_SHELF,W8,NORMAL,1.00,1.28,120.00,220.00,2.64
2026/08/01,CHA128,WALL_SHELF,W9,NORMAL,1.00,1.28,90.00,220.00,1.98
2026/08/01,CHA128,WALL_SHELF,W10,NORMAL,1.00,1.28,90.00,220.00,1.98
2026/08/01,CHA128,WALL_SHELF,W11,NORMAL,1.00,1.28,140.00,220.00,3.08
2026/08/01,CHA128,WALL_SHELF,W12,NORMAL,1.00,1.28,120.00,220.00,2.64
2026/08/01,CHA128,WALL_SHELF,W13,NORMAL,1.00,1.28,120.00,220.00,2.64
2026/08/01,CHA128,WALL_SHELF,W14,NORMAL,1.00,1.28,120.00,220.00,2.64
2026/08/01,CHA128,WALL_SHELF,W15,NORMAL,1.00,1.28,120.00,220.00,2.64
2026/08/01,CHA128,WALL_SHELF,W16,NORMAL,1.00,1.28,90.00,220.00,1.98
2026/08/01,CHA128,WALL_SHELF,W17,NORMAL,1.00,1.28,90.00,220.00,1.98
2026/08/01,CHA128,WALL_SHELF,W18,NORMAL,1.00,1.28,160.00,220.00,3.52
2026/08/01,CHA128,WALL_SHELF,W19,NORMAL,1.00,1.28,120.00,220.00,2.64
2026/08/01,CHA128,WALL_SHELF,W20,NORMAL,1.00,1.28,90.00,220.00,1.98
2026/08/01,CHA128,WALL_SHELF,W21,NORMAL,1.00,1.28,90.00,220.00,1.98
2026/08/01,CHA128,WALL_SHELF,W22,NORMAL,1.00,1.28,120.00,220.00,2.64
2026/08/01,CHA128,WALL_SHELF,W23,NORMAL,1.00,1.28,120.00,220.00,2.64
2026/08/01,CHA128,WALL_SHELF,W24,NORMAL,1.00,1.28,120.00,220.00,2.64
2026/08/01,CHA128,WALL_SHELF,W25,NORMAL,1.00,1.30,120.00,220.00,2.64
2026/08/01,CHA128,WALL_SHELF,W26,NORMAL,1.00,1.30,120.00,220.00,2.64
2026/08/01,CHA128,WALL_SHELF,W27,NORMAL,1.00,1.30,120.00,220.00,2.64
2026/08/01,CHA128,WALL_SHELF,W28,NORMAL,1.00,1.30,120.00,220.00,2.64
2026/08/01,CHA128,WALL_SHELF,W29,NORMAL,1.00,1.30,120.00,220.00,2.64
2026/08/01,CHA128,WALL_SHELF,W30,NORMAL,1.00,1.30,160.00,220.00,3.52
2026/08/01,CHA128,GONDOLA,G1,NORMAL,1.00,1.25,90.00,120.00,1.08
2026/08/01,CHA128,GONDOLA,G2,NORMAL,1.00,1.25,120.00,120.00,1.44
2026/08/01,CHA128,GONDOLA,G3,NORMAL,1.00,1.25,120.00,120.00,1.44
2026/08/01,CHA128,GONDOLA,G4,NORMAL,1.00,1.25,90.00,120.00,1.08
2026/08/01,CHA128,GONDOLA,G5,NORMAL,1.00,1.25,90.00,120.00,1.08
2026/08/01,CHA128,GONDOLA,G6,NORMAL,1.00,1.25,120.00,120.00,1.44
2026/08/01,CHA128,GONDOLA,G7,NORMAL,1.00,1.25,120.00,120.00,1.44
2026/08/01,CHA128,GONDOLA,G8,NORMAL,1.00,1.25,120.00,120.00,1.44
2026/08/01,CHA128,GONDOLA,G9,NORMAL,1.00,1.25,120.00,120.00,1.44
2026/08/01,CHA128,GONDOLA,G10,NORMAL,1.00,1.25,120.00,120.00,1.44
2026/08/01,CHA128,GONDOLA,G11,NORMAL,1.00,1.25,120.00,120.00,1.44
2026/08/01,CHA128,GONDOLA,G12,NORMAL,1.00,1.25,90.00,120.00,1.08
2026/08/01,CHA128,GONDOLA,GP13,HOT&NEW,1.00,1.25,90.00,120.00,1.08
2026/08/01,CHA128,GONDOLA,GP14,HOT&NEW,1.00,1.25,90.00,120.00,1.08
2026/08/01,CHA128,GONDOLA,G15,NORMAL,1.00,1.25,90.00,120.00,1.08
2026/08/01,CHA128,GONDOLA,G16,NORMAL,1.00,1.25,120.00,120.00,1.44
2026/08/01,CHA128,GONDOLA,G17,NORMAL,1.00,1.25,120.00,120.00,1.44
2026/08/01,CHA128,GONDOLA,G18,NORMAL,1.00,1.25,90.00,120.00,1.08
2026/08/01,CHA128,GONDOLA,G19,NORMAL,1.00,1.25,90.00,120.00,1.08
2026/08/01,CHA128,GONDOLA,G20,NORMAL,1.00,1.25,120.00,120.00,1.44
2026/08/01,CHA128,GONDOLA,G21,NORMAL,1.00,1.25,120.00,120.00,1.44
2026/08/01,CHA128,GONDOLA,G22,NORMAL,1.00,1.25,120.00,120.00,1.44
2026/08/01,CHA128,GONDOLA,G23,NORMAL,1.00,1.25,120.00,120.00,1.44
2026/08/01,CHA128,GONDOLA,G24,NORMAL,1.00,1.25,120.00,120.00,1.44
2026/08/01,CHA128,GONDOLA,G25,NORMAL,1.00,1.25,120.00,120.00,1.44
2026/08/01,CHA128,GONDOLA,G26,NORMAL,1.00,1.25,90.00,120.00,1.08
2026/08/01,CHA128,GONDOLA,G27,NORMAL,1.00,1.25,90.00,120.00,1.08
2026/08/01,CHA128,GONDOLA,G28,NORMAL,1.00,1.25,120.00,120.00,1.44
2026/08/01,CHA128,GONDOLA,G29,NORMAL,1.00,1.25,120.00,120.00,1.44
2026/08/01,CHA128,GONDOLA,G30,NORMAL,1.00,1.25,90.00,120.00,1.08
2026/08/01,CHA128,GONDOLA,G31,NORMAL,1.00,1.25,90.00,120.00,1.08
2026/08/01,CHA128,GONDOLA,G32,NORMAL,1.00,1.25,120.00,120.00,1.44
2026/08/01,CHA128,GONDOLA,G33,NORMAL,1.00,1.25,120.00,120.00,1.44
2026/08/01,CHA128,GONDOLA,G34,NORMAL,1.00,1.25,90.00,120.00,1.08
2026/08/01,CHA128,GONDOLA,G35,NORMAL,1.00,1.25,90.00,120.00,1.08
2026/08/01,CHA128,GONDOLA,G36,NORMAL,1.00,1.25,120.00,120.00,1.44
2026/08/01,CHA128,GONDOLA,G37,NORMAL,1.00,1.25,120.00,120.00,1.44
2026/08/01,CHA128,GONDOLA,G38,NORMAL,1.00,1.25,90.00,120.00,1.08
2026/08/01,CHA128,GONDOLA,G39,NORMAL,1.00,1.30,240.00,120.00,2.88
2026/08/01,CHA128,GONDOLA,G40,NORMAL,1.00,1.30,90.00,120.00,1.08
2026/08/01,CHA128,GONDOLA,G41,NORMAL,1.00,1.30,240.00,120.00,2.88
2026/08/01,CHA128,GONDOLA,G42,NORMAL,1.00,1.30,240.00,120.00,2.88
2026/08/01,CHA128,GONDOLA,G43,NORMAL,1.00,1.30,90.00,120.00,1.08
2026/08/01,CHA128,TREE_HW,T1,NORMAL,1.00,1.14,120.00,100.00,1.20
2026/08/01,CHA128,TREE_SIKU,T2,NORMAL,1.00,1.11,120.00,100.00,1.20
2026/08/01,CHA128,TREE_KEYCHAIN,T3,NORMAL,1.00,1.14,120.00,100.00,1.20
2026/08/01,CHA128,TREE_PLAYDOH,T4,NORMAL,1.00,1.00,50.00,157.00,0.79
2026/08/01,CHA128,PALLET_DISPLAY,P1,NORMAL,1.00,1.25,400.00,100.00,4.00
2026/08/01,CHA128,WALL_SHELF,WH1,NORMAL,1.00,1.28,110.00,220.00,2.42
2026/08/01,CHA128,ISLAND_DISPLAY,IP1,PROMOTION,1.00,1.00,280.00,100.00,2.80
2026/08/01,CHA128,CASHIER_COUNTER,CC1,NORMAL,1.00,1.82,100.00,90.00,0.90
2026/08/01,CHA143,WALL_SHELF,W1,NORMAL,1.00,1.28,120.00,220.00,2.64
2026/08/01,CHA143,WALL_SHELF,W2,NORMAL,1.00,1.28,120.00,220.00,2.64
2026/08/01,CHA143,WALL_SHELF,W3,NORMAL,1.00,1.28,120.00,220.00,2.64
2026/08/01,CHA143,WALL_SHELF,W4,NORMAL,1.00,1.28,120.00,220.00,2.64
2026/08/01,CHA143,WALL_SHELF,W5,NORMAL,1.00,1.28,120.00,220.00,2.64
2026/08/01,CHA143,WALL_SHELF,W6,NORMAL,1.00,1.28,120.00,220.00,2.64
2026/08/01,CHA143,WALL_SHELF,W7,NORMAL,1.00,1.28,90.00,220.00,1.98
2026/08/01,CHA143,WALL_SHELF,W8,NORMAL,1.00,1.28,90.00,220.00,1.98
2026/08/01,CHA143,WALL_SHELF,W9,NORMAL,1.00,1.28,120.00,220.00,2.64
2026/08/01,CHA143,WALL_SHELF,W10,NORMAL,1.00,1.28,120.00,220.00,2.64
2026/08/01,CHA143,WALL_SHELF,W11,NORMAL,1.00,1.28,120.00,220.00,2.64
2026/08/01,CHA143,WALL_SHELF,W12,NORMAL,1.00,1.28,120.00,220.00,2.64
2026/08/01,CHA143,WALL_SHELF,W13,NORMAL,1.00,1.28,120.00,220.00,2.64
2026/08/01,CHA143,WALL_SHELF,W14,NORMAL,1.00,1.28,120.00,220.00,2.64
2026/08/01,CHA143,WALL_SHELF,W15,NORMAL,1.00,1.28,120.00,220.00,2.64
2026/08/01,CHA143,WALL_SHELF,W16,NORMAL,1.00,1.28,120.00,220.00,2.64
2026/08/01,CHA143,WALL_SHELF,W17,NORMAL,1.00,1.28,90.00,220.00,1.98
2026/08/01,CHA143,WALL_SHELF,W18,NORMAL,1.00,1.28,90.00,220.00,1.98
2026/08/01,CHA143,WALL_SHELF,W19,NORMAL,1.00,1.28,90.00,220.00,1.98
2026/08/01,CHA143,WALL_SHELF,W20,NORMAL,1.00,1.28,90.00,220.00,1.98
2026/08/01,CHA143,WALL_SHELF,W21,NORMAL,1.00,1.28,90.00,220.00,1.98
2026/08/01,CHA143,WALL_SHELF,W22,NORMAL,1.00,1.28,120.00,220.00,2.64
2026/08/01,CHA143,WALL_SHELF,W23,NORMAL,1.00,1.28,120.00,220.00,2.64
2026/08/01,CHA143,WALL_SHELF,W24,NORMAL,1.00,1.28,120.00,220.00,2.64
2026/08/01,CHA143,WALL_SHELF,W25,NORMAL,1.00,1.28,120.00,220.00,2.64
2026/08/01,CHA143,WALL_SHELF,W26,NORMAL,1.00,1.28,120.00,220.00,2.64
2026/08/01,CHA143,WALL_SHELF,W27,NORMAL,1.00,1.28,120.00,220.00,2.64
2026/08/01,CHA143,WALL_SHELF,W28,NORMAL,1.00,1.28,120.00,220.00,2.64
2026/08/01,CHA143,WALL_SHELF,W29,NORMAL,1.00,1.28,120.00,220.00,2.64
2026/08/01,CHA143,WALL_SHELF,W30,NORMAL,1.00,1.28,120.00,220.00,2.64
2026/08/01,CHA143,WALL_SHELF,W31,NORMAL,1.00,1.28,120.00,220.00,2.64
2026/08/01,CHA143,WALL_SHELF,W32,NORMAL,1.00,1.28,120.00,220.00,2.64
2026/08/01,CHA143,WALL_SHELF,W33,NORMAL,1.00,1.28,120.00,220.00,2.64
2026/08/01,CHA143,WALL_SHELF,W34,NORMAL,1.00,1.28,120.00,220.00,2.64
2026/08/01,CHA143,WALL_SHELF,W35,NORMAL,1.00,1.28,120.00,220.00,2.64
2026/08/01,CHA143,GONDOLA,GP1,HOT&NEW,1.00,1.25,90.00,120.00,1.08
2026/08/01,CHA143,GONDOLA,GP2,HOT&NEW,1.00,1.25,90.00,120.00,1.08
2026/08/01,CHA143,GONDOLA,G3,NORMAL,1.00,1.25,90.00,120.00,1.08
2026/08/01,CHA143,GONDOLA,G4,NORMAL,1.00,1.25,120.00,120.00,1.44
2026/08/01,CHA143,GONDOLA,G5,NORMAL,1.00,1.25,120.00,120.00,1.44
2026/08/01,CHA143,GONDOLA,G6,NORMAL,1.00,1.25,120.00,120.00,1.44
2026/08/01,CHA143,GONDOLA,G7,NORMAL,1.00,1.25,120.00,120.00,1.44
2026/08/01,CHA143,GONDOLA,G8,NORMAL,1.00,1.25,90.00,120.00,1.08
2026/08/01,CHA143,GONDOLA,G9,NORMAL,1.00,1.25,90.00,120.00,1.08
2026/08/01,CHA143,GONDOLA,G10,NORMAL,1.00,1.25,120.00,120.00,1.44
2026/08/01,CHA143,GONDOLA,G11,NORMAL,1.00,1.25,120.00,120.00,1.44
2026/08/01,CHA143,GONDOLA,G12,NORMAL,1.00,1.25,120.00,120.00,1.44
2026/08/01,CHA143,GONDOLA,G13,NORMAL,1.00,1.25,120.00,120.00,1.44
2026/08/01,CHA143,GONDOLA,G14,NORMAL,1.00,1.25,120.00,120.00,1.44
2026/08/01,CHA143,GONDOLA,G15,NORMAL,1.00,1.25,120.00,120.00,1.44
2026/08/01,CHA143,GONDOLA,G16,NORMAL,1.00,1.25,90.00,120.00,1.08
2026/08/01,CHA143,GONDOLA,G17,NORMAL,1.00,1.25,90.00,120.00,1.08
2026/08/01,CHA143,GONDOLA,G18,NORMAL,1.00,1.25,120.00,120.00,1.44
2026/08/01,CHA143,GONDOLA,G19,NORMAL,1.00,1.25,120.00,120.00,1.44
2026/08/01,CHA143,GONDOLA,G20,NORMAL,1.00,1.25,120.00,120.00,1.44
2026/08/01,CHA143,GONDOLA,G21,NORMAL,1.00,1.25,120.00,120.00,1.44
2026/08/01,CHA143,GONDOLA,G22,NORMAL,1.00,1.25,120.00,120.00,1.44
2026/08/01,CHA143,GONDOLA,G23,NORMAL,1.00,1.25,120.00,120.00,1.44
2026/08/01,CHA143,GONDOLA,G24,NORMAL,1.00,1.25,90.00,120.00,1.08
2026/08/01,CHA143,TREE_PLAYDOH,T1,NORMAL,1.00,1.00,50.00,157.00,0.79
2026/08/01,CHA143,TREE_SIKU,T2,NORMAL,1.00,1.11,120.00,100.00,1.20
2026/08/01,CHA143,CASHIER_COUNTER,CC1,NORMAL,1.00,1.82,100.00,90.00,0.90
2026/08/01,CHA153,WALL_SHELF,W1,NORMAL,1.00,1.28,120.00,220.00,2.64
2026/08/01,CHA153,WALL_SHELF,W2,NORMAL,1.00,1.28,120.00,220.00,2.64
2026/08/01,CHA153,WALL_SHELF,W3,NORMAL,1.00,1.28,120.00,220.00,2.64
2026/08/01,CHA153,WALL_SHELF,W4,NORMAL,1.00,1.28,90.00,220.00,1.98
2026/08/01,CHA153,WALL_SHELF,W5,NORMAL,1.00,1.28,120.00,220.00,2.64
2026/08/01,CHA153,WALL_SHELF,W6,NORMAL,1.00,1.28,120.00,220.00,2.64
2026/08/01,CHA153,WALL_SHELF,W7,NORMAL,1.00,1.28,120.00,220.00,2.64
2026/08/01,CHA153,WALL_SHELF,W8,NORMAL,1.00,1.28,120.00,220.00,2.64
2026/08/01,CHA153,WALL_SHELF,W9,NORMAL,1.00,1.28,90.00,220.00,1.98
2026/08/01,CHA153,WALL_SHELF,W10,NORMAL,1.00,1.28,90.00,220.00,1.98
2026/08/01,CHA153,WALL_SHELF,W11,NORMAL,1.00,1.28,90.00,220.00,1.98
2026/08/01,CHA153,WALL_SHELF,W12,NORMAL,1.00,1.28,90.00,220.00,1.98
2026/08/01,CHA153,WALL_SHELF,W13,NORMAL,1.00,1.28,90.00,220.00,1.98
2026/08/01,CHA153,WALL_SHELF,W14,NORMAL,1.00,1.28,120.00,220.00,2.64
2026/08/01,CHA153,WALL_SHELF,W15,NORMAL,1.00,1.28,120.00,220.00,2.64
2026/08/01,CHA153,WALL_SHELF,W16,NORMAL,1.00,1.28,120.00,220.00,2.64
2026/08/01,CHA153,WALL_SHELF,W17,NORMAL,1.00,1.28,120.00,220.00,2.64
2026/08/01,CHA153,WALL_SHELF,W18,NORMAL,1.00,1.28,120.00,220.00,2.64
2026/08/01,CHA153,WALL_SHELF,W19,NORMAL,1.00,1.28,120.00,220.00,2.64
2026/08/01,CHA153,WALL_SHELF,W20,NORMAL,1.00,1.28,120.00,220.00,2.64
2026/08/01,CHA153,WALL_SHELF,W21,NORMAL,1.00,1.28,120.00,220.00,2.64
2026/08/01,CHA153,WALL_SHELF,W22,NORMAL,1.00,1.28,120.00,220.00,2.64
2026/08/01,CHA153,WALL_SHELF,W23,NORMAL,1.00,1.28,90.00,220.00,1.98
2026/08/01,CHA153,WALL_SHELF,W24,NORMAL,1.00,1.28,120.00,220.00,2.64
2026/08/01,CHA153,WALL_SHELF,W25,NORMAL,1.00,1.28,90.00,220.00,1.98
2026/08/01,CHA153,WALL_SHELF,W26,NORMAL,1.00,1.28,120.00,220.00,2.64
2026/08/01,CHA153,WALL_SHELF,W27,NORMAL,1.00,1.28,120.00,220.00,2.64
2026/08/01,CHA153,WALL_SHELF,W28,NORMAL,1.00,1.28,120.00,220.00,2.64
2026/08/01,CHA153,WALL_SHELF,W29,NORMAL,1.00,1.28,120.00,220.00,2.64
2026/08/01,CHA153,WALL_SHELF,W30,NORMAL,1.00,1.28,120.00,220.00,2.64
2026/08/01,CHA153,WALL_SHELF,W31,NORMAL,1.00,1.28,120.00,220.00,2.64
2026/08/01,CHA153,GONDOLA,GP1,HOT&NEW,1.00,1.25,90.00,120.00,1.08
2026/08/01,CHA153,GONDOLA,GP2,HOT&NEW,1.00,1.25,90.00,120.00,1.08
2026/08/01,CHA153,GONDOLA,G3,NORMAL,1.00,1.25,90.00,120.00,1.08
2026/08/01,CHA153,GONDOLA,G4,NORMAL,1.00,1.25,120.00,120.00,1.44
2026/08/01,CHA153,GONDOLA,G5,NORMAL,1.00,1.25,120.00,120.00,1.44
2026/08/01,CHA153,GONDOLA,G6,NORMAL,1.00,1.25,90.00,120.00,1.08
2026/08/01,CHA153,GONDOLA,G7,NORMAL,1.00,1.25,90.00,120.00,1.08
2026/08/01,CHA153,GONDOLA,G8,NORMAL,1.00,1.25,120.00,120.00,1.44
2026/08/01,CHA153,GONDOLA,G9,NORMAL,1.00,1.25,120.00,120.00,1.44
2026/08/01,CHA153,GONDOLA,G10,NORMAL,1.00,1.25,120.00,120.00,1.44
2026/08/01,CHA153,GONDOLA,G11,NORMAL,1.00,1.25,120.00,120.00,1.44
2026/08/01,CHA153,GONDOLA,G12,NORMAL,1.00,1.25,90.00,120.00,1.08
2026/08/01,CHA153,GONDOLA,G13,NORMAL,1.00,1.25,90.00,120.00,1.08
2026/08/01,CHA153,GONDOLA,G14,NORMAL,1.00,1.25,120.00,120.00,1.44
2026/08/01,CHA153,GONDOLA,G15,NORMAL,1.00,1.25,120.00,120.00,1.44
2026/08/01,CHA153,GONDOLA,G16,NORMAL,1.00,1.25,90.00,120.00,1.08
2026/08/01,CHA153,TREE_PLAYDOH,T1,NORMAL,1.00,1.00,50.00,157.00,0.79
2026/08/01,CHA153,TREE_SIKU,T2,NORMAL,1.00,1.11,120.00,100.00,1.20
2026/08/01,CHA153,TREE_HW,T3,NORMAL,1.00,1.14,120.00,100.00,1.20
2026/08/01,CHA153,CASHIER_COUNTER,CC1,NORMAL,1.00,1.82,100.00,90.00,0.90
2026/08/01,CHA166,WALL_SHELF,W1,NORMAL,1.00,1.28,120.00,220.00,2.64
2026/08/01,CHA166,WALL_SHELF,W2,NORMAL,1.00,1.28,90.00,220.00,1.98
2026/08/01,CHA166,WALL_SHELF,W3,NORMAL,1.00,1.28,90.00,220.00,1.98
2026/08/01,CHA166,WALL_SHELF,W4,NORMAL,1.00,1.28,120.00,220.00,2.64
2026/08/01,CHA166,WALL_SHELF,W5,NORMAL,1.00,1.28,120.00,220.00,2.64
2026/08/01,CHA166,WALL_SHELF,W6,NORMAL,1.00,1.28,120.00,220.00,2.64
2026/08/01,CHA166,WALL_SHELF,W7,NORMAL,1.00,1.28,120.00,220.00,2.64
2026/08/01,CHA166,WALL_SHELF,W8,NORMAL,1.00,1.28,120.00,220.00,2.64
2026/08/01,CHA166,WALL_SHELF,W9,NORMAL,1.00,1.28,120.00,220.00,2.64
2026/08/01,CHA166,WALL_SHELF,W10,NORMAL,1.00,1.28,120.00,220.00,2.64
2026/08/01,CHA166,WALL_SHELF,W11,NORMAL,1.00,1.28,90.00,220.00,1.98
2026/08/01,CHA166,WALL_SHELF,W12,NORMAL,1.00,1.28,120.00,220.00,2.64
2026/08/01,CHA166,WALL_SHELF,W13,NORMAL,1.00,1.28,90.00,220.00,1.98
2026/08/01,CHA166,WALL_SHELF,W14,NORMAL,1.00,1.28,90.00,220.00,1.98
2026/08/01,CHA166,WALL_SHELF,W15,NORMAL,1.00,1.28,120.00,220.00,2.64
2026/08/01,CHA166,WALL_SHELF,W16,NORMAL,1.00,1.28,90.00,220.00,1.98
2026/08/01,CHA166,WALL_SHELF,W17,NORMAL,1.00,1.28,90.00,220.00,1.98
2026/08/01,CHA166,WALL_SHELF,W18,NORMAL,1.00,1.28,90.00,220.00,1.98
2026/08/01,CHA166,WALL_SHELF,W19,NORMAL,1.00,1.28,120.00,220.00,2.64
2026/08/01,CHA166,WALL_SHELF,W20,NORMAL,1.00,1.28,120.00,220.00,2.64
2026/08/01,CHA166,WALL_SHELF,W21,NORMAL,1.00,1.28,120.00,220.00,2.64
2026/08/01,CHA166,GONDOLA,G1,NORMAL,1.00,1.25,90.00,120.00,1.08
2026/08/01,CHA166,GONDOLA,G2,NORMAL,1.00,1.25,120.00,120.00,1.44
2026/08/01,CHA166,GONDOLA,G3,NORMAL,1.00,1.25,120.00,120.00,1.44
2026/08/01,CHA166,GONDOLA,G4,NORMAL,1.00,1.25,90.00,120.00,1.08
2026/08/01,CHA166,GONDOLA,G5,NORMAL,1.00,1.25,90.00,120.00,1.08
2026/08/01,CHA166,GONDOLA,G6,NORMAL,1.00,1.25,120.00,120.00,1.44
2026/08/01,CHA166,GONDOLA,G7,NORMAL,1.00,1.25,120.00,120.00,1.44
2026/08/01,CHA166,GONDOLA,G8,NORMAL,1.00,1.25,90.00,120.00,1.08
2026/08/01,CHA166,GONDOLA,G9,NORMAL,1.00,1.25,90.00,120.00,1.08
2026/08/01,CHA166,GONDOLA,G10,NORMAL,1.00,1.25,120.00,120.00,1.44
2026/08/01,CHA166,GONDOLA,G11,NORMAL,1.00,1.25,120.00,120.00,1.44
2026/08/01,CHA166,GONDOLA,G12,NORMAL,1.00,1.25,90.00,120.00,1.08
2026/08/01,CHA166,GONDOLA,G13,NORMAL,1.00,1.25,90.00,120.00,1.08
2026/08/01,CHA166,GONDOLA,G14,NORMAL,1.00,1.25,120.00,120.00,1.44
2026/08/01,CHA166,GONDOLA,G15,NORMAL,1.00,1.25,120.00,120.00,1.44
2026/08/01,CHA166,GONDOLA,G16,NORMAL,1.00,1.25,90.00,120.00,1.08
2026/08/01,CHA166,GONDOLA,GP17,HOT&NEW,1.00,1.25,90.00,120.00,1.08
2026/08/01,CHA166,GONDOLA,GP18,HOT&NEW,1.00,1.25,90.00,120.00,1.08
2026/08/01,CHA166,GONDOLA,G19,NORMAL,1.00,1.25,90.00,120.00,1.08
2026/08/01,CHA166,GONDOLA,G20,NORMAL,1.00,1.25,120.00,120.00,1.44
2026/08/01,CHA166,GONDOLA,G21,NORMAL,1.00,1.25,120.00,120.00,1.44
2026/08/01,CHA166,GONDOLA,G22,NORMAL,1.00,1.25,90.00,120.00,1.08
2026/08/01,CHA166,GONDOLA,G23,NORMAL,1.00,1.25,90.00,120.00,1.08
2026/08/01,CHA166,GONDOLA,G24,NORMAL,1.00,1.25,120.00,120.00,1.44
2026/08/01,CHA166,GONDOLA,G25,NORMAL,1.00,1.25,120.00,120.00,1.44
2026/08/01,CHA166,GONDOLA,G26,NORMAL,1.00,1.25,90.00,120.00,1.08
2026/08/01,CHA166,GONDOLA,G27,NORMAL,1.00,1.25,90.00,120.00,1.08
2026/08/01,CHA166,GONDOLA,G28,NORMAL,1.00,1.25,120.00,120.00,1.44
2026/08/01,CHA166,GONDOLA,G29,NORMAL,1.00,1.25,120.00,120.00,1.44
2026/08/01,CHA166,GONDOLA,G30,NORMAL,1.00,1.25,90.00,120.00,1.08
2026/08/01,CHA166,GONDOLA,G31,NORMAL,1.00,1.25,90.00,120.00,1.08
2026/08/01,CHA166,GONDOLA,G32,NORMAL,1.00,1.25,120.00,120.00,1.44
2026/08/01,CHA166,GONDOLA,G33,NORMAL,1.00,1.25,120.00,120.00,1.44
2026/08/01,CHA166,GONDOLA,G34,NORMAL,1.00,1.25,90.00,120.00,1.08
2026/08/01,CHA166,TREE_SIKU,T1,NORMAL,1.00,1.11,120.00,100.00,1.20
2026/08/01,CHA166,TREE_KEYCHAIN,T2,NORMAL,1.00,1.14,120.00,100.00,1.20
2026/08/01,CHA166,TREE_HW,T3,NORMAL,1.00,1.14,120.00,100.00,1.20
2026/08/01,CHA166,TREE_PLAYDOH,T4,NORMAL,1.00,1.00,50.00,157.00,0.79
2026/08/01,CHA166,PALLET_DISPLAY,P1,NORMAL,1.00,1.25,400.00,100.00,4.00
2026/08/01,CHA166,ISLAND_DISPLAY,IP1,PROMOTION,1.00,1.00,280.00,100.00,2.80
2026/08/01,CHA166,WALL_SHELF,WH1,NORMAL,1.00,1.28,90.00,220.00,1.98
2026/08/01,CHA166,GONDOLA,GM1,NORMAL,1.00,1.25,180.00,120.00,2.16
2026/08/01,CHA166,CASHIER_COUNTER,CC1,NORMAL,1.00,1.82,100.00,90.00,0.90
2026/08/01,CHA171,WALL_SHELF,W1,NORMAL,1.00,1.28,120.00,220.00,2.64
2026/08/01,CHA171,WALL_SHELF,W2,NORMAL,1.00,1.28,120.00,220.00,2.64
2026/08/01,CHA171,WALL_SHELF,W3,NORMAL,1.00,1.28,90.00,220.00,1.98
2026/08/01,CHA171,WALL_SHELF,W4,NORMAL,1.00,1.28,120.00,220.00,2.64
2026/08/01,CHA171,WALL_SHELF,W5,NORMAL,1.00,1.28,120.00,220.00,2.64
2026/08/01,CHA171,WALL_SHELF,W6,NORMAL,1.00,1.28,90.00,220.00,1.98
2026/08/01,CHA171,WALL_SHELF,W7,NORMAL,1.00,1.28,120.00,220.00,2.64
2026/08/01,CHA171,WALL_SHELF,W8,NORMAL,1.00,1.28,120.00,220.00,2.64
2026/08/01,CHA171,WALL_SHELF,W9,NORMAL,1.00,1.28,90.00,220.00,1.98
2026/08/01,CHA171,WALL_SHELF,W10,NORMAL,1.00,1.28,90.00,220.00,1.98
2026/08/01,CHA171,WALL_SHELF,W11,NORMAL,1.00,1.28,90.00,220.00,1.98
2026/08/01,CHA171,WALL_SHELF,W12,NORMAL,1.00,1.28,90.00,220.00,1.98
2026/08/01,CHA171,WALL_SHELF,W13,NORMAL,1.00,1.28,90.00,220.00,1.98
2026/08/01,CHA171,WALL_SHELF,W14,NORMAL,1.00,1.28,90.00,220.00,1.98
2026/08/01,CHA171,WALL_SHELF,W15,NORMAL,1.00,1.28,120.00,220.00,2.64
2026/08/01,CHA171,WALL_SHELF,W16,NORMAL,1.00,1.28,120.00,220.00,2.64
2026/08/01,CHA171,WALL_SHELF,W17,NORMAL,1.00,1.28,90.00,220.00,1.98
2026/08/01,CHA171,WALL_SHELF,W18,NORMAL,1.00,1.28,120.00,220.00,2.64
2026/08/01,CHA171,WALL_SHELF,W19,NORMAL,1.00,1.28,120.00,220.00,2.64
2026/08/01,CHA171,WALL_SHELF,W20,NORMAL,1.00,1.28,120.00,220.00,2.64
2026/08/01,CHA171,WALL_SHELF,W21,NORMAL,1.00,1.28,120.00,220.00,2.64
2026/08/01,CHA171,GONDOLA,GP1,HOT&NEW,1.00,1.25,90.00,120.00,1.08
2026/08/01,CHA171,GONDOLA,G2,NORMAL,1.00,1.25,120.00,120.00,1.44
2026/08/01,CHA171,GONDOLA,G3,NORMAL,1.00,1.25,120.00,120.00,1.44
2026/08/01,CHA171,GONDOLA,G4,NORMAL,1.00,1.25,120.00,120.00,1.44
2026/08/01,CHA171,GONDOLA,G5,NORMAL,1.00,1.25,120.00,120.00,1.44
2026/08/01,CHA171,GONDOLA,G6,NORMAL,1.00,1.25,90.00,120.00,1.08
2026/08/01,CHA171,GONDOLA,G7,NORMAL,1.00,1.25,90.00,120.00,1.08
2026/08/01,CHA171,GONDOLA,G8,NORMAL,1.00,1.25,120.00,120.00,1.44
2026/08/01,CHA171,GONDOLA,G9,NORMAL,1.00,1.25,120.00,120.00,1.44
2026/08/01,CHA171,GONDOLA,G10,NORMAL,1.00,1.25,120.00,120.00,1.44
2026/08/01,CHA171,GONDOLA,G11,NORMAL,1.00,1.25,120.00,120.00,1.44
2026/08/01,CHA171,GONDOLA,G12,NORMAL,1.00,1.25,120.00,120.00,1.44
2026/08/01,CHA171,GONDOLA,G13,NORMAL,1.00,1.25,120.00,120.00,1.44
2026/08/01,CHA171,GONDOLA,G14,NORMAL,1.00,1.25,90.00,120.00,1.08
2026/08/01,CHA171,TREE_SIKU,T1,NORMAL,1.00,1.11,120.00,100.00,1.20
2026/08/01,CHA171,TREE_PLAYDOH,T2,NORMAL,1.00,1.00,50.00,157.00,0.79
2026/08/01,CHA171,TREE_HW,T3,NORMAL,1.00,1.14,120.00,100.00,1.20
2026/08/01,CHA171,CASHIER_COUNTER,CC1,NORMAL,1.00,1.82,100.00,90.00,0.90
2026/08/01,CHA173,WALL_SHELF,W1,NORMAL,1.00,1.28,120.00,220.00,2.64
2026/08/01,CHA173,WALL_SHELF,W2,NORMAL,1.00,1.28,120.00,220.00,2.64
2026/08/01,CHA173,WALL_SHELF,W3,NORMAL,1.00,1.28,120.00,220.00,2.64
2026/08/01,CHA173,WALL_SHELF,W4,NORMAL,1.00,1.28,120.00,220.00,2.64
2026/08/01,CHA173,WALL_SHELF,W5,NORMAL,1.00,1.28,120.00,220.00,2.64
2026/08/01,CHA173,WALL_SHELF,W6,NORMAL,1.00,1.28,120.00,220.00,2.64
2026/08/01,CHA173,WALL_SHELF,W7,NORMAL,1.00,1.28,120.00,220.00,2.64
2026/08/01,CHA173,WALL_SHELF,W8,NORMAL,1.00,1.28,120.00,220.00,2.64
2026/08/01,CHA173,WALL_SHELF,W9,NORMAL,1.00,1.28,120.00,220.00,2.64
2026/08/01,CHA173,WALL_SHELF,W10,NORMAL,1.00,1.28,120.00,220.00,2.64
2026/08/01,CHA173,WALL_SHELF,W11,NORMAL,1.00,1.28,120.00,220.00,2.64
2026/08/01,CHA173,WALL_SHELF,W12,NORMAL,1.00,1.28,120.00,220.00,2.64
2026/08/01,CHA173,WALL_SHELF,W13,NORMAL,1.00,1.28,90.00,220.00,1.98
2026/08/01,CHA173,WALL_SHELF,W14,NORMAL,1.00,1.28,90.00,220.00,1.98
2026/08/01,CHA173,WALL_SHELF,W15,NORMAL,1.00,1.28,90.00,220.00,1.98
2026/08/01,CHA173,WALL_SHELF,W16,NORMAL,1.00,1.28,90.00,220.00,1.98
2026/08/01,CHA173,WALL_SHELF,W17,NORMAL,1.00,1.28,90.00,220.00,1.98
2026/08/01,CHA173,WALL_SHELF,W18,NORMAL,1.00,1.28,90.00,220.00,1.98
2026/08/01,CHA173,WALL_SHELF,W19,NORMAL,1.00,1.28,120.00,220.00,2.64
2026/08/01,CHA173,WALL_SHELF,W20,NORMAL,1.00,1.28,120.00,220.00,2.64
2026/08/01,CHA173,WALL_SHELF,W21,NORMAL,1.00,1.28,120.00,220.00,2.64
2026/08/01,CHA173,WALL_SHELF,W22,NORMAL,1.00,1.28,120.00,220.00,2.64
2026/08/01,CHA173,WALL_SHELF,W23,NORMAL,1.00,1.28,120.00,220.00,2.64
2026/08/01,CHA173,WALL_SHELF,W24,NORMAL,1.00,1.28,120.00,220.00,2.64
2026/08/01,CHA173,WALL_SHELF,W25,NORMAL,1.00,1.28,120.00,220.00,2.64
2026/08/01,CHA173,WALL_SHELF,W26,NORMAL,1.00,1.28,120.00,220.00,2.64
2026/08/01,CHA173,WALL_SHELF,W27,NORMAL,1.00,1.28,120.00,220.00,2.64
2026/08/01,CHA173,WALL_SHELF,W28,NORMAL,1.00,1.28,120.00,220.00,2.64
2026/08/01,CHA173,WALL_SHELF,W29,NORMAL,1.00,1.28,120.00,220.00,2.64
2026/08/01,CHA173,WALL_SHELF,W30,NORMAL,1.00,1.28,120.00,220.00,2.64
2026/08/01,CHA173,WALL_SHELF,W31,NORMAL,1.00,1.28,120.00,220.00,2.64
2026/08/01,CHA173,GONDOLA,GP1,HOT&NEW,1.00,1.25,90.00,120.00,1.08
2026/08/01,CHA173,GONDOLA,GP2,HOT&NEW,1.00,1.25,90.00,120.00,1.08
2026/08/01,CHA173,GONDOLA,G3,NORMAL,1.00,1.25,90.00,120.00,1.08
2026/08/01,CHA173,GONDOLA,G4,NORMAL,1.00,1.25,120.00,120.00,1.44
2026/08/01,CHA173,GONDOLA,G5,NORMAL,1.00,1.25,120.00,120.00,1.44
2026/08/01,CHA173,GONDOLA,G6,NORMAL,1.00,1.25,120.00,120.00,1.44
2026/08/01,CHA173,GONDOLA,G7,NORMAL,1.00,1.25,120.00,120.00,1.44
2026/08/01,CHA173,GONDOLA,G8,NORMAL,1.00,1.25,90.00,120.00,1.08
2026/08/01,CHA173,GONDOLA,G9,NORMAL,1.00,1.25,90.00,120.00,1.08
2026/08/01,CHA173,GONDOLA,G10,NORMAL,1.00,1.25,120.00,120.00,1.44
2026/08/01,CHA173,GONDOLA,G11,NORMAL,1.00,1.25,120.00,120.00,1.44
2026/08/01,CHA173,GONDOLA,G12,NORMAL,1.00,1.25,120.00,120.00,1.44
2026/08/01,CHA173,GONDOLA,G13,NORMAL,1.00,1.25,120.00,120.00,1.44
2026/08/01,CHA173,GONDOLA,G14,NORMAL,1.00,1.25,90.00,120.00,1.08
2026/08/01,CHA173,GONDOLA,G15,NORMAL,1.00,1.25,90.00,120.00,1.08
2026/08/01,CHA173,GONDOLA,G16,NORMAL,1.00,1.25,120.00,120.00,1.44
2026/08/01,CHA173,GONDOLA,G17,NORMAL,1.00,1.25,120.00,120.00,1.44
2026/08/01,CHA173,GONDOLA,G18,NORMAL,1.00,1.25,120.00,120.00,1.44
2026/08/01,CHA173,GONDOLA,G19,NORMAL,1.00,1.25,120.00,120.00,1.44
2026/08/01,CHA173,GONDOLA,G20,NORMAL,1.00,1.25,90.00,120.00,1.08
2026/08/01,CHA173,GONDOLA,G21,NORMAL,1.00,1.25,90.00,120.00,1.08
2026/08/01,CHA173,GONDOLA,G22,NORMAL,1.00,1.25,120.00,120.00,1.44
2026/08/01,CHA173,GONDOLA,G23,NORMAL,1.00,1.25,120.00,120.00,1.44
2026/08/01,CHA173,GONDOLA,G24,NORMAL,1.00,1.25,120.00,120.00,1.44
2026/08/01,CHA173,GONDOLA,G25,NORMAL,1.00,1.25,120.00,120.00,1.44
2026/08/01,CHA173,GONDOLA,G26,NORMAL,1.00,1.25,90.00,120.00,1.08
2026/08/01,CHA173,GONDOLA,G27,NORMAL,1.00,1.25,90.00,120.00,1.08
2026/08/01,CHA173,GONDOLA,G28,NORMAL,1.00,1.25,120.00,120.00,1.44
2026/08/01,CHA173,GONDOLA,G29,NORMAL,1.00,1.25,120.00,120.00,1.44
2026/08/01,CHA173,GONDOLA,G30,NORMAL,1.00,1.25,120.00,120.00,1.44
2026/08/01,CHA173,GONDOLA,G31,NORMAL,1.00,1.25,120.00,120.00,1.44
2026/08/01,CHA173,GONDOLA,G32,NORMAL,1.00,1.25,90.00,120.00,1.08
2026/08/01,CHA173,TREE_SIKU,T1,NORMAL,1.00,1.11,120.00,100.00,1.20
2026/08/01,CHA173,TREE_PLAYDOH,T2,NORMAL,1.00,1.00,50.00,157.00,0.79
2026/08/01,CHA173,TREE_HW,T3,NORMAL,1.00,1.14,120.00,100.00,1.20
2026/08/01,CHA173,PALLET_DISPLAY,P1,NORMAL,1.00,1.25,400.00,100.00,4.00
2026/08/01,CHA173,PALLET_DISPLAY,P2,NORMAL,1.00,1.25,400.00,100.00,4.00
2026/08/01,CHA173,PALLET_DISPLAY,P3,NORMAL,1.00,1.25,400.00,100.00,4.00
2026/08/01,CHA173,ISLAND_DISPLAY,IP1,PROMOTION,1.00,1.00,280.00,100.00,2.80
2026/08/01,CHA173,CASHIER_COUNTER,CC1,NORMAL,1.00,1.82,100.00,90.00,0.90
2026/08/01,CHA189,WALL_SHELF,W1,NORMAL,1.00,1.28,120.00,220.00,2.64
2026/08/01,CHA189,WALL_SHELF,W2,NORMAL,1.00,1.28,120.00,220.00,2.64
2026/08/01,CHA189,WALL_SHELF,W3,NORMAL,1.00,1.28,120.00,220.00,2.64
2026/08/01,CHA189,WALL_SHELF,W4,NORMAL,1.00,1.28,120.00,220.00,2.64
2026/08/01,CHA189,WALL_SHELF,W5,NORMAL,1.00,1.28,120.00,220.00,2.64
2026/08/01,CHA189,WALL_SHELF,W6,NORMAL,1.00,1.28,120.00,220.00,2.64
2026/08/01,CHA189,WALL_SHELF,W7,NORMAL,1.00,1.28,90.00,220.00,1.98
2026/08/01,CHA189,WALL_SHELF,W8,NORMAL,1.00,1.28,90.00,220.00,1.98
2026/08/01,CHA189,WALL_SHELF,W9,NORMAL,1.00,1.28,100.00,220.00,2.20
2026/08/01,CHA189,WALL_SHELF,W10,NORMAL,1.00,1.28,100.00,220.00,2.20
2026/08/01,CHA189,GONDOLA,G1,NORMAL,1.00,1.25,90.00,120.00,1.08
2026/08/01,CHA189,GONDOLA,G2,NORMAL,1.00,1.25,120.00,120.00,1.44
2026/08/01,CHA189,GONDOLA,G3,NORMAL,1.00,1.25,120.00,120.00,1.44
2026/08/01,CHA189,GONDOLA,G4,NORMAL,1.00,1.25,120.00,120.00,1.44
2026/08/01,CHA189,GONDOLA,G5,NORMAL,1.00,1.25,120.00,120.00,1.44
2026/08/01,CHA189,GONDOLA,G6,NORMAL,1.00,1.25,90.00,120.00,1.08
2026/08/01,CHA189,GONDOLA,G7,NORMAL,1.00,1.25,90.00,120.00,1.08
2026/08/01,CHA189,GONDOLA,G8,NORMAL,1.00,1.25,120.00,120.00,1.44
2026/08/01,CHA189,GONDOLA,G9,NORMAL,1.00,1.25,120.00,120.00,1.44
2026/08/01,CHA189,GONDOLA,G10,NORMAL,1.00,1.25,120.00,120.00,1.44
2026/08/01,CHA189,GONDOLA,G11,NORMAL,1.00,1.25,120.00,120.00,1.44
2026/08/01,CHA189,GONDOLA,G12,NORMAL,1.00,1.25,120.00,120.00,1.44
2026/08/01,CHA189,GONDOLA,G13,NORMAL,1.00,1.25,120.00,120.00,1.44
2026/08/01,CHA189,GONDOLA,G14,NORMAL,1.00,1.25,90.00,120.00,1.08
2026/08/01,CHA189,GONDOLA,G15,NORMAL,1.00,1.25,90.00,120.00,1.08
2026/08/01,CHA189,GONDOLA,G16,NORMAL,1.00,1.25,120.00,120.00,1.44
2026/08/01,CHA189,GONDOLA,G17,NORMAL,1.00,1.25,120.00,120.00,1.44
2026/08/01,CHA189,GONDOLA,G18,NORMAL,1.00,1.25,120.00,120.00,1.44
2026/08/01,CHA189,GONDOLA,G19,NORMAL,1.00,1.25,120.00,120.00,1.44
2026/08/01,CHA189,GONDOLA,G20,NORMAL,1.00,1.25,90.00,120.00,1.08
2026/08/01,CHA189,GONDOLA,G21,NORMAL,1.00,1.25,90.00,120.00,1.08
2026/08/01,CHA189,GONDOLA,G22,NORMAL,1.00,1.25,120.00,120.00,1.44
2026/08/01,CHA189,GONDOLA,G23,NORMAL,1.00,1.25,120.00,120.00,1.44
2026/08/01,CHA189,GONDOLA,G24,NORMAL,1.00,1.25,120.00,120.00,1.44
2026/08/01,CHA189,GONDOLA,G25,NORMAL,1.00,1.25,120.00,120.00,1.44
2026/08/01,CHA189,GONDOLA,G26,NORMAL,1.00,1.25,90.00,120.00,1.08
2026/08/01,CHA189,GONDOLA,G27,NORMAL,1.00,1.25,120.00,120.00,1.44
2026/08/01,CHA189,GONDOLA,G28,NORMAL,1.00,1.25,120.00,120.00,1.44
2026/08/01,CHA189,GONDOLA,G29,NORMAL,1.00,1.25,120.00,120.00,1.44
2026/08/01,CHA189,GONDOLA,G30,NORMAL,1.00,1.25,120.00,120.00,1.44
2026/08/01,CHA189,GONDOLA,G31,NORMAL,1.00,1.25,90.00,120.00,1.08
2026/08/01,CHA189,GONDOLA,GP32,HOT&NEW,1.00,1.25,90.00,120.00,1.08
2026/08/01,CHA189,GONDOLA,G33,NORMAL,1.00,1.25,120.00,120.00,1.44
2026/08/01,CHA189,GONDOLA,G34,NORMAL,1.00,1.25,120.00,120.00,1.44
2026/08/01,CHA189,GONDOLA,G35,NORMAL,1.00,1.25,120.00,120.00,1.44
2026/08/01,CHA189,GONDOLA,G36,NORMAL,1.00,1.25,120.00,120.00,1.44
2026/08/01,CHA189,GONDOLA,G37,NORMAL,1.00,1.25,90.00,120.00,1.08
2026/08/01,CHA189,GONDOLA,GP38,HOT&NEW,1.00,1.25,90.00,120.00,1.08
2026/08/01,CHA189,GONDOLA,G39,NORMAL,1.00,1.25,120.00,120.00,1.44
2026/08/01,CHA189,GONDOLA,G40,NORMAL,1.00,1.25,120.00,120.00,1.44
2026/08/01,CHA189,GONDOLA,G41,NORMAL,1.00,1.25,120.00,120.00,1.44
2026/08/01,CHA189,GONDOLA,G42,NORMAL,1.00,1.25,120.00,120.00,1.44
2026/08/01,CHA189,GONDOLA,G43,NORMAL,1.00,1.25,90.00,120.00,1.08
2026/08/01,CHA189,GONDOLA,G44,NORMAL,1.00,1.25,90.00,120.00,1.08
2026/08/01,CHA189,GONDOLA,G45,NORMAL,1.00,1.25,120.00,120.00,1.44
2026/08/01,CHA189,GONDOLA,G46,NORMAL,1.00,1.25,120.00,120.00,1.44
2026/08/01,CHA189,GONDOLA,G47,NORMAL,1.00,1.25,120.00,120.00,1.44
2026/08/01,CHA189,GONDOLA,G48,NORMAL,1.00,1.25,120.00,120.00,1.44
2026/08/01,CHA189,GONDOLA,G49,NORMAL,1.00,1.25,90.00,120.00,1.08
2026/08/01,CHA189,GONDOLA,G50,NORMAL,1.00,1.25,90.00,120.00,1.08
2026/08/01,CHA189,GONDOLA,G51,NORMAL,1.00,1.25,120.00,120.00,1.44
2026/08/01,CHA189,GONDOLA,G52,NORMAL,1.00,1.25,120.00,120.00,1.44
2026/08/01,CHA189,GONDOLA,G53,NORMAL,1.00,1.25,120.00,120.00,1.44
2026/08/01,CHA189,GONDOLA,G54,NORMAL,1.00,1.25,120.00,120.00,1.44
2026/08/01,CHA189,GONDOLA,G55,NORMAL,1.00,1.25,90.00,120.00,1.08
2026/08/01,CHA189,TREE_KEYCHAIN,T1,NORMAL,1.00,1.14,120.00,100.00,1.20
2026/08/01,CHA189,TREE_PLAYDOH,T2,NORMAL,1.00,1.00,50.00,157.00,0.79
2026/08/01,CHA189,TREE_HW,T3,NORMAL,1.00,1.14,120.00,100.00,1.20
2026/08/01,CHA189,TREE_SIKU,T4,NORMAL,1.00,1.11,120.00,100.00,1.20
2026/08/01,CHA189,PALLET_DISPLAY,P1,NORMAL,1.00,1.25,400.00,100.00,4.00
2026/08/01,CHA189,PALLET_DISPLAY,P2,NORMAL,1.00,1.25,400.00,100.00,4.00
2026/08/01,CHA189,PALLET_DISPLAY,P3,NORMAL,1.00,1.25,400.00,100.00,4.00
2026/08/01,CHA189,PALLET_DISPLAY,P4,NORMAL,1.00,1.25,400.00,100.00,4.00
2026/08/01,CHA189,ISLAND_DISPLAY,IP1,PROMOTION,1.00,1.00,280.00,100.00,2.80
2026/08/01,CHA189,CASHIER_COUNTER,CC1,NORMAL,1.00,1.82,100.00,90.00,0.90
2026/08/01,CHA190,WALL_SHELF,W1,NORMAL,1.00,1.28,120.00,220.00,2.64
2026/08/01,CHA190,WALL_SHELF,W2,NORMAL,1.00,1.28,120.00,220.00,2.64
2026/08/01,CHA190,WALL_SHELF,W3,NORMAL,1.00,1.28,90.00,220.00,1.98
2026/08/01,CHA190,WALL_SHELF,W4,NORMAL,1.00,1.28,120.00,220.00,2.64
2026/08/01,CHA190,WALL_SHELF,W5,NORMAL,1.00,1.28,120.00,220.00,2.64
2026/08/01,CHA190,WALL_SHELF,W6,NORMAL,1.00,1.28,120.00,220.00,2.64
2026/08/01,CHA190,WALL_SHELF,W7,NORMAL,1.00,1.28,120.00,220.00,2.64
2026/08/01,CHA190,WALL_SHELF,W8,NORMAL,1.00,1.28,90.00,220.00,1.98
2026/08/01,CHA190,WALL_SHELF,W9,NORMAL,1.00,1.28,90.00,220.00,1.98
2026/08/01,CHA190,WALL_SHELF,W10,NORMAL,1.00,1.28,120.00,220.00,2.64
2026/08/01,CHA190,WALL_SHELF,W11,NORMAL,1.00,1.28,120.00,220.00,2.64
2026/08/01,CHA190,WALL_SHELF,W12,NORMAL,1.00,1.28,90.00,220.00,1.98
2026/08/01,CHA190,WALL_SHELF,W13,NORMAL,1.00,1.28,120.00,220.00,2.64
2026/08/01,CHA190,WALL_SHELF,W14,NORMAL,1.00,1.28,120.00,220.00,2.64
2026/08/01,CHA190,WALL_SHELF,W15,NORMAL,1.00,1.28,120.00,220.00,2.64
2026/08/01,CHA190,WALL_SHELF,W16,NORMAL,1.00,1.28,90.00,220.00,1.98
2026/08/01,CHA190,WALL_SHELF,W17,NORMAL,1.00,1.28,120.00,220.00,2.64
2026/08/01,CHA190,WALL_SHELF,W18,NORMAL,1.00,1.28,100.00,220.00,2.20
2026/08/01,CHA190,WALL_SHELF,W19,NORMAL,1.00,1.28,100.00,220.00,2.20
2026/08/01,CHA190,WALL_SHELF,W20,NORMAL,1.00,1.28,100.00,220.00,2.20
2026/08/01,CHA190,WALL_SHELF,W21,NORMAL,1.00,1.28,90.00,220.00,1.98
2026/08/01,CHA190,WALL_SHELF,W22,NORMAL,1.00,1.28,90.00,220.00,1.98
2026/08/01,CHA190,WALL_SHELF,W23,NORMAL,1.00,1.28,90.00,220.00,1.98
2026/08/01,CHA190,WALL_SHELF,W24,NORMAL,1.00,1.28,90.00,220.00,1.98
2026/08/01,CHA190,WALL_SHELF,W25,NORMAL,1.00,1.28,90.00,220.00,1.98
2026/08/01,CHA190,WALL_SHELF,W26,NORMAL,1.00,1.28,90.00,220.00,1.98
2026/08/01,CHA190,WALL_SHELF,W27,NORMAL,1.00,1.28,120.00,220.00,2.64
2026/08/01,CHA190,GONDOLA,G1,NORMAL,1.00,1.25,90.00,120.00,1.08
2026/08/01,CHA190,GONDOLA,G2,NORMAL,1.00,1.25,120.00,120.00,1.44
2026/08/01,CHA190,GONDOLA,G3,NORMAL,1.00,1.25,120.00,120.00,1.44
2026/08/01,CHA190,GONDOLA,G4,NORMAL,1.00,1.25,120.00,120.00,1.44
2026/08/01,CHA190,GONDOLA,G5,NORMAL,1.00,1.25,120.00,120.00,1.44
2026/08/01,CHA190,GONDOLA,G6,NORMAL,1.00,1.25,120.00,120.00,1.44
2026/08/01,CHA190,GONDOLA,G7,NORMAL,1.00,1.25,120.00,120.00,1.44
2026/08/01,CHA190,GONDOLA,G8,NORMAL,1.00,1.25,90.00,120.00,1.08
2026/08/01,CHA190,GONDOLA,GP9,HOT&NEW,1.00,1.25,90.00,120.00,1.08
2026/08/01,CHA190,GONDOLA,GP10,HOT&NEW,1.00,1.25,90.00,120.00,1.08
2026/08/01,CHA190,GONDOLA,G11,NORMAL,1.00,1.25,90.00,120.00,1.08
2026/08/01,CHA190,GONDOLA,G12,NORMAL,1.00,1.25,90.00,120.00,1.08
2026/08/01,CHA190,GONDOLA,G13,NORMAL,1.00,1.25,120.00,120.00,1.44
2026/08/01,CHA190,GONDOLA,G14,NORMAL,1.00,1.25,120.00,120.00,1.44
2026/08/01,CHA190,GONDOLA,G15,NORMAL,1.00,1.25,120.00,120.00,1.44
2026/08/01,CHA190,GONDOLA,G16,NORMAL,1.00,1.25,120.00,120.00,1.44
2026/08/01,CHA190,GONDOLA,G17,NORMAL,1.00,1.25,90.00,120.00,1.08
2026/08/01,CHA190,TREE_PLAYDOH,T1,NORMAL,1.00,1.00,50.00,157.00,0.79
2026/08/01,CHA190,TREE_SIKU,T2,NORMAL,1.00,1.11,120.00,100.00,1.20
2026/08/01,CHA190,TREE_HW,T3,NORMAL,1.00,1.14,120.00,100.00,1.20
2026/08/01,CHA190,PALLET_DISPLAY,P1,NORMAL,1.00,1.25,400.00,100.00,4.00
2026/08/01,CHA190,PALLET_DISPLAY,P2,NORMAL,1.00,1.25,400.00,100.00,4.00
2026/08/01,CHA190,WALL_SHELF,WH1,NORMAL,1.00,1.28,200.00,220.00,4.40
2026/08/01,CHA190,WALL_SHELF,WH2,NORMAL,1.00,1.28,200.00,220.00,4.40
2026/08/01,CHA190,CASHIER_COUNTER,CC1,NORMAL,1.00,1.82,100.00,90.00,0.90
2026/08/01,CHA192,WALL_SHELF,W1,NORMAL,1.00,1.28,120.00,220.00,2.64
2026/08/01,CHA192,WALL_SHELF,W2,NORMAL,1.00,1.28,120.00,220.00,2.64
2026/08/01,CHA192,WALL_SHELF,W3,NORMAL,1.00,1.28,120.00,220.00,2.64
2026/08/01,CHA192,WALL_SHELF,W4,NORMAL,1.00,1.28,90.00,220.00,1.98
2026/08/01,CHA192,WALL_SHELF,W5,NORMAL,1.00,1.28,90.00,220.00,1.98
2026/08/01,CHA192,WALL_SHELF,W6,NORMAL,1.00,1.28,90.00,220.00,1.98
2026/08/01,CHA192,WALL_SHELF,W7,NORMAL,1.00,1.28,120.00,220.00,2.64
2026/08/01,CHA192,WALL_SHELF,W8,NORMAL,1.00,1.28,120.00,220.00,2.64
2026/08/01,CHA192,WALL_SHELF,W9,NORMAL,1.00,1.28,120.00,220.00,2.64
2026/08/01,CHA192,WALL_SHELF,W10,NORMAL,1.00,1.28,120.00,220.00,2.64
2026/08/01,CHA192,WALL_SHELF,W11,NORMAL,1.00,1.28,120.00,220.00,2.64
2026/08/01,CHA192,WALL_SHELF,W12,NORMAL,1.00,1.28,120.00,220.00,2.64
2026/08/01,CHA192,WALL_SHELF,W13,NORMAL,1.00,1.28,120.00,220.00,2.64
2026/08/01,CHA192,WALL_SHELF,W14,NORMAL,1.00,1.28,90.00,220.00,1.98
2026/08/01,CHA192,WALL_SHELF,W15,NORMAL,1.00,1.28,90.00,220.00,1.98
2026/08/01,CHA192,WALL_SHELF,W16,NORMAL,1.00,1.28,90.00,220.00,1.98
2026/08/01,CHA192,WALL_SHELF,W17,NORMAL,1.00,1.28,90.00,220.00,1.98
2026/08/01,CHA192,WALL_SHELF,W18,NORMAL,1.00,1.28,90.00,220.00,1.98
2026/08/01,CHA192,WALL_SHELF,W19,NORMAL,1.00,1.28,90.00,220.00,1.98
2026/08/01,CHA192,WALL_SHELF,W20,NORMAL,1.00,1.28,120.00,220.00,2.64
2026/08/01,CHA192,WALL_SHELF,W21,NORMAL,1.00,1.28,120.00,220.00,2.64
2026/08/01,CHA192,WALL_SHELF,W22,NORMAL,1.00,1.28,90.00,220.00,1.98
2026/08/01,CHA192,WALL_SHELF,W23,NORMAL,1.00,1.28,120.00,220.00,2.64
2026/08/01,CHA192,WALL_SHELF,W24,NORMAL,1.00,1.28,120.00,220.00,2.64
2026/08/01,CHA192,WALL_SHELF,W25,NORMAL,1.00,1.28,120.00,220.00,2.64
2026/08/01,CHA192,WALL_SHELF,W26,NORMAL,1.00,1.28,120.00,220.00,2.64
2026/08/01,CHA192,WALL_SHELF,W27,NORMAL,1.00,1.28,120.00,220.00,2.64
2026/08/01,CHA192,WALL_SHELF,W28,NORMAL,1.00,1.28,120.00,220.00,2.64
2026/08/01,CHA192,WALL_SHELF,W29,NORMAL,1.00,1.28,120.00,220.00,2.64
2026/08/01,CHA192,WALL_SHELF,W30,NORMAL,1.00,1.28,120.00,220.00,2.64
2026/08/01,CHA192,GONDOLA,GP1,HOT&NEW,1.00,1.25,90.00,120.00,1.08
2026/08/01,CHA192,GONDOLA,GP2,HOT&NEW,1.00,1.25,90.00,120.00,1.08
2026/08/01,CHA192,GONDOLA,G3,NORMAL,1.00,1.25,180.00,120.00,2.16
2026/08/01,CHA192,GONDOLA,G4,NORMAL,1.00,1.25,90.00,120.00,1.08
2026/08/01,CHA192,GONDOLA,G5,NORMAL,1.00,1.25,120.00,120.00,1.44
2026/08/01,CHA192,GONDOLA,G6,NORMAL,1.00,1.25,120.00,120.00,1.44
2026/08/01,CHA192,GONDOLA,G7,NORMAL,1.00,1.25,120.00,120.00,1.44
2026/08/01,CHA192,GONDOLA,G8,NORMAL,1.00,1.25,120.00,120.00,1.44
2026/08/01,CHA192,GONDOLA,G9,NORMAL,1.00,1.25,90.00,120.00,1.08
2026/08/01,CHA192,GONDOLA,G10,NORMAL,1.00,1.25,90.00,120.00,1.08
2026/08/01,CHA192,GONDOLA,G11,NORMAL,1.00,1.25,120.00,120.00,1.44
2026/08/01,CHA192,GONDOLA,G12,NORMAL,1.00,1.25,120.00,120.00,1.44
2026/08/01,CHA192,GONDOLA,G13,NORMAL,1.00,1.25,120.00,120.00,1.44
2026/08/01,CHA192,GONDOLA,G14,NORMAL,1.00,1.25,120.00,120.00,1.44
2026/08/01,CHA192,GONDOLA,G15,NORMAL,1.00,1.25,90.00,120.00,1.08
2026/08/01,CHA192,GONDOLA,G16,NORMAL,1.00,1.25,90.00,120.00,1.08
2026/08/01,CHA192,GONDOLA,G17,NORMAL,1.00,1.25,120.00,120.00,1.44
2026/08/01,CHA192,GONDOLA,G18,NORMAL,1.00,1.25,120.00,120.00,1.44
2026/08/01,CHA192,GONDOLA,G19,NORMAL,1.00,1.25,120.00,120.00,1.44
2026/08/01,CHA192,GONDOLA,G20,NORMAL,1.00,1.25,120.00,120.00,1.44
2026/08/01,CHA192,GONDOLA,G21,NORMAL,1.00,1.25,90.00,120.00,1.08
2026/08/01,CHA192,GONDOLA,G22,NORMAL,1.00,1.25,90.00,120.00,1.08
2026/08/01,CHA192,GONDOLA,G23,NORMAL,1.00,1.25,120.00,120.00,1.44
2026/08/01,CHA192,GONDOLA,G24,NORMAL,1.00,1.25,120.00,120.00,1.44
2026/08/01,CHA192,GONDOLA,G25,NORMAL,1.00,1.25,120.00,120.00,1.44
2026/08/01,CHA192,GONDOLA,G26,NORMAL,1.00,1.25,120.00,120.00,1.44
2026/08/01,CHA192,GONDOLA,G27,NORMAL,1.00,1.25,90.00,120.00,1.08
2026/08/01,CHA192,GONDOLA,G28,NORMAL,1.00,1.25,90.00,120.00,1.08
2026/08/01,CHA192,GONDOLA,G29,NORMAL,1.00,1.25,90.00,120.00,1.08
2026/08/01,CHA192,GONDOLA,G30,NORMAL,1.00,1.25,120.00,120.00,1.44
2026/08/01,CHA192,GONDOLA,G31,NORMAL,1.00,1.25,120.00,120.00,1.44
2026/08/01,CHA192,GONDOLA,G32,NORMAL,1.00,1.25,120.00,120.00,1.44
2026/08/01,CHA192,GONDOLA,G33,NORMAL,1.00,1.25,120.00,120.00,1.44
2026/08/01,CHA192,GONDOLA,G34,NORMAL,1.00,1.25,90.00,120.00,1.08
2026/08/01,CHA192,GONDOLA,G35,NORMAL,1.00,1.25,90.00,120.00,1.08
2026/08/01,CHA192,GONDOLA,G36,NORMAL,1.00,1.25,120.00,120.00,1.44
2026/08/01,CHA192,GONDOLA,G37,NORMAL,1.00,1.25,120.00,120.00,1.44
2026/08/01,CHA192,GONDOLA,G38,NORMAL,1.00,1.25,120.00,120.00,1.44
2026/08/01,CHA192,GONDOLA,G39,NORMAL,1.00,1.25,120.00,120.00,1.44
2026/08/01,CHA192,GONDOLA,G40,NORMAL,1.00,1.25,90.00,120.00,1.08
2026/08/01,CHA192,GONDOLA,G41,NORMAL,1.00,1.25,90.00,120.00,1.08
2026/08/01,CHA192,GONDOLA,G42,NORMAL,1.00,1.25,120.00,120.00,1.44
2026/08/01,CHA192,GONDOLA,G43,NORMAL,1.00,1.25,120.00,120.00,1.44
2026/08/01,CHA192,GONDOLA,G44,NORMAL,1.00,1.25,120.00,120.00,1.44
2026/08/01,CHA192,GONDOLA,G45,NORMAL,1.00,1.25,120.00,120.00,1.44
2026/08/01,CHA192,GONDOLA,G46,NORMAL,1.00,1.25,90.00,120.00,1.08
2026/08/01,CHA192,TREE_PLAYDOH,T1,NORMAL,1.00,1.00,50.00,157.00,0.79
2026/08/01,CHA192,TREE_KEYCHAIN,T2,NORMAL,1.00,1.14,120.00,100.00,1.20
2026/08/01,CHA192,TREE_HW,T3,NORMAL,1.00,1.14,120.00,100.00,1.20
2026/08/01,CHA192,TREE_SIKU,T4,NORMAL,1.00,1.11,120.00,100.00,1.20
2026/08/01,CHA192,PALLET_DISPLAY,P1,NORMAL,1.00,1.25,400.00,100.00,4.00
2026/08/01,CHA192,PALLET_DISPLAY,P2,NORMAL,1.00,1.25,400.00,100.00,4.00
2026/08/01,CHA192,ISLAND_DISPLAY,IP1,PROMOTION,1.00,1.00,280.00,100.00,2.80
2026/08/01,CHA192,GONDOLA,GM1,NORMAL,1.00,1.25,180.00,120.00,2.16
2026/08/01,CHA192,CASHIER_COUNTER,CC1,NORMAL,1.00,1.82,100.00,90.00,0.90
2026/08/01,CHA194,WALL_SHELF,W1,NORMAL,1.00,1.28,120.00,220.00,2.64
2026/08/01,CHA194,WALL_SHELF,W2,NORMAL,1.00,1.28,120.00,220.00,2.64
2026/08/01,CHA194,WALL_SHELF,W3,NORMAL,1.00,1.28,120.00,220.00,2.64
2026/08/01,CHA194,WALL_SHELF,W4,NORMAL,1.00,1.28,120.00,220.00,2.64
2026/08/01,CHA194,WALL_SHELF,W5,NORMAL,1.00,1.28,120.00,220.00,2.64
2026/08/01,CHA194,WALL_SHELF,W6,NORMAL,1.00,1.28,90.00,220.00,1.98
2026/08/01,CHA194,WALL_SHELF,W7,NORMAL,1.00,1.28,90.00,220.00,1.98
2026/08/01,CHA194,WALL_SHELF,W8,NORMAL,1.00,1.28,90.00,220.00,1.98
2026/08/01,CHA194,WALL_SHELF,W9,NORMAL,1.00,1.28,120.00,220.00,2.64
2026/08/01,CHA194,WALL_SHELF,W10,NORMAL,1.00,1.28,120.00,220.00,2.64
2026/08/01,CHA194,WALL_SHELF,W11,NORMAL,1.00,1.28,120.00,220.00,2.64
2026/08/01,CHA194,WALL_SHELF,W12,NORMAL,1.00,1.28,120.00,220.00,2.64
2026/08/01,CHA194,WALL_SHELF,W13,NORMAL,1.00,1.28,120.00,220.00,2.64
2026/08/01,CHA194,WALL_SHELF,W14,NORMAL,1.00,1.28,120.00,220.00,2.64
2026/08/01,CHA194,WALL_SHELF,W15,NORMAL,1.00,1.28,120.00,220.00,2.64
2026/08/01,CHA194,WALL_SHELF,W16,NORMAL,1.00,1.28,120.00,220.00,2.64
2026/08/01,CHA194,WALL_SHELF,W17,NORMAL,1.00,1.28,120.00,220.00,2.64
2026/08/01,CHA194,WALL_SHELF,W18,NORMAL,1.00,1.28,120.00,220.00,2.64
2026/08/01,CHA194,WALL_SHELF,W19,NORMAL,1.00,1.28,120.00,220.00,2.64
2026/08/01,CHA194,WALL_SHELF,W20,NORMAL,1.00,1.28,120.00,220.00,2.64
2026/08/01,CHA194,WALL_SHELF,W21,NORMAL,1.00,1.28,120.00,220.00,2.64
2026/08/01,CHA194,WALL_SHELF,W22,NORMAL,1.00,1.28,120.00,220.00,2.64
2026/08/01,CHA194,WALL_SHELF,W23,NORMAL,1.00,1.28,120.00,220.00,2.64
2026/08/01,CHA194,GONDOLA,G1,NORMAL,1.00,1.25,90.00,120.00,1.08
2026/08/01,CHA194,GONDOLA,G2,NORMAL,1.00,1.25,120.00,120.00,1.44
2026/08/01,CHA194,GONDOLA,G3,NORMAL,1.00,1.25,120.00,120.00,1.44
2026/08/01,CHA194,GONDOLA,G4,NORMAL,1.00,1.25,120.00,120.00,1.44
2026/08/01,CHA194,GONDOLA,G5,NORMAL,1.00,1.25,120.00,120.00,1.44
2026/08/01,CHA194,GONDOLA,G6,NORMAL,1.00,1.25,90.00,120.00,1.08
2026/08/01,CHA194,GONDOLA,GP7,HOT&NEW,1.00,1.25,90.00,120.00,1.08
2026/08/01,CHA194,GONDOLA,GP8,HOT&NEW,1.00,1.25,90.00,120.00,1.08
2026/08/01,CHA194,GONDOLA,G9,NORMAL,1.00,1.25,90.00,120.00,1.08
2026/08/01,CHA194,GONDOLA,G10,NORMAL,1.00,1.25,120.00,120.00,1.44
2026/08/01,CHA194,GONDOLA,G11,NORMAL,1.00,1.25,120.00,120.00,1.44
2026/08/01,CHA194,GONDOLA,G12,NORMAL,1.00,1.25,90.00,120.00,1.08
2026/08/01,CHA194,GONDOLA,G13,NORMAL,1.00,1.25,90.00,120.00,1.08
2026/08/01,CHA194,GONDOLA,G14,NORMAL,1.00,1.25,120.00,120.00,1.44
2026/08/01,CHA194,GONDOLA,G15,NORMAL,1.00,1.25,120.00,120.00,1.44
2026/08/01,CHA194,GONDOLA,G16,NORMAL,1.00,1.25,90.00,120.00,1.08
2026/08/01,CHA194,GONDOLA,G17,NORMAL,1.00,1.25,90.00,120.00,1.08
2026/08/01,CHA194,GONDOLA,G18,NORMAL,1.00,1.25,120.00,120.00,1.44
2026/08/01,CHA194,GONDOLA,G19,NORMAL,1.00,1.25,120.00,120.00,1.44
2026/08/01,CHA194,GONDOLA,G20,NORMAL,1.00,1.25,90.00,120.00,1.08
2026/08/01,CHA194,GONDOLA,G21,NORMAL,1.00,1.25,90.00,120.00,1.08
2026/08/01,CHA194,GONDOLA,G22,NORMAL,1.00,1.25,120.00,120.00,1.44
2026/08/01,CHA194,GONDOLA,G23,NORMAL,1.00,1.25,120.00,120.00,1.44
2026/08/01,CHA194,GONDOLA,G24,NORMAL,1.00,1.25,90.00,120.00,1.08
2026/08/01,CHA194,GONDOLA,G25,NORMAL,1.00,1.25,90.00,120.00,1.08
2026/08/01,CHA194,GONDOLA,G26,NORMAL,1.00,1.25,120.00,120.00,1.44
2026/08/01,CHA194,GONDOLA,G27,NORMAL,1.00,1.25,120.00,120.00,1.44
2026/08/01,CHA194,GONDOLA,G28,NORMAL,1.00,1.25,90.00,120.00,1.08
2026/08/01,CHA194,GONDOLA,G29,NORMAL,1.00,1.25,90.00,120.00,1.08
2026/08/01,CHA194,GONDOLA,G30,NORMAL,1.00,1.25,120.00,120.00,1.44
2026/08/01,CHA194,GONDOLA,G31,NORMAL,1.00,1.25,120.00,120.00,1.44
2026/08/01,CHA194,GONDOLA,G32,NORMAL,1.00,1.25,90.00,120.00,1.08
2026/08/01,CHA194,GONDOLA,G33,NORMAL,1.00,1.25,240.00,120.00,2.88
2026/08/01,CHA194,GONDOLA,G34,NORMAL,1.00,1.25,90.00,120.00,1.08
2026/08/01,CHA194,GONDOLA,G35,NORMAL,1.00,1.25,120.00,120.00,1.44
2026/08/01,CHA194,GONDOLA,G36,NORMAL,1.00,1.25,120.00,120.00,1.44
2026/08/01,CHA194,GONDOLA,G37,NORMAL,1.00,1.25,90.00,120.00,1.08
2026/08/01,CHA194,TREE_PLAYDOH,T1,NORMAL,1.00,1.00,50.00,157.00,0.79
2026/08/01,CHA194,TREE_HW,T2,NORMAL,1.00,1.14,120.00,100.00,1.20
2026/08/01,CHA194,TREE_SIKU,T3,NORMAL,1.00,1.11,120.00,100.00,1.20
2026/08/01,CHA194,ISLAND_DISPLAY,IP1,PROMOTION,1.00,1.00,280.00,100.00,2.80
2026/08/01,CHA194,CASHIER_COUNTER,CC1,NORMAL,1.00,1.82,100.00,90.00,0.90
2026/08/01,CHA197,WALL_SHELF,W1,NORMAL,1.00,1.28,120.00,220.00,2.64
2026/08/01,CHA197,WALL_SHELF,W2,NORMAL,1.00,1.28,120.00,220.00,2.64
2026/08/01,CHA197,WALL_SHELF,W3,NORMAL,1.00,1.28,120.00,220.00,2.64
2026/08/01,CHA197,WALL_SHELF,W4,NORMAL,1.00,1.28,120.00,220.00,2.64
2026/08/01,CHA197,WALL_SHELF,W5,NORMAL,1.00,1.28,120.00,220.00,2.64
2026/08/01,CHA197,WALL_SHELF,W6,NORMAL,1.00,1.28,120.00,220.00,2.64
2026/08/01,CHA197,WALL_SHELF,W7,NORMAL,1.00,1.28,120.00,220.00,2.64
2026/08/01,CHA197,WALL_SHELF,W8,NORMAL,1.00,1.28,120.00,220.00,2.64
2026/08/01,CHA197,WALL_SHELF,W9,NORMAL,1.00,1.28,120.00,220.00,2.64
2026/08/01,CHA197,WALL_SHELF,W10,NORMAL,1.00,1.28,120.00,220.00,2.64
2026/08/01,CHA197,WALL_SHELF,W11,NORMAL,1.00,1.28,120.00,220.00,2.64
2026/08/01,CHA197,WALL_SHELF,W12,NORMAL,1.00,1.28,120.00,220.00,2.64
2026/08/01,CHA197,WALL_SHELF,W13,NORMAL,1.00,1.28,120.00,220.00,2.64
2026/08/01,CHA197,WALL_SHELF,W14,NORMAL,1.00,1.28,120.00,220.00,2.64
2026/08/01,CHA197,WALL_SHELF,W15,NORMAL,1.00,1.28,120.00,220.00,2.64
2026/08/01,CHA197,WALL_SHELF,W16,NORMAL,1.00,1.28,120.00,220.00,2.64
2026/08/01,CHA197,WALL_SHELF,W17,NORMAL,1.00,1.28,120.00,220.00,2.64
2026/08/01,CHA197,WALL_SHELF,W18,NORMAL,1.00,1.28,90.00,220.00,1.98
2026/08/01,CHA197,WALL_SHELF,W19,NORMAL,1.00,1.28,120.00,220.00,2.64
2026/08/01,CHA197,WALL_SHELF,W20,NORMAL,1.00,1.28,120.00,220.00,2.64
2026/08/01,CHA197,WALL_SHELF,W21,NORMAL,1.00,1.28,120.00,220.00,2.64
2026/08/01,CHA197,WALL_SHELF,W22,NORMAL,1.00,1.28,120.00,220.00,2.64
2026/08/01,CHA197,WALL_SHELF,W23,NORMAL,1.00,1.28,120.00,220.00,2.64
2026/08/01,CHA197,WALL_SHELF,W24,NORMAL,1.00,1.28,120.00,220.00,2.64
2026/08/01,CHA197,WALL_SHELF,W25,NORMAL,1.00,1.28,120.00,220.00,2.64
2026/08/01,CHA197,WALL_SHELF,W26,NORMAL,1.00,1.28,120.00,220.00,2.64
2026/08/01,CHA197,WALL_SHELF,W27,NORMAL,1.00,1.28,120.00,220.00,2.64
2026/08/01,CHA197,WALL_SHELF,W28,NORMAL,1.00,1.28,120.00,220.00,2.64
2026/08/01,CHA197,WALL_SHELF,W29,NORMAL,1.00,1.28,120.00,220.00,2.64
2026/08/01,CHA197,WALL_SHELF,W30,NORMAL,1.00,1.28,120.00,220.00,2.64
2026/08/01,CHA197,WALL_SHELF,W31,NORMAL,1.00,1.28,120.00,220.00,2.64
2026/08/01,CHA197,WALL_SHELF,W32,NORMAL,1.00,1.28,120.00,220.00,2.64
2026/08/01,CHA197,WALL_SHELF,W33,NORMAL,1.00,1.28,120.00,220.00,2.64
2026/08/01,CHA197,WALL_SHELF,W34,NORMAL,1.00,1.28,120.00,220.00,2.64
2026/08/01,CHA197,WALL_SHELF,W35,NORMAL,1.00,1.28,120.00,220.00,2.64
2026/08/01,CHA197,WALL_SHELF,W36,NORMAL,1.00,1.28,120.00,220.00,2.64
2026/08/01,CHA197,WALL_SHELF,W37,NORMAL,1.00,1.28,120.00,220.00,2.64
2026/08/01,CHA197,WALL_SHELF,W38,NORMAL,1.00,1.28,120.00,220.00,2.64
2026/08/01,CHA197,WALL_SHELF,W39,NORMAL,1.00,1.28,120.00,220.00,2.64
2026/08/01,CHA197,WALL_SHELF,W40,NORMAL,1.00,1.28,120.00,220.00,2.64
2026/08/01,CHA197,WALL_SHELF,W41,NORMAL,1.00,1.28,120.00,220.00,2.64
2026/08/01,CHA197,GONDOLA,GP1,HOT&NEW,1.00,1.25,90.00,120.00,1.08
2026/08/01,CHA197,GONDOLA,GP2,HOT&NEW,1.00,1.25,90.00,120.00,1.08
2026/08/01,CHA197,GONDOLA,G3,NORMAL,1.00,1.25,90.00,120.00,1.08
2026/08/01,CHA197,GONDOLA,G4,NORMAL,1.00,1.25,120.00,120.00,1.44
2026/08/01,CHA197,GONDOLA,G5,NORMAL,1.00,1.25,120.00,120.00,1.44
2026/08/01,CHA197,GONDOLA,G6,NORMAL,1.00,1.25,120.00,120.00,1.44
2026/08/01,CHA197,GONDOLA,G7,NORMAL,1.00,1.25,120.00,120.00,1.44
2026/08/01,CHA197,GONDOLA,G8,NORMAL,1.00,1.25,90.00,120.00,1.08
2026/08/01,CHA197,GONDOLA,G9,NORMAL,1.00,1.25,90.00,120.00,1.08
2026/08/01,CHA197,GONDOLA,G10,NORMAL,1.00,1.25,120.00,120.00,1.44
2026/08/01,CHA197,GONDOLA,G11,NORMAL,1.00,1.25,120.00,120.00,1.44
2026/08/01,CHA197,GONDOLA,G12,NORMAL,1.00,1.25,90.00,120.00,1.08
2026/08/01,CHA197,GONDOLA,G13,NORMAL,1.00,1.25,90.00,120.00,1.08
2026/08/01,CHA197,GONDOLA,G14,NORMAL,1.00,1.25,120.00,120.00,1.44
2026/08/01,CHA197,GONDOLA,G15,NORMAL,1.00,1.25,120.00,120.00,1.44
2026/08/01,CHA197,GONDOLA,G16,NORMAL,1.00,1.25,120.00,120.00,1.44
2026/08/01,CHA197,GONDOLA,G17,NORMAL,1.00,1.25,120.00,120.00,1.44
2026/08/01,CHA197,GONDOLA,G18,NORMAL,1.00,1.25,120.00,120.00,1.44
2026/08/01,CHA197,GONDOLA,G19,NORMAL,1.00,1.25,120.00,120.00,1.44
2026/08/01,CHA197,GONDOLA,G20,NORMAL,1.00,1.25,90.00,120.00,1.08
2026/08/01,CHA197,GONDOLA,G21,NORMAL,1.00,1.25,90.00,120.00,1.08
2026/08/01,CHA197,GONDOLA,G22,NORMAL,1.00,1.25,120.00,120.00,1.44
2026/08/01,CHA197,GONDOLA,G23,NORMAL,1.00,1.25,120.00,120.00,1.44
2026/08/01,CHA197,GONDOLA,G24,NORMAL,1.00,1.25,90.00,120.00,1.08
2026/08/01,CHA197,GONDOLA,G25,NORMAL,1.00,1.25,90.00,120.00,1.08
2026/08/01,CHA197,GONDOLA,G26,NORMAL,1.00,1.25,120.00,120.00,1.44
2026/08/01,CHA197,GONDOLA,G27,NORMAL,1.00,1.25,120.00,120.00,1.44
2026/08/01,CHA197,GONDOLA,G28,NORMAL,1.00,1.25,120.00,120.00,1.44
2026/08/01,CHA197,GONDOLA,G29,NORMAL,1.00,1.25,120.00,120.00,1.44
2026/08/01,CHA197,GONDOLA,G30,NORMAL,1.00,1.25,120.00,120.00,1.44
2026/08/01,CHA197,GONDOLA,G31,NORMAL,1.00,1.25,120.00,120.00,1.44
2026/08/01,CHA197,GONDOLA,G32,NORMAL,1.00,1.25,90.00,120.00,1.08
2026/08/01,CHA197,GONDOLA,G33,NORMAL,1.00,1.25,90.00,120.00,1.08
2026/08/01,CHA197,GONDOLA,G34,NORMAL,1.00,1.25,120.00,120.00,1.44
2026/08/01,CHA197,GONDOLA,G35,NORMAL,1.00,1.25,120.00,120.00,1.44
2026/08/01,CHA197,GONDOLA,G36,NORMAL,1.00,1.25,90.00,120.00,1.08
2026/08/01,CHA197,GONDOLA,G37,NORMAL,1.00,1.25,90.00,120.00,1.08
2026/08/01,CHA197,GONDOLA,G38,NORMAL,1.00,1.25,120.00,120.00,1.44
2026/08/01,CHA197,GONDOLA,G39,NORMAL,1.00,1.25,120.00,120.00,1.44
2026/08/01,CHA197,GONDOLA,G40,NORMAL,1.00,1.25,90.00,120.00,1.08
2026/08/01,CHA197,GONDOLA,G41,NORMAL,1.00,1.25,90.00,120.00,1.08
2026/08/01,CHA197,GONDOLA,G42,NORMAL,1.00,1.25,120.00,120.00,1.44
2026/08/01,CHA197,GONDOLA,G43,NORMAL,1.00,1.25,120.00,120.00,1.44
2026/08/01,CHA197,GONDOLA,G44,NORMAL,1.00,1.25,90.00,120.00,1.08
2026/08/01,CHA197,GONDOLA,G45,NORMAL,1.00,1.25,90.00,120.00,1.08
2026/08/01,CHA197,GONDOLA,G46,NORMAL,1.00,1.25,90.00,120.00,1.08
2026/08/01,CHA197,GONDOLA,G47,NORMAL,1.00,1.25,120.00,120.00,1.44
2026/08/01,CHA197,GONDOLA,G48,NORMAL,1.00,1.25,120.00,120.00,1.44
2026/08/01,CHA197,GONDOLA,G49,NORMAL,1.00,1.25,120.00,120.00,1.44
2026/08/01,CHA197,GONDOLA,G50,NORMAL,1.00,1.25,120.00,120.00,1.44
2026/08/01,CHA197,GONDOLA,G51,NORMAL,1.00,1.25,90.00,120.00,1.08
2026/08/01,CHA197,GONDOLA,G52,NORMAL,1.00,1.25,90.00,120.00,1.08
2026/08/01,CHA197,GONDOLA,G53,NORMAL,1.00,1.25,120.00,120.00,1.44
2026/08/01,CHA197,GONDOLA,G54,NORMAL,1.00,1.25,120.00,120.00,1.44
2026/08/01,CHA197,GONDOLA,G55,NORMAL,1.00,1.25,90.00,120.00,1.08
2026/08/01,CHA197,GONDOLA,G56,NORMAL,1.00,1.25,180.00,120.00,2.16
2026/08/01,CHA197,GONDOLA,G57,NORMAL,1.00,1.25,180.00,120.00,2.16
2026/08/01,CHA197,GONDOLA,G58,NORMAL,1.00,1.25,200.00,120.00,2.40
2026/08/01,CHA197,GONDOLA,G59,NORMAL,1.00,1.25,180.00,120.00,2.16
2026/08/01,CHA197,GONDOLA,G60,NORMAL,1.00,1.25,180.00,120.00,2.16
2026/08/01,CHA197,TREE_SIKU,T1,NORMAL,1.00,1.11,120.00,100.00,1.20
2026/08/01,CHA197,TREE_HW,T2,NORMAL,1.00,1.14,120.00,100.00,1.20
2026/08/01,CHA197,TREE_PLAYDOH,T3,NORMAL,1.00,1.00,50.00,157.00,0.79
2026/08/01,CHA197,TREE_KEYCHAIN,T4,NORMAL,1.00,1.14,120.00,100.00,1.20
2026/08/01,CHA197,PALLET_DISPLAY,P1,NORMAL,1.00,1.25,400.00,100.00,4.00
2026/08/01,CHA197,PALLET_DISPLAY,P2,NORMAL,1.00,1.25,400.00,100.00,4.00
2026/08/01,CHA197,ISLAND_DISPLAY,IP1,PROMOTION,1.00,1.00,280.00,100.00,2.80
2026/08/01,CHA197,GONDOLA,GM1,NORMAL,1.00,1.25,180.00,120.00,2.16
2026/08/01,CHA197,CASHIER_COUNTER,CC1,NORMAL,1.00,1.82,100.00,90.00,0.90
2026/08/01,CHA204,WALL_SHELF,W1,NORMAL,1.00,1.28,120.00,220.00,2.64
2026/08/01,CHA204,WALL_SHELF,W2,NORMAL,1.00,1.28,120.00,220.00,2.64
2026/08/01,CHA204,WALL_SHELF,W3,NORMAL,1.00,1.28,120.00,220.00,2.64
2026/08/01,CHA204,WALL_SHELF,W4,NORMAL,1.00,1.28,120.00,220.00,2.64
2026/08/01,CHA204,WALL_SHELF,W5,NORMAL,1.00,1.28,120.00,220.00,2.64
2026/08/01,CHA204,WALL_SHELF,W6,NORMAL,1.00,1.28,120.00,220.00,2.64
2026/08/01,CHA204,WALL_SHELF,W7,NORMAL,1.00,1.28,120.00,220.00,2.64
2026/08/01,CHA204,WALL_SHELF,W8,NORMAL,1.00,1.28,120.00,220.00,2.64
2026/08/01,CHA204,WALL_SHELF,W9,NORMAL,1.00,1.28,120.00,220.00,2.64
2026/08/01,CHA204,WALL_SHELF,W10,NORMAL,1.00,1.28,90.00,220.00,1.98
2026/08/01,CHA204,WALL_SHELF,W11,NORMAL,1.00,1.28,90.00,220.00,1.98
2026/08/01,CHA204,WALL_SHELF,W12,NORMAL,1.00,1.28,90.00,220.00,1.98
2026/08/01,CHA204,WALL_SHELF,W13,NORMAL,1.00,1.28,120.00,220.00,2.64
2026/08/01,CHA204,WALL_SHELF,W14,NORMAL,1.00,1.28,120.00,220.00,2.64
2026/08/01,CHA204,WALL_SHELF,W15,NORMAL,1.00,1.28,90.00,220.00,1.98
2026/08/01,CHA204,WALL_SHELF,W16,NORMAL,1.00,1.28,90.00,220.00,1.98
2026/08/01,CHA204,WALL_SHELF,W17,NORMAL,1.00,1.28,90.00,220.00,1.98
2026/08/01,CHA204,WALL_SHELF,W18,NORMAL,1.00,1.28,120.00,220.00,2.64
2026/08/01,CHA204,WALL_SHELF,W19,NORMAL,1.00,1.28,120.00,220.00,2.64
2026/08/01,CHA204,WALL_SHELF,W20,NORMAL,1.00,1.28,120.00,220.00,2.64
2026/08/01,CHA204,WALL_SHELF,W21,NORMAL,1.00,1.28,120.00,220.00,2.64
2026/08/01,CHA204,WALL_SHELF,W22,NORMAL,1.00,1.28,120.00,220.00,2.64
2026/08/01,CHA204,WALL_SHELF,W23,NORMAL,1.00,1.28,120.00,220.00,2.64
2026/08/01,CHA204,WALL_SHELF,W24,NORMAL,1.00,1.28,90.00,220.00,1.98
2026/08/01,CHA204,WALL_SHELF,W25,NORMAL,1.00,1.28,90.00,220.00,1.98
2026/08/01,CHA204,WALL_SHELF,W26,NORMAL,1.00,1.28,90.00,220.00,1.98
2026/08/01,CHA204,WALL_SHELF,W27,NORMAL,1.00,1.28,120.00,220.00,2.64
2026/08/01,CHA204,WALL_SHELF,W28,NORMAL,1.00,1.28,120.00,220.00,2.64
2026/08/01,CHA204,WALL_SHELF,W29,NORMAL,1.00,1.28,120.00,220.00,2.64
2026/08/01,CHA204,WALL_SHELF,W30,NORMAL,1.00,1.28,120.00,220.00,2.64
2026/08/01,CHA204,GONDOLA,G1,NORMAL,1.00,1.25,90.00,120.00,1.08
2026/08/01,CHA204,GONDOLA,G2,NORMAL,1.00,1.25,120.00,120.00,1.44
2026/08/01,CHA204,GONDOLA,G3,NORMAL,1.00,1.25,120.00,120.00,1.44
2026/08/01,CHA204,GONDOLA,G4,NORMAL,1.00,1.25,120.00,120.00,1.44
2026/08/01,CHA204,GONDOLA,G5,NORMAL,1.00,1.25,120.00,120.00,1.44
2026/08/01,CHA204,GONDOLA,G6,NORMAL,1.00,1.25,90.00,120.00,1.08
2026/08/01,CHA204,GONDOLA,G7,NORMAL,1.00,1.25,90.00,120.00,1.08
2026/08/01,CHA204,GONDOLA,G8,NORMAL,1.00,1.25,120.00,120.00,1.44
2026/08/01,CHA204,GONDOLA,G9,NORMAL,1.00,1.25,120.00,120.00,1.44
2026/08/01,CHA204,GONDOLA,G10,NORMAL,1.00,1.25,120.00,120.00,1.44
2026/08/01,CHA204,GONDOLA,G11,NORMAL,1.00,1.25,120.00,120.00,1.44
2026/08/01,CHA204,GONDOLA,G12,NORMAL,1.00,1.25,120.00,120.00,1.44
2026/08/01,CHA204,GONDOLA,G13,NORMAL,1.00,1.25,120.00,120.00,1.44
2026/08/01,CHA204,GONDOLA,G14,NORMAL,1.00,1.25,90.00,120.00,1.08
2026/08/01,CHA204,GONDOLA,GP15,HOT&NEW,1.00,1.25,90.00,120.00,1.08
2026/08/01,CHA204,GONDOLA,GP16,HOT&NEW,1.00,1.25,90.00,120.00,1.08
2026/08/01,CHA204,GONDOLA,G17,NORMAL,1.00,1.25,90.00,120.00,1.08
2026/08/01,CHA204,GONDOLA,G18,NORMAL,1.00,1.25,120.00,120.00,1.44
2026/08/01,CHA204,GONDOLA,G19,NORMAL,1.00,1.25,120.00,120.00,1.44
2026/08/01,CHA204,GONDOLA,G20,NORMAL,1.00,1.25,120.00,120.00,1.44
2026/08/01,CHA204,GONDOLA,G21,NORMAL,1.00,1.25,120.00,120.00,1.44
2026/08/01,CHA204,GONDOLA,G22,NORMAL,1.00,1.25,90.00,120.00,1.08
2026/08/01,CHA204,GONDOLA,G23,NORMAL,1.00,1.25,90.00,120.00,1.08
2026/08/01,CHA204,GONDOLA,G24,NORMAL,1.00,1.25,120.00,120.00,1.44
2026/08/01,CHA204,GONDOLA,G25,NORMAL,1.00,1.25,120.00,120.00,1.44
2026/08/01,CHA204,GONDOLA,G26,NORMAL,1.00,1.25,120.00,120.00,1.44
2026/08/01,CHA204,GONDOLA,G27,NORMAL,1.00,1.25,120.00,120.00,1.44
2026/08/01,CHA204,GONDOLA,G28,NORMAL,1.00,1.25,120.00,120.00,1.44
2026/08/01,CHA204,GONDOLA,G29,NORMAL,1.00,1.25,120.00,120.00,1.44
2026/08/01,CHA204,GONDOLA,G30,NORMAL,1.00,1.25,90.00,120.00,1.08
2026/08/01,CHA204,GONDOLA,G31,NORMAL,1.00,1.25,90.00,120.00,1.08
2026/08/01,CHA204,GONDOLA,G32,NORMAL,1.00,1.25,120.00,120.00,1.44
2026/08/01,CHA204,GONDOLA,G33,NORMAL,1.00,1.25,120.00,120.00,1.44
2026/08/01,CHA204,GONDOLA,G34,NORMAL,1.00,1.25,120.00,120.00,1.44
2026/08/01,CHA204,GONDOLA,G35,NORMAL,1.00,1.25,120.00,120.00,1.44
2026/08/01,CHA204,GONDOLA,G36,NORMAL,1.00,1.25,120.00,120.00,1.44
2026/08/01,CHA204,GONDOLA,G37,NORMAL,1.00,1.25,120.00,120.00,1.44
2026/08/01,CHA204,GONDOLA,G38,NORMAL,1.00,1.25,90.00,120.00,1.08
2026/08/01,CHA204,GONDOLA,G39,NORMAL,1.00,1.25,90.00,120.00,1.08
2026/08/01,CHA204,GONDOLA,G40,NORMAL,1.00,1.25,120.00,120.00,1.44
2026/08/01,CHA204,GONDOLA,G41,NORMAL,1.00,1.25,120.00,120.00,1.44
2026/08/01,CHA204,GONDOLA,G42,NORMAL,1.00,1.25,120.00,120.00,1.44
2026/08/01,CHA204,GONDOLA,G43,NORMAL,1.00,1.25,120.00,120.00,1.44
2026/08/01,CHA204,GONDOLA,G44,NORMAL,1.00,1.25,90.00,120.00,1.08
2026/08/01,CHA204,GONDOLA,G45,NORMAL,1.00,1.25,180.00,120.00,2.16
2026/08/01,CHA204,GONDOLA,G46,NORMAL,1.00,1.25,180.00,120.00,2.16
2026/08/01,CHA204,TREE_HW,T1,NORMAL,1.00,1.14,120.00,100.00,1.20
2026/08/01,CHA204,TREE_SIKU,T2,NORMAL,1.00,1.11,120.00,100.00,1.20
2026/08/01,CHA204,TREE_PLAYDOH,T3,NORMAL,1.00,1.00,50.00,157.00,0.79
2026/08/01,CHA204,PALLET_DISPLAY,P1,NORMAL,1.00,1.25,400.00,100.00,4.00
2026/08/01,CHA204,PALLET_DISPLAY,P2,NORMAL,1.00,1.25,400.00,100.00,4.00
2026/08/01,CHA204,ISLAND_DISPLAY,IP1,PROMOTION,1.00,1.00,280.00,100.00,2.80
2026/08/01,CHA204,CASHIER_COUNTER,CC1,NORMAL,1.00,1.82,100.00,90.00,0.90
2026/08/01,CHA199,GONDOLA,G1,NORMAL,1.00,3.00,480.00,140.00,6.72
2026/08/01,CHA199,GONDOLA,G2,NORMAL,1.00,3.00,480.00,140.00,6.72
2026/08/01,CHA199,GONDOLA,GM1,NORMAL,1.00,1.00,168.00,127.00,2.14
2026/08/01,CHA199,GONDOLA,GM2,NORMAL,1.00,1.00,448.00,127.00,5.69
2026/08/01,CHA199,WALL_SHELF,W1,NORMAL,1.00,2.80,120.00,220.00,2.64
2026/08/01,CHA199,WALL_SHELF,W2,NORMAL,1.00,2.80,120.00,220.00,2.64
2026/08/01,CHA199,WALL_SHELF,W3,NORMAL,1.00,2.80,120.00,220.00,2.64
2026/08/01,CHA199,WALL_SHELF,W4,NORMAL,1.00,2.80,120.00,220.00,2.64
2026/08/01,CHA199,WALL_SHELF,W5,NORMAL,1.00,2.80,120.00,220.00,2.64
2026/08/01,CHA199,WALL_SHELF,W6,NORMAL,1.00,2.80,120.00,220.00,2.64
2026/08/01,CHA199,WALL_SHELF,W7,NORMAL,1.00,2.80,120.00,220.00,2.64
2026/08/01,CHA199,WALL_SHELF,W8,NORMAL,1.00,2.80,120.00,220.00,2.64
2026/08/01,CHA199,WALL_SHELF,W9,NORMAL,1.00,2.80,120.00,220.00,2.64
2026/08/01,CHA199,WALL_SHELF,W10,NORMAL,1.00,2.80,120.00,220.00,2.64
2026/08/01,CHA199,WALL_SHELF,W11,NORMAL,1.00,2.80,120.00,220.00,2.64
2026/08/01,CHA199,WALL_SHELF,W12,NORMAL,1.00,2.80,120.00,220.00,2.64
2026/08/01,CHA199,WALL_SHELF,W13,NORMAL,1.00,2.80,120.00,220.00,2.64
2026/08/01,CHA199,WALL_SHELF,W14,NORMAL,1.00,2.80,120.00,220.00,2.64
2026/08/01,CHA199,WALL_SHELF,W15,NORMAL,1.00,2.80,120.00,220.00,2.64
2026/08/01,CHA199,CABINET,BATTERY_CABINET,NORMAL,1.00,1.00,30.00,50.00,0.15
2026/08/01,CHB004,GONDOLA,G1,NORMAL,1.00,1.30,70.00,120.00,0.84
2026/08/01,CHB004,GONDOLA,G2,NORMAL,1.00,1.30,120.00,120.00,1.44
2026/08/01,CHB004,GONDOLA,G3,NORMAL,1.00,1.30,120.00,120.00,1.44
2026/08/01,CHB004,GONDOLA,G4,NORMAL,1.00,1.30,70.00,120.00,0.84
2026/08/01,CHB004,GONDOLA,G5,NORMAL,1.00,1.30,70.00,120.00,0.84
2026/08/01,CHB004,GONDOLA,G6,NORMAL,1.00,1.30,120.00,120.00,1.44
2026/08/01,CHB004,GONDOLA,G7,NORMAL,1.00,1.30,120.00,120.00,1.44
2026/08/01,CHB004,GONDOLA,G8,NORMAL,1.00,1.30,70.00,120.00,0.84
2026/08/01,CHB004,GONDOLA,G9,NORMAL,1.00,1.30,70.00,120.00,0.84
2026/08/01,CHB004,GONDOLA,G10,NORMAL,1.00,1.30,120.00,120.00,1.44
2026/08/01,CHB004,GONDOLA,G11,NORMAL,1.00,1.30,120.00,120.00,1.44
2026/08/01,CHB004,GONDOLA,G12,NORMAL,1.00,1.30,70.00,120.00,0.84
2026/08/01,CHB004,GONDOLA,G13,NORMAL,1.00,1.30,70.00,120.00,0.84
2026/08/01,CHB004,GONDOLA,G14,NORMAL,1.00,1.30,120.00,120.00,1.44
2026/08/01,CHB004,GONDOLA,G15,NORMAL,1.00,1.30,120.00,120.00,1.44
2026/08/01,CHB004,GONDOLA,G16,NORMAL,1.00,1.30,70.00,120.00,0.84
2026/08/01,CHB004,GONDOLA,G17,NORMAL,1.00,1.30,280.00,100.00,2.80
2026/08/01,CHB004,GONDOLA,G18,NORMAL,1.00,1.30,280.00,100.00,2.80
2026/08/01,CHB004,CASHIER_COUNTER,CASHIER_FRONT,NORMAL,1.00,1.80,105.00,120.00,1.26
2026/08/01,CHB004,WALL_SHELF,W1,NORMAL,1.00,1.30,120.00,220.00,2.64
2026/08/01,CHB004,WALL_SHELF,W2,NORMAL,1.00,1.30,120.00,220.00,2.64
2026/08/01,CHB004,WALL_SHELF,W3,NORMAL,1.00,1.30,120.00,220.00,2.64
2026/08/01,CHB004,WALL_SHELF,W4,NORMAL,1.00,1.30,90.00,220.00,1.98
2026/08/01,CHB004,WALL_SHELF,W5,NORMAL,1.00,1.30,90.00,220.00,1.98
2026/08/01,CHB004,WALL_SHELF,W6,NORMAL,1.00,1.30,90.00,220.00,1.98
2026/08/01,CHB004,WALL_SHELF,W7,NORMAL,1.00,1.30,90.00,220.00,1.98
2026/08/01,CHB004,WALL_SHELF,W8,NORMAL,1.00,1.30,90.00,220.00,1.98
2026/08/01,CHB004,WALL_SHELF,W9,NORMAL,1.00,1.30,90.00,220.00,1.98
2026/08/01,CHB004,WALL_SHELF,W10,NORMAL,1.00,1.30,90.00,220.00,1.98
2026/08/01,CHB004,WALL_SHELF,W11,NORMAL,1.00,1.30,90.00,220.00,1.98
2026/08/01,CHB004,WALL_SHELF,W12,NORMAL,1.00,1.30,90.00,220.00,1.98
2026/08/01,CHB004,WALL_SHELF,W13,NORMAL,1.00,1.30,90.00,220.00,1.98
2026/08/01,CHB004,WALL_SHELF,W14,NORMAL,1.00,1.30,90.00,220.00,1.98
2026/08/01,CHB004,WALL_SHELF,W15,NORMAL,1.00,1.30,90.00,220.00,1.98
2026/08/01,CHB004,WALL_SHELF,W16,NORMAL,1.00,1.30,120.00,220.00,2.64
2026/08/01,CHB004,WALL_SHELF,W17,NORMAL,1.00,1.30,120.00,220.00,2.64
2026/08/01,CHB004,WALL_SHELF,W18,NORMAL,1.00,1.30,120.00,220.00,2.64
2026/08/01,CHB004,WALL_SHELF,W19,NORMAL,1.00,1.30,120.00,220.00,2.64
2026/08/01,CHB004,WALL_SHELF,W20,NORMAL,1.00,1.30,120.00,220.00,2.64
2026/08/01,CHB004,WALL_SHELF,W21,NORMAL,1.00,1.30,120.00,220.00,2.64
2026/08/01,CHB004,WALL_SHELF,W22,NORMAL,1.00,1.30,120.00,220.00,2.64
2026/08/01,CHB004,WALL_SHELF,W23,NORMAL,1.00,1.30,120.00,220.00,2.64
2026/08/01,CHB004,WALL_SHELF,W24,NORMAL,1.00,1.30,120.00,220.00,2.64
2026/08/01,CHB004,WALL_SHELF,W25,NORMAL,1.00,1.30,120.00,220.00,2.64
2026/08/01,CHB004,WALL_SHELF,W26,NORMAL,1.00,1.30,120.00,220.00,2.64
2026/08/01,CHB004,WALL_SHELF,W27,NORMAL,1.00,1.30,120.00,220.00,2.64
2026/08/01,CHB004,WALL_SHELF,W28,NORMAL,1.00,1.30,120.00,220.00,2.64
2026/08/01,CHB004,WALL_SHELF,W29,NORMAL,1.00,1.30,120.00,220.00,2.64
2026/08/01,CHB004,WALL_SHELF,W30,NORMAL,1.00,1.30,120.00,220.00,2.64
2026/08/01,CHB004,WALL_SHELF,W31,NORMAL,1.00,1.30,90.00,220.00,1.98
2026/08/01,CHB004,WALL_SHELF,W32,NORMAL,1.00,1.30,90.00,220.00,1.98
2026/08/01,CHB004,WALL_SHELF,W33,NORMAL,1.00,1.30,90.00,220.00,1.98
2026/08/01,CHB004,WALL_SHELF,W34,NORMAL,1.00,1.30,120.00,220.00,2.64
2026/08/01,CHB004,WALL_SHELF,W35,NORMAL,1.00,1.30,120.00,220.00,2.64
2026/08/01,CHB004,WALL_SHELF,W36,NORMAL,1.00,1.30,120.00,220.00,2.64
2026/08/01,CHB004,WALL_SHELF,W37,NORMAL,1.00,1.30,120.00,220.00,2.64
2026/08/01,CHB004,WALL_SHELF,W38,NORMAL,1.00,1.30,120.00,220.00,2.64
2026/08/01,CHB004,WALL_SHELF,W39,NORMAL,1.00,1.30,120.00,220.00,2.64
2026/08/01,CHB004,WALL_SHELF,W40,NORMAL,1.00,1.30,120.00,220.00,2.64
2026/08/01,CHB004,WALL_SHELF,W41,NORMAL,1.00,1.30,120.00,220.00,2.64
2026/08/01,CHB004,WALL_SHELF,W42,NORMAL,1.00,1.30,120.00,220.00,2.64
2026/08/01,CHB004,WALL_SHELF,W43,NORMAL,1.00,1.30,120.00,220.00,2.64
2026/08/01,CHB004,WALL_SHELF,W44,NORMAL,1.00,1.30,120.00,220.00,2.64
2026/08/01,CHB004,WALL_SHELF,W45,NORMAL,1.00,1.30,120.00,220.00,2.64
2026/08/01,CHB008,GONDOLA,G1,NORMAL,1.00,1.30,120.00,120.00,1.44
2026/08/01,CHB008,GONDOLA,G2,NORMAL,1.00,3.00,420.00,90.00,3.78
2026/08/01,CHB008,GONDOLA,G3,NORMAL,1.00,3.00,420.00,90.00,3.78
2026/08/01,CHB008,GONDOLA,G4,NORMAL,1.00,3.00,420.00,90.00,3.78
2026/08/01,CHB008,GONDOLA,G5,NORMAL,1.00,3.00,420.00,90.00,3.78
2026/08/01,CHB008,GONDOLA,G6,NORMAL,1.00,1.30,70.00,120.00,0.84
2026/08/01,CHB008,GONDOLA,G7,NORMAL,1.00,1.30,120.00,120.00,1.44
2026/08/01,CHB008,GONDOLA,G8,NORMAL,1.00,1.30,120.00,120.00,1.44
2026/08/01,CHB008,GONDOLA,G9,NORMAL,1.00,1.30,120.00,120.00,1.44
2026/08/01,CHB008,GONDOLA,G10,NORMAL,1.00,1.30,120.00,120.00,1.44
2026/08/01,CHB008,GONDOLA,G11,NORMAL,1.00,1.30,70.00,120.00,0.84
2026/08/01,CHB008,GONDOLA,G12,NORMAL,1.00,1.30,70.00,120.00,0.84
2026/08/01,CHB008,GONDOLA,G13,NORMAL,1.00,1.30,120.00,120.00,1.44
2026/08/01,CHB008,GONDOLA,G14,NORMAL,1.00,1.30,120.00,120.00,1.44
2026/08/01,CHB008,GONDOLA,G15,NORMAL,1.00,1.30,120.00,120.00,1.44
2026/08/01,CHB008,GONDOLA,G16,NORMAL,1.00,1.30,120.00,120.00,1.44
2026/08/01,CHB008,GONDOLA,G17,NORMAL,1.00,1.30,70.00,120.00,0.84
2026/08/01,CHB008,GONDOLA,G18,NORMAL,1.00,1.30,70.00,120.00,0.84
2026/08/01,CHB008,GONDOLA,G19,NORMAL,1.00,1.30,120.00,120.00,1.44
2026/08/01,CHB008,GONDOLA,G20,NORMAL,1.00,1.30,120.00,120.00,1.44
2026/08/01,CHB008,GONDOLA,G21,NORMAL,1.00,1.30,120.00,120.00,1.44
2026/08/01,CHB008,GONDOLA,G22,NORMAL,1.00,1.30,120.00,120.00,1.44
2026/08/01,CHB008,GONDOLA,G23,NORMAL,1.00,1.30,70.00,120.00,0.84
2026/08/01,CHB008,GONDOLA,G24,NORMAL,1.00,1.30,70.00,120.00,0.84
2026/08/01,CHB008,GONDOLA,G25,NORMAL,1.00,1.30,120.00,120.00,1.44
2026/08/01,CHB008,GONDOLA,G26,NORMAL,1.00,1.30,120.00,120.00,1.44
2026/08/01,CHB008,GONDOLA,G27,NORMAL,1.00,1.30,120.00,120.00,1.44
2026/08/01,CHB008,GONDOLA,G28,NORMAL,1.00,1.30,120.00,120.00,1.44
2026/08/01,CHB008,GONDOLA,G29,NORMAL,1.00,1.30,70.00,120.00,0.84
2026/08/01,CHB008,GONDOLA,G30,NORMAL,1.00,1.30,70.00,120.00,0.84
2026/08/01,CHB008,GONDOLA,G31,NORMAL,1.00,1.30,120.00,120.00,1.44
2026/08/01,CHB008,GONDOLA,G32,NORMAL,1.00,1.30,120.00,120.00,1.44
2026/08/01,CHB008,GONDOLA,G33,NORMAL,1.00,1.30,70.00,120.00,0.84
2026/08/01,CHB008,GONDOLA,G34,NORMAL,1.00,1.30,70.00,120.00,0.84
2026/08/01,CHB008,GONDOLA,G35,NORMAL,1.00,1.30,120.00,120.00,1.44
2026/08/01,CHB008,GONDOLA,G36,NORMAL,1.00,1.30,120.00,120.00,1.44
2026/08/01,CHB008,GONDOLA,G37,NORMAL,1.00,1.30,70.00,120.00,0.84
2026/08/01,CHB008,GONDOLA,G38,NORMAL,1.00,1.30,70.00,120.00,0.84
2026/08/01,CHB008,GONDOLA,G39,NORMAL,1.00,1.30,120.00,120.00,1.44
2026/08/01,CHB008,GONDOLA,G40,NORMAL,1.00,1.30,120.00,120.00,1.44
2026/08/01,CHB008,GONDOLA,G41,NORMAL,1.00,1.30,70.00,120.00,0.84
2026/08/01,CHB008,GONDOLA,G42,NORMAL,1.00,1.30,70.00,120.00,0.84
2026/08/01,CHB008,GONDOLA,G43,NORMAL,1.00,1.30,120.00,120.00,1.44
2026/08/01,CHB008,GONDOLA,G44,NORMAL,1.00,1.30,120.00,120.00,1.44
2026/08/01,CHB008,GONDOLA,G45,NORMAL,1.00,1.30,120.00,120.00,1.44
2026/08/01,CHB008,GONDOLA,G46,NORMAL,1.00,1.30,120.00,120.00,1.44
2026/08/01,CHB008,GONDOLA,G47,NORMAL,1.00,1.30,120.00,120.00,1.44
2026/08/01,CHB008,GONDOLA,G48,NORMAL,1.00,1.30,120.00,120.00,1.44
2026/08/01,CHB008,GONDOLA,G49,NORMAL,1.00,1.30,70.00,120.00,0.84
2026/08/01,CHB008,GONDOLA,G50,NORMAL,1.00,1.30,120.00,120.00,1.44
2026/08/01,CHB008,GONDOLA,G51,NORMAL,1.00,1.30,120.00,120.00,1.44
2026/08/01,CHB008,GONDOLA,G52,NORMAL,1.00,1.30,70.00,120.00,0.84
2026/08/01,CHB008,GONDOLA,G53,NORMAL,1.00,1.30,70.00,120.00,0.84
2026/08/01,CHB008,GONDOLA,G54,NORMAL,1.00,1.30,120.00,120.00,1.44
2026/08/01,CHB008,GONDOLA,G55,NORMAL,1.00,1.30,120.00,120.00,1.44
2026/08/01,CHB008,GONDOLA,G56,NORMAL,1.00,1.30,120.00,120.00,1.44
2026/08/01,CHB008,GONDOLA,G57,NORMAL,1.00,1.30,120.00,120.00,1.44
2026/08/01,CHB008,GONDOLA,G58,NORMAL,1.00,1.30,70.00,120.00,0.84
2026/08/01,CHB008,GONDOLA,G59,NORMAL,1.00,1.30,120.00,120.00,1.44
2026/08/01,CHB008,GONDOLA,G60,NORMAL,1.00,1.30,120.00,120.00,1.44
2026/08/01,CHB008,GONDOLA,G61,NORMAL,1.00,1.30,70.00,120.00,0.84
2026/08/01,CHB008,GONDOLA,G62,NORMAL,1.00,1.30,120.00,120.00,1.44
2026/08/01,CHB008,GONDOLA,G63,NORMAL,1.00,1.30,120.00,120.00,1.44
2026/08/01,CHB008,GONDOLA,G64,NORMAL,1.00,1.30,70.00,120.00,0.84
2026/08/01,CHB008,GONDOLA,G65,NORMAL,1.00,1.30,120.00,120.00,1.44
2026/08/01,CHB008,GONDOLA,G66,NORMAL,1.00,1.30,120.00,120.00,1.44
2026/08/01,CHB008,GONDOLA,G67,NORMAL,1.00,1.30,120.00,120.00,1.44
2026/08/01,CHB008,GONDOLA,G68,NORMAL,1.00,1.30,120.00,120.00,1.44
2026/08/01,CHB008,GONDOLA,G69,NORMAL,1.00,1.30,70.00,120.00,0.84
2026/08/01,CHB008,GONDOLA,G70,NORMAL,1.00,1.30,120.00,120.00,1.44
2026/08/01,CHB008,GONDOLA,G71,NORMAL,1.00,1.30,120.00,120.00,1.44
2026/08/01,CHB008,GONDOLA,G72,NORMAL,1.00,1.30,120.00,120.00,1.44
2026/08/01,CHB008,GONDOLA,G73,NORMAL,1.00,1.30,120.00,120.00,1.44
2026/08/01,CHB008,GONDOLA,G74,NORMAL,1.00,1.30,70.00,120.00,0.84
2026/08/01,CHB008,GONDOLA,G75,NORMAL,1.00,1.30,120.00,120.00,1.44
2026/08/01,CHB008,GONDOLA,G76,NORMAL,1.00,1.30,120.00,120.00,1.44
2026/08/01,CHB008,GONDOLA,G77,NORMAL,1.00,1.30,120.00,120.00,1.44
2026/08/01,CHB008,GONDOLA,G78,NORMAL,1.00,1.30,120.00,120.00,1.44
2026/08/01,CHB008,GONDOLA,G79,NORMAL,1.00,1.30,70.00,120.00,0.84
2026/08/01,CHB008,GONDOLA,G80,NORMAL,1.00,1.30,70.00,120.00,0.84
2026/08/01,CHB008,GONDOLA,G81,NORMAL,1.00,1.30,120.00,120.00,1.44
2026/08/01,CHB008,GONDOLA,G82,NORMAL,1.00,1.30,120.00,120.00,1.44
2026/08/01,CHB008,GONDOLA,G83,NORMAL,1.00,1.30,120.00,120.00,1.44
2026/08/01,CHB008,GONDOLA,G84,NORMAL,1.00,1.30,120.00,120.00,1.44
2026/08/01,CHB008,GONDOLA,G85,NORMAL,1.00,1.30,70.00,120.00,0.84
2026/08/01,CHB008,GONDOLA,G86,NORMAL,1.00,1.30,70.00,120.00,0.84
2026/08/01,CHB008,GONDOLA,G87,NORMAL,1.00,1.30,70.00,120.00,0.84
2026/08/01,CHB008,GONDOLA,G88,NORMAL,1.00,1.30,480.00,90.00,4.32
2026/08/01,CHB008,GONDOLA,G89,NORMAL,1.00,1.30,480.00,120.00,5.76
2026/08/01,CHB008,GONDOLA,G90,NORMAL,1.00,1.30,70.00,120.00,0.84
2026/08/01,CHB008,GONDOLA,G91,NORMAL,1.00,1.30,120.00,120.00,1.44
2026/08/01,CHB008,GONDOLA,G92,NORMAL,1.00,1.30,120.00,120.00,1.44
2026/08/01,CHB008,ISLAND_DISPLAY,IP1,PROMOTION,1.00,1.00,280.00,100.00,2.80
2026/08/01,CHB008,ISLAND_DISPLAY,IP2,PROMOTION,1.00,1.00,280.00,100.00,2.80
2026/08/01,CHB008,ISLAND_DISPLAY,IP3,PROMOTION,1.00,1.00,280.00,100.00,2.80
2026/08/01,CHB008,PALLET_DISPLAY,P1,NORMAL,1.00,1.00,280.00,100.00,2.80
2026/08/01,CHB008,PALLET_DISPLAY,P2,NORMAL,1.00,1.00,280.00,100.00,2.80
2026/08/01,CHB008,PALLET_DISPLAY,P3,NORMAL,1.00,1.00,280.00,100.00,2.80
2026/08/01,CHB008,PALLET_DISPLAY,P4,NORMAL,1.00,1.00,280.00,100.00,2.80
2026/08/01,CHB008,PALLET_DISPLAY,P5,NORMAL,1.00,1.00,280.00,100.00,2.80
2026/08/01,CHB008,PALLET_DISPLAY,P6,NORMAL,1.00,1.00,280.00,100.00,2.80
2026/08/01,CHB008,WALL_SHELF,W1,NORMAL,1.00,1.30,120.00,220.00,2.64
2026/08/01,CHB008,WALL_SHELF,W2,NORMAL,1.00,1.30,120.00,220.00,2.64
2026/08/01,CHB008,WALL_SHELF,W3,NORMAL,1.00,1.30,120.00,220.00,2.64
2026/08/01,CHB008,WALL_SHELF,W4,NORMAL,1.00,1.30,120.00,220.00,2.64
2026/08/01,CHB008,WALL_SHELF,W5,NORMAL,1.00,1.30,120.00,220.00,2.64
2026/08/01,CHB008,WALL_SHELF,W6,NORMAL,1.00,1.30,120.00,220.00,2.64
2026/08/01,CHB008,WALL_SHELF,W7,NORMAL,1.00,1.30,120.00,220.00,2.64
2026/08/01,CHB008,WALL_SHELF,W8,NORMAL,1.00,1.30,120.00,220.00,2.64
2026/08/01,CHB008,WALL_SHELF,W9,NORMAL,1.00,1.30,90.00,220.00,1.98
2026/08/01,CHB008,WALL_SHELF,W10,NORMAL,1.00,1.30,90.00,220.00,1.98
2026/08/01,CHB008,WALL_SHELF,W11,NORMAL,1.00,1.30,90.00,220.00,1.98
2026/08/01,CHB008,WALL_SHELF,W12,NORMAL,1.00,1.30,120.00,220.00,2.64
2026/08/01,CHB008,WALL_SHELF,W13,NORMAL,1.00,1.30,90.00,220.00,1.98
2026/08/01,CHB008,WALL_SHELF,W14,NORMAL,1.00,1.30,90.00,220.00,1.98
2026/08/01,CHB008,WALL_SHELF,W15,NORMAL,1.00,1.30,120.00,220.00,2.64
2026/08/01,CHB008,WALL_SHELF,W16,NORMAL,1.00,1.30,120.00,220.00,2.64
2026/08/01,CHB008,WALL_SHELF,W17,NORMAL,1.00,1.30,120.00,220.00,2.64
2026/08/01,CHB008,WALL_SHELF,W18,NORMAL,1.00,1.30,120.00,220.00,2.64
2026/08/01,CHB008,WALL_SHELF,W19,NORMAL,1.00,1.30,90.00,220.00,1.98
2026/08/01,CHB008,WALL_SHELF,W20,NORMAL,1.00,1.30,150.00,220.00,3.30
2026/08/01,CHB008,WALL_SHELF,W21,NORMAL,1.00,1.30,120.00,220.00,2.64
2026/08/01,CHB008,WALL_SHELF,W22,NORMAL,1.00,1.30,120.00,220.00,2.64
2026/08/01,CHB008,WALL_SHELF,W23,NORMAL,1.00,1.30,90.00,220.00,1.98
2026/08/01,CHB008,WALL_SHELF,W24,NORMAL,1.00,1.30,90.00,220.00,1.98
2026/08/01,CHB008,WALL_SHELF,W25,NORMAL,1.00,1.30,120.00,220.00,2.64
2026/08/01,CHB008,WALL_SHELF,W26,NORMAL,1.00,1.30,120.00,220.00,2.64
2026/08/01,CHB008,WALL_SHELF,W27,NORMAL,1.00,1.30,120.00,220.00,2.64
2026/08/01,CHB008,WALL_SHELF,W28,NORMAL,1.00,1.30,120.00,220.00,2.64
2026/08/01,CHB008,WALL_SHELF,W29,NORMAL,1.00,1.30,90.00,220.00,1.98
2026/08/01,CHB008,WALL_SHELF,W30,NORMAL,1.00,1.30,90.00,220.00,1.98
2026/08/01,CHB008,WALL_SHELF,W31,NORMAL,1.00,1.30,90.00,220.00,1.98
2026/08/01,CHB008,WALL_SHELF,W32,NORMAL,1.00,1.30,90.00,220.00,1.98
2026/08/01,CHB008,WALL_SHELF,W33,NORMAL,1.00,1.30,120.00,220.00,2.64
2026/08/01,CHB008,WALL_SHELF,W34,NORMAL,1.00,1.30,120.00,220.00,2.64
2026/08/01,CHB008,WALL_SHELF,W35,NORMAL,1.00,1.30,120.00,220.00,2.64
2026/08/01,CHB008,WALL_SHELF,W36,NORMAL,1.00,1.30,120.00,220.00,2.64
2026/08/01,CHB008,WALL_SHELF,W37,NORMAL,1.00,1.30,120.00,220.00,2.64
2026/08/01,CHB008,WALL_SHELF,W38,NORMAL,1.00,1.30,120.00,220.00,2.64
2026/08/01,CHB008,WALL_SHELF,W39,NORMAL,1.00,1.30,120.00,220.00,2.64
2026/08/01,CHB008,WALL_SHELF,W40,NORMAL,1.00,1.30,120.00,220.00,2.64
2026/08/01,CHB008,WALL_SHELF,W41,NORMAL,1.00,1.30,120.00,220.00,2.64
2026/08/01,CHB008,WALL_SHELF,W42,NORMAL,1.00,1.30,90.00,220.00,1.98
2026/08/01,CHB008,WALL_SHELF,W43,NORMAL,1.00,1.30,120.00,220.00,2.64
2026/08/01,CHB008,WALL_SHELF,W44,NORMAL,1.00,1.30,150.00,220.00,3.30
2026/08/01,CHB015,GONDOLA,G3,NORMAL,1.00,1.30,70.00,120.00,0.84
2026/08/01,CHB015,GONDOLA,G4,NORMAL,1.00,1.30,120.00,120.00,1.44
2026/08/01,CHB015,GONDOLA,G5,NORMAL,1.00,1.30,120.00,120.00,1.44
2026/08/01,CHB015,GONDOLA,G6,NORMAL,1.00,1.30,120.00,120.00,1.44
2026/08/01,CHB015,GONDOLA,G7,NORMAL,1.00,1.30,120.00,120.00,1.44
2026/08/01,CHB015,GONDOLA,G8,NORMAL,1.00,1.30,70.00,120.00,0.84
2026/08/01,CHB015,GONDOLA,G9,NORMAL,1.00,1.30,70.00,120.00,0.84
2026/08/01,CHB015,GONDOLA,G10,NORMAL,1.00,1.30,120.00,120.00,1.44
2026/08/01,CHB015,GONDOLA,G11,NORMAL,1.00,1.30,120.00,120.00,1.44
2026/08/01,CHB015,GONDOLA,G12,NORMAL,1.00,1.30,120.00,120.00,1.44
2026/08/01,CHB015,GONDOLA,G13,NORMAL,1.00,1.30,120.00,120.00,1.44
2026/08/01,CHB015,GONDOLA,G14,NORMAL,1.00,1.30,70.00,120.00,0.84
2026/08/01,CHB015,GONDOLA,G15,NORMAL,1.00,1.30,70.00,120.00,0.84
2026/08/01,CHB015,GONDOLA,G16,NORMAL,1.00,1.30,120.00,120.00,1.44
2026/08/01,CHB015,GONDOLA,G17,NORMAL,1.00,1.30,120.00,120.00,1.44
2026/08/01,CHB015,GONDOLA,G18,NORMAL,1.00,1.30,120.00,120.00,1.44
2026/08/01,CHB015,GONDOLA,G19,NORMAL,1.00,1.30,120.00,120.00,1.44
2026/08/01,CHB015,GONDOLA,G20,NORMAL,1.00,1.30,70.00,120.00,0.84
2026/08/01,CHB015,GONDOLA,G21,NORMAL,1.00,1.30,70.00,120.00,0.84
2026/08/01,CHB015,GONDOLA,G22,NORMAL,1.00,1.30,120.00,120.00,1.44
2026/08/01,CHB015,GONDOLA,G23,NORMAL,1.00,1.30,120.00,120.00,1.44
2026/08/01,CHB015,GONDOLA,G24,NORMAL,1.00,1.30,120.00,120.00,1.44
2026/08/01,CHB015,GONDOLA,G25,NORMAL,1.00,1.30,120.00,120.00,1.44
2026/08/01,CHB015,GONDOLA,G26,NORMAL,1.00,1.30,70.00,120.00,0.84
2026/08/01,CHB015,GONDOLA,G27,NORMAL,1.00,1.30,70.00,120.00,0.84
2026/08/01,CHB015,GONDOLA,G28,NORMAL,1.00,1.30,120.00,120.00,1.44
2026/08/01,CHB015,GONDOLA,G29,NORMAL,1.00,1.30,120.00,120.00,1.44
2026/08/01,CHB015,GONDOLA,G30,NORMAL,1.00,1.30,120.00,120.00,1.44
2026/08/01,CHB015,GONDOLA,G31,NORMAL,1.00,1.30,120.00,120.00,1.44
2026/08/01,CHB015,GONDOLA,G32,NORMAL,1.00,1.30,70.00,120.00,0.84
2026/08/01,CHB015,GONDOLA,G33,NORMAL,1.00,1.30,70.00,120.00,0.84
2026/08/01,CHB015,GONDOLA,G34,NORMAL,1.00,1.30,120.00,120.00,1.44
2026/08/01,CHB015,GONDOLA,G35,NORMAL,1.00,1.30,120.00,120.00,1.44
2026/08/01,CHB015,GONDOLA,G36,NORMAL,1.00,1.30,120.00,120.00,1.44
2026/08/01,CHB015,GONDOLA,G37,NORMAL,1.00,1.30,120.00,120.00,1.44
2026/08/01,CHB015,GONDOLA,G38,NORMAL,1.00,1.30,70.00,120.00,0.84
2026/08/01,CHB015,GONDOLA,G39,NORMAL,1.00,1.30,70.00,120.00,0.84
2026/08/01,CHB015,GONDOLA,G40,NORMAL,1.00,1.30,120.00,120.00,1.44
2026/08/01,CHB015,GONDOLA,G41,NORMAL,1.00,1.30,120.00,120.00,1.44
2026/08/01,CHB015,GONDOLA,G42,NORMAL,1.00,1.30,120.00,120.00,1.44
2026/08/01,CHB015,GONDOLA,G43,NORMAL,1.00,1.30,120.00,120.00,1.44
2026/08/01,CHB015,GONDOLA,G44,NORMAL,1.00,1.30,70.00,120.00,0.84
2026/08/01,CHB015,GONDOLA,G45,NORMAL,1.00,1.30,70.00,120.00,0.84
2026/08/01,CHB015,GONDOLA,G46,NORMAL,1.00,1.30,120.00,120.00,1.44
2026/08/01,CHB015,GONDOLA,G47,NORMAL,1.00,1.30,120.00,120.00,1.44
2026/08/01,CHB015,GONDOLA,G48,NORMAL,1.00,1.30,120.00,120.00,1.44
2026/08/01,CHB015,GONDOLA,G49,NORMAL,1.00,1.30,120.00,120.00,1.44
2026/08/01,CHB015,GONDOLA,G50,NORMAL,1.00,1.30,70.00,120.00,0.84
2026/08/01,CHB015,GONDOLA,G51,NORMAL,1.00,1.30,70.00,120.00,0.84
2026/08/01,CHB015,GONDOLA,G52,NORMAL,1.00,1.30,120.00,120.00,1.44
2026/08/01,CHB015,GONDOLA,G53,NORMAL,1.00,1.30,120.00,120.00,1.44
2026/08/01,CHB015,GONDOLA,G54,NORMAL,1.00,1.30,120.00,120.00,1.44
2026/08/01,CHB015,GONDOLA,G55,NORMAL,1.00,1.30,120.00,120.00,1.44
2026/08/01,CHB015,GONDOLA,G56,NORMAL,1.00,1.30,70.00,120.00,0.84
2026/08/01,CHB015,GONDOLA,GP1,HOT&NEW,1.00,1.30,70.00,120.00,0.84
2026/08/01,CHB015,GONDOLA,GP2,HOT&NEW,1.00,1.30,70.00,120.00,0.84
2026/08/01,CHB015,ISLAND_DISPLAY,IP1,PROMOTION,1.00,1.00,280.00,100.00,2.80
2026/08/01,CHB015,CASHIER_COUNTER,CASHIER_BACK,NORMAL,1.00,1.80,150.00,120.00,1.80
2026/08/01,CHB015,CASHIER_COUNTER,CASHIER_FRONT,NORMAL,1.00,1.80,105.00,120.00,1.26
2026/08/01,CHB015,TREE_DISPLAY,TREE_PLAYDOH,NORMAL,1.00,1.00,157.00,50.00,0.79
2026/08/01,CHB015,TREE_SIKU,TREE_SIKU,NORMAL,1.00,1.11,120.00,100.00,1.20
2026/08/01,CHB015,TREE_SIKU,TREE_HW,NORMAL,1.00,1.11,120.00,100.00,1.20
2026/08/01,CHB015,WALL_SHELF,W1,NORMAL,1.00,1.30,120.00,220.00,2.64
2026/08/01,CHB015,WALL_SHELF,W2,NORMAL,1.00,1.30,120.00,220.00,2.64
2026/08/01,CHB015,WALL_SHELF,W3,NORMAL,1.00,1.30,120.00,220.00,2.64
2026/08/01,CHB015,WALL_SHELF,W4,NORMAL,1.00,1.30,120.00,220.00,2.64
2026/08/01,CHB015,WALL_SHELF,W5,NORMAL,1.00,1.30,90.00,220.00,1.98
2026/08/01,CHB015,WALL_SHELF,W6,NORMAL,1.00,1.30,90.00,220.00,1.98
2026/08/01,CHB015,WALL_SHELF,W7,NORMAL,1.00,1.30,120.00,220.00,2.64
2026/08/01,CHB015,WALL_SHELF,W8,NORMAL,1.00,1.30,90.00,220.00,1.98
2026/08/01,CHB015,WALL_SHELF,W9,NORMAL,1.00,1.30,120.00,220.00,2.64
2026/08/01,CHB015,WALL_SHELF,W10,NORMAL,1.00,1.30,120.00,220.00,2.64
2026/08/01,CHB015,WALL_SHELF,W11,NORMAL,1.00,1.30,120.00,220.00,2.64
2026/08/01,CHB015,WALL_SHELF,W12,NORMAL,1.00,1.30,120.00,220.00,2.64
2026/08/01,CHB015,WALL_SHELF,W13,NORMAL,1.00,1.30,90.00,220.00,1.98
2026/08/01,CHB015,WALL_SHELF,W14,NORMAL,1.00,1.30,120.00,220.00,2.64
2026/08/01,CHB015,WALL_SHELF,W15,NORMAL,1.00,1.30,120.00,220.00,2.64
2026/08/01,CHB015,WALL_SHELF,W16,NORMAL,1.00,1.30,120.00,220.00,2.64
2026/08/01,CHB015,WALL_SHELF,W17,NORMAL,1.00,1.30,120.00,220.00,2.64
2026/08/01,CHB015,WALL_SHELF,W18,NORMAL,1.00,1.30,120.00,220.00,2.64
2026/08/01,CHB015,WALL_SHELF,W19,NORMAL,1.00,1.30,120.00,220.00,2.64
2026/08/01,CHB015,WALL_SHELF,W20,NORMAL,1.00,1.30,120.00,220.00,2.64
2026/08/01,CHB015,WALL_SHELF,W21,NORMAL,1.00,1.30,120.00,220.00,2.64
2026/08/01,CHB015,WALL_SHELF,W22,NORMAL,1.00,1.30,120.00,220.00,2.64
2026/08/01,CHB015,WALL_SHELF,W23,NORMAL,1.00,1.30,120.00,220.00,2.64
2026/08/01,CHB015,WALL_SHELF,W24,NORMAL,1.00,1.30,120.00,220.00,2.64
2026/08/01,CHB015,WALL_SHELF,W25,NORMAL,1.00,1.30,120.00,220.00,2.64
2026/08/01,CHB015,WALL_SHELF,W26,NORMAL,1.00,1.30,120.00,220.00,2.64
2026/08/01,CHB015,WALL_SHELF,W27,NORMAL,1.00,1.30,120.00,220.00,2.64
2026/08/01,CHB015,WALL_SHELF,W28,NORMAL,1.00,1.30,120.00,220.00,2.64
2026/08/01,CHB015,WALL_SHELF,W29,NORMAL,1.00,1.30,120.00,220.00,2.64
2026/08/01,CHB015,WALL_SHELF,W30,NORMAL,1.00,1.30,120.00,220.00,2.64
2026/08/01,CHB015,WALL_SHELF,WH1,NORMAL,1.00,1.30,90.00,220.00,1.98
2026/08/01,CHB015,WALL_SHELF,WH2,NORMAL,1.00,1.30,90.00,220.00,1.98
2026/08/01,CHB017,GONDOLA,G1,NORMAL,1.00,1.30,70.00,120.00,0.84
2026/08/01,CHB017,GONDOLA,G2,NORMAL,1.00,1.30,120.00,120.00,1.44
2026/08/01,CHB017,GONDOLA,G3,NORMAL,1.00,1.30,120.00,120.00,1.44
2026/08/01,CHB017,GONDOLA,G4,NORMAL,1.00,1.30,120.00,120.00,1.44
2026/08/01,CHB017,GONDOLA,G5,NORMAL,1.00,1.30,120.00,120.00,1.44
2026/08/01,CHB017,GONDOLA,G6,NORMAL,1.00,1.30,70.00,120.00,0.84
2026/08/01,CHB017,GONDOLA,G7,NORMAL,1.00,1.30,70.00,120.00,0.84
2026/08/01,CHB017,GONDOLA,G8,NORMAL,1.00,1.30,120.00,120.00,1.44
2026/08/01,CHB017,GONDOLA,G9,NORMAL,1.00,1.30,120.00,120.00,1.44
2026/08/01,CHB017,GONDOLA,G10,NORMAL,1.00,1.30,120.00,120.00,1.44
2026/08/01,CHB017,GONDOLA,G11,NORMAL,1.00,1.30,120.00,120.00,1.44
2026/08/01,CHB017,GONDOLA,G12,NORMAL,1.00,1.30,70.00,120.00,0.84
2026/08/01,CHB017,GONDOLA,G13,NORMAL,1.00,1.30,70.00,120.00,0.84
2026/08/01,CHB017,GONDOLA,G14,NORMAL,1.00,1.30,120.00,120.00,1.44
2026/08/01,CHB017,GONDOLA,G15,NORMAL,1.00,1.30,120.00,120.00,1.44
2026/08/01,CHB017,GONDOLA,G16,NORMAL,1.00,1.30,120.00,120.00,1.44
2026/08/01,CHB017,GONDOLA,G17,NORMAL,1.00,1.30,120.00,120.00,1.44
2026/08/01,CHB017,GONDOLA,G18,NORMAL,1.00,1.30,70.00,120.00,0.84
2026/08/01,CHB017,GONDOLA,G19,NORMAL,1.00,1.30,480.00,90.00,4.32
2026/08/01,CHB017,GONDOLA,G20,NORMAL,1.00,1.30,70.00,120.00,0.84
2026/08/01,CHB017,GONDOLA,G21,NORMAL,1.00,1.30,120.00,120.00,1.44
2026/08/01,CHB017,GONDOLA,G22,NORMAL,1.00,1.30,120.00,120.00,1.44
2026/08/01,CHB017,GONDOLA,G23,NORMAL,1.00,1.30,70.00,120.00,0.84
2026/08/01,CHB017,GONDOLA,G24,NORMAL,1.00,1.30,70.00,120.00,0.84
2026/08/01,CHB017,GONDOLA,G25,NORMAL,1.00,1.30,120.00,120.00,1.44
2026/08/01,CHB017,GONDOLA,G26,NORMAL,1.00,1.30,120.00,120.00,1.44
2026/08/01,CHB017,GONDOLA,G27,NORMAL,1.00,1.30,120.00,120.00,1.44
2026/08/01,CHB017,GONDOLA,G28,NORMAL,1.00,1.30,120.00,120.00,1.44
2026/08/01,CHB017,GONDOLA,G29,NORMAL,1.00,1.30,70.00,120.00,0.84
2026/08/01,CHB017,GONDOLA,G30,NORMAL,1.00,1.30,120.00,120.00,1.44
2026/08/01,CHB017,GONDOLA,G31,NORMAL,1.00,1.30,120.00,120.00,1.44
2026/08/01,CHB017,GONDOLA,G32,NORMAL,1.00,1.30,120.00,120.00,1.44
2026/08/01,CHB017,GONDOLA,G33,NORMAL,1.00,1.30,120.00,120.00,1.44
2026/08/01,CHB017,GONDOLA,G34,NORMAL,1.00,1.30,70.00,120.00,0.84
2026/08/01,CHB017,GONDOLA,G35,NORMAL,1.00,1.30,120.00,120.00,1.44
2026/08/01,CHB017,GONDOLA,G36,NORMAL,1.00,1.30,120.00,120.00,1.44
2026/08/01,CHB017,GONDOLA,G37,NORMAL,1.00,1.30,120.00,120.00,1.44
2026/08/01,CHB017,GONDOLA,G38,NORMAL,1.00,1.30,120.00,120.00,1.44
2026/08/01,CHB017,GONDOLA,G39,NORMAL,1.00,1.30,70.00,120.00,0.84
2026/08/01,CHB017,GONDOLA,G40,NORMAL,1.00,1.30,120.00,120.00,1.44
2026/08/01,CHB017,GONDOLA,G41,NORMAL,1.00,1.30,120.00,120.00,1.44
2026/08/01,CHB017,GONDOLA,G42,NORMAL,1.00,1.30,120.00,120.00,1.44
2026/08/01,CHB017,GONDOLA,G43,NORMAL,1.00,1.30,120.00,120.00,1.44
2026/08/01,CHB017,GONDOLA,G44,NORMAL,1.00,1.30,70.00,120.00,0.84
2026/08/01,CHB017,GONDOLA,G45,NORMAL,1.00,1.30,120.00,120.00,1.44
2026/08/01,CHB017,GONDOLA,G46,NORMAL,1.00,1.30,120.00,120.00,1.44
2026/08/01,CHB017,GONDOLA,G47,NORMAL,1.00,1.30,120.00,120.00,1.44
2026/08/01,CHB017,GONDOLA,G48,NORMAL,1.00,1.30,120.00,120.00,1.44
2026/08/01,CHB017,GONDOLA,G49,NORMAL,1.00,1.30,70.00,120.00,0.84
2026/08/01,CHB017,GONDOLA,G50,NORMAL,1.00,1.30,120.00,120.00,1.44
2026/08/01,CHB017,GONDOLA,G51,NORMAL,1.00,1.30,120.00,120.00,1.44
2026/08/01,CHB017,GONDOLA,G52,NORMAL,1.00,1.30,120.00,120.00,1.44
2026/08/01,CHB017,GONDOLA,G53,NORMAL,1.00,1.30,120.00,120.00,1.44
2026/08/01,CHB017,GONDOLA,G54,NORMAL,1.00,1.30,70.00,120.00,0.84
2026/08/01,CHB017,GONDOLA,G55,NORMAL,1.00,1.30,70.00,120.00,0.84
2026/08/01,CHB017,GONDOLA,G56,NORMAL,1.00,1.30,120.00,120.00,1.44
2026/08/01,CHB017,GONDOLA,G57,NORMAL,1.00,1.30,120.00,120.00,1.44
2026/08/01,CHB017,GONDOLA,G58,NORMAL,1.00,1.30,120.00,120.00,1.44
2026/08/01,CHB017,GONDOLA,G59,NORMAL,1.00,1.30,120.00,120.00,1.44
2026/08/01,CHB017,GONDOLA,G60,NORMAL,1.00,1.30,70.00,120.00,0.84
2026/08/01,CHB017,GONDOLA,G61,NORMAL,1.00,1.30,70.00,120.00,0.84
2026/08/01,CHB017,GONDOLA,G62,NORMAL,1.00,1.30,120.00,120.00,1.44
2026/08/01,CHB017,GONDOLA,G63,NORMAL,1.00,1.30,120.00,120.00,1.44
2026/08/01,CHB017,GONDOLA,G64,NORMAL,1.00,1.30,120.00,120.00,1.44
2026/08/01,CHB017,GONDOLA,G65,NORMAL,1.00,1.30,120.00,120.00,1.44
2026/08/01,CHB017,GONDOLA,G66,NORMAL,1.00,1.30,70.00,120.00,0.84
2026/08/01,CHB017,GONDOLA,G67,NORMAL,1.00,1.30,120.00,120.00,1.44
2026/08/01,CHB017,GONDOLA,G68,NORMAL,1.00,1.30,120.00,120.00,1.44
2026/08/01,CHB017,GONDOLA,G69,NORMAL,1.00,1.30,120.00,120.00,1.44
2026/08/01,CHB017,GONDOLA,G70,NORMAL,1.00,1.30,120.00,120.00,1.44
2026/08/01,CHB017,GONDOLA,G71,NORMAL,1.00,1.30,70.00,120.00,0.84
2026/08/01,CHB017,GONDOLA,G72,NORMAL,1.00,1.30,70.00,120.00,0.84
2026/08/01,CHB017,GONDOLA,G73,NORMAL,1.00,1.30,120.00,120.00,1.44
2026/08/01,CHB017,GONDOLA,G74,NORMAL,1.00,1.30,120.00,120.00,1.44
2026/08/01,CHB017,GONDOLA,G75,NORMAL,1.00,1.30,120.00,120.00,1.44
2026/08/01,CHB017,GONDOLA,G76,NORMAL,1.00,1.30,120.00,120.00,1.44
2026/08/01,CHB017,GONDOLA,G77,NORMAL,1.00,1.30,120.00,120.00,1.44
2026/08/01,CHB017,GONDOLA,G78,NORMAL,1.00,1.30,120.00,120.00,1.44
2026/08/01,CHB017,GONDOLA,G79,NORMAL,1.00,1.30,70.00,120.00,0.84
2026/08/01,CHB017,GONDOLA,G80,NORMAL,1.00,1.30,70.00,120.00,0.84
2026/08/01,CHB017,GONDOLA,G81,NORMAL,1.00,1.30,120.00,120.00,1.44
2026/08/01,CHB017,GONDOLA,G82,NORMAL,1.00,1.30,120.00,120.00,1.44
2026/08/01,CHB017,GONDOLA,G83,NORMAL,1.00,1.30,120.00,120.00,1.44
2026/08/01,CHB017,GONDOLA,G84,NORMAL,1.00,1.30,120.00,120.00,1.44
2026/08/01,CHB017,GONDOLA,G85,NORMAL,1.00,1.30,120.00,120.00,1.44
2026/08/01,CHB017,GONDOLA,G86,NORMAL,1.00,1.30,120.00,120.00,1.44
2026/08/01,CHB017,GONDOLA,G87,NORMAL,1.00,1.30,70.00,120.00,0.84
2026/08/01,CHB017,GONDOLA,G88,NORMAL,1.00,1.30,70.00,120.00,0.84
2026/08/01,CHB017,GONDOLA,G89,NORMAL,1.00,1.30,120.00,120.00,1.44
2026/08/01,CHB017,GONDOLA,G90,NORMAL,1.00,1.30,120.00,120.00,1.44
2026/08/01,CHB017,GONDOLA,G91,NORMAL,1.00,1.30,120.00,120.00,1.44
2026/08/01,CHB017,GONDOLA,G92,NORMAL,1.00,1.30,120.00,120.00,1.44
2026/08/01,CHB017,GONDOLA,G93,NORMAL,1.00,1.30,70.00,120.00,0.84
2026/08/01,CHB017,GONDOLA,G94,NORMAL,1.00,1.30,70.00,120.00,0.84
2026/08/01,CHB017,GONDOLA,G95,NORMAL,1.00,1.30,120.00,120.00,1.44
2026/08/01,CHB017,GONDOLA,G96,NORMAL,1.00,1.30,120.00,120.00,1.44
2026/08/01,CHB017,GONDOLA,G97,NORMAL,1.00,1.30,120.00,120.00,1.44
2026/08/01,CHB017,GONDOLA,G98,NORMAL,1.00,1.30,120.00,120.00,1.44
2026/08/01,CHB017,GONDOLA,G99,NORMAL,1.00,1.30,120.00,120.00,1.44
2026/08/01,CHB017,GONDOLA,G100,NORMAL,1.00,1.30,120.00,120.00,1.44
2026/08/01,CHB017,GONDOLA,G101,NORMAL,1.00,1.30,70.00,120.00,0.84
2026/08/01,CHB017,GONDOLA,G102,NORMAL,1.00,1.30,480.00,90.00,4.32
2026/08/01,CHB017,GONDOLA,G103,NORMAL,1.00,1.30,70.00,120.00,0.84
2026/08/01,CHB017,GONDOLA,G104,NORMAL,1.00,1.30,70.00,120.00,0.84
2026/08/01,CHB017,GONDOLA,GP1,HOT&NEW,1.00,1.30,70.00,120.00,0.84
2026/08/01,CHB017,GONDOLA,GP2,HOT&NEW,1.00,1.30,70.00,120.00,0.84
2026/08/01,CHB017,GONDOLA,GP3,HOT&NEW,1.00,1.30,70.00,120.00,0.84
2026/08/01,CHB017,GONDOLA,GP4,HOT&NEW,1.00,1.30,70.00,120.00,0.84
2026/08/01,CHB017,GONDOLA,GM1,NORMAL,1.00,1.00,168.00,127.00,2.14
2026/08/01,CHB017,ISLAND_DISPLAY,IP1,PROMOTION,1.00,1.00,280.00,100.00,2.80
2026/08/01,CHB017,PALLET_DISPLAY,P1,PROMOTION,1.00,1.00,280.00,100.00,2.80
2026/08/01,CHB017,PALLET_DISPLAY,P2,PROMOTION,1.00,1.00,280.00,100.00,2.80
2026/08/01,CHB017,PALLET_DISPLAY,P3,PROMOTION,1.00,1.00,280.00,100.00,2.80
2026/08/01,CHB017,CASHIER_COUNTER,CASHIER_FRONT,NORMAL,1.00,1.80,105.00,120.00,1.26
2026/08/01,CHB017,WALL_SHELF,W1,NORMAL,1.00,1.30,120.00,220.00,2.64
2026/08/01,CHB017,WALL_SHELF,W2,NORMAL,1.00,1.30,120.00,220.00,2.64
2026/08/01,CHB017,WALL_SHELF,W3,NORMAL,1.00,1.30,120.00,220.00,2.64
2026/08/01,CHB017,WALL_SHELF,W4,NORMAL,1.00,1.30,120.00,220.00,2.64
2026/08/01,CHB017,WALL_SHELF,W5,NORMAL,1.00,1.30,120.00,220.00,2.64
2026/08/01,CHB017,WALL_SHELF,W6,NORMAL,1.00,1.30,120.00,220.00,2.64
2026/08/01,CHB017,WALL_SHELF,W7,NORMAL,1.00,1.30,120.00,220.00,2.64
2026/08/01,CHB017,WALL_SHELF,W8,NORMAL,1.00,1.30,120.00,220.00,2.64
2026/08/01,CHB017,WALL_SHELF,W9,NORMAL,1.00,1.30,120.00,220.00,2.64
2026/08/01,CHB017,WALL_SHELF,W10,NORMAL,1.00,1.30,120.00,220.00,2.64
2026/08/01,CHB017,WALL_SHELF,W11,NORMAL,1.00,1.30,120.00,220.00,2.64
2026/08/01,CHB017,WALL_SHELF,W12,NORMAL,1.00,1.30,120.00,220.00,2.64
2026/08/01,CHB017,WALL_SHELF,W13,NORMAL,1.00,1.30,120.00,220.00,2.64
2026/08/01,CHB017,WALL_SHELF,W14,NORMAL,1.00,1.30,90.00,220.00,1.98
2026/08/01,CHB017,WALL_SHELF,W15,NORMAL,1.00,1.30,120.00,220.00,2.64
2026/08/01,CHB017,WALL_SHELF,W16,NORMAL,1.00,1.30,120.00,220.00,2.64
2026/08/01,CHB017,WALL_SHELF,W17,NORMAL,1.00,1.30,120.00,220.00,2.64
2026/08/01,CHB017,WALL_SHELF,W18,NORMAL,1.00,1.30,120.00,220.00,2.64
2026/08/01,CHB017,WALL_SHELF,W19,NORMAL,1.00,1.30,90.00,220.00,1.98
2026/08/01,CHB017,WALL_SHELF,W20,NORMAL,1.00,1.30,90.00,220.00,1.98
2026/08/01,CHB017,WALL_SHELF,W21,NORMAL,1.00,1.30,120.00,220.00,2.64
2026/08/01,CHB017,WALL_SHELF,W22,NORMAL,1.00,1.30,120.00,220.00,2.64
2026/08/01,CHB017,WALL_SHELF,W23,NORMAL,1.00,1.30,120.00,220.00,2.64
2026/08/01,CHB017,WALL_SHELF,W24,NORMAL,1.00,1.30,120.00,220.00,2.64
2026/08/01,CHB017,WALL_SHELF,W25,NORMAL,1.00,1.30,120.00,220.00,2.64
2026/08/01,CHB017,WALL_SHELF,W26,NORMAL,1.00,1.30,120.00,220.00,2.64
2026/08/01,CHB017,WALL_SHELF,W27,NORMAL,1.00,1.30,120.00,220.00,2.64
2026/08/01,CHB017,WALL_SHELF,W28,NORMAL,1.00,1.30,90.00,220.00,1.98
2026/08/01,CHB017,WALL_SHELF,W29,NORMAL,1.00,1.30,120.00,220.00,2.64
2026/08/01,CHB017,WALL_SHELF,W30,NORMAL,1.00,1.30,120.00,220.00,2.64
2026/08/01,CHB017,WALL_SHELF,W31,NORMAL,1.00,1.30,120.00,220.00,2.64
2026/08/01,CHB017,WALL_SHELF,W32,NORMAL,1.00,1.30,120.00,220.00,2.64
2026/08/01,CHB017,WALL_SHELF,W33,NORMAL,1.00,1.30,120.00,220.00,2.64
2026/08/01,CHB017,WALL_SHELF,W34,NORMAL,1.00,1.30,120.00,220.00,2.64
2026/08/01,CHB017,WALL_SHELF,W35,NORMAL,1.00,1.30,150.00,220.00,3.30
2026/08/01,CHB017,WALL_SHELF,W36,NORMAL,1.00,1.30,150.00,220.00,3.30
2026/08/01,CHB017,WALL_SHELF,W37,NORMAL,1.00,1.30,150.00,220.00,3.30
2026/08/01,CHB017,WALL_SHELF,WH1,NORMAL,1.00,1.30,150.00,220.00,3.30
2026/08/01,CHB020,CASHIER_COUNTER,CASHIER_FRONT,NORMAL,1.00,1.80,105.00,120.00,1.26
2026/08/01,CHB020,CASHIER_COUNTER,CASHIER_BACK,NORMAL,1.00,1.80,105.00,120.00,1.26
2026/08/01,CHB020,GONDOLA,G1,NORMAL,1.00,1.30,70.00,120.00,0.84
2026/08/01,CHB020,GONDOLA,G2,NORMAL,1.00,1.30,120.00,120.00,1.44
2026/08/01,CHB020,GONDOLA,G3,NORMAL,1.00,1.30,120.00,120.00,1.44
2026/08/01,CHB020,GONDOLA,G4,NORMAL,1.00,1.30,120.00,120.00,1.44
2026/08/01,CHB020,GONDOLA,G5,NORMAL,1.00,1.30,120.00,120.00,1.44
2026/08/01,CHB020,GONDOLA,G6,NORMAL,1.00,1.30,70.00,120.00,0.84
2026/08/01,CHB020,GONDOLA,G7,NORMAL,1.00,1.30,70.00,120.00,0.84
2026/08/01,CHB020,GONDOLA,G8,NORMAL,1.00,1.30,120.00,120.00,1.44
2026/08/01,CHB020,GONDOLA,G9,NORMAL,1.00,1.30,120.00,120.00,1.44
2026/08/01,CHB020,GONDOLA,G10,NORMAL,1.00,1.30,120.00,120.00,1.44
2026/08/01,CHB020,GONDOLA,G11,NORMAL,1.00,1.30,120.00,120.00,1.44
2026/08/01,CHB020,GONDOLA,G12,NORMAL,1.00,1.30,70.00,120.00,0.84
2026/08/01,CHB020,GONDOLA,G13,NORMAL,1.00,1.30,70.00,70.00,0.49
2026/08/01,CHB020,GONDOLA,G14,NORMAL,1.00,1.30,70.00,70.00,0.49
2026/08/01,CHB020,GONDOLA,G15,NORMAL,1.00,1.30,120.00,120.00,1.44
2026/08/01,CHB020,GONDOLA,G16,NORMAL,1.00,1.30,120.00,120.00,1.44
2026/08/01,CHB020,GONDOLA,G17,NORMAL,1.00,1.30,120.00,120.00,1.44
2026/08/01,CHB020,GONDOLA,G18,NORMAL,1.00,1.30,70.00,120.00,0.84
2026/08/01,CHB020,GONDOLA,G19,NORMAL,1.00,1.30,120.00,120.00,1.44
2026/08/01,CHB020,GONDOLA,G20,NORMAL,1.00,1.30,120.00,120.00,1.44
2026/08/01,CHB020,GONDOLA,G21,NORMAL,1.00,1.30,120.00,120.00,1.44
2026/08/01,CHB020,GONDOLA,G22,NORMAL,1.00,1.30,120.00,120.00,1.44
2026/08/01,CHB020,GONDOLA,G23,NORMAL,1.00,1.30,70.00,120.00,0.84
2026/08/01,CHB020,GONDOLA,G24,NORMAL,1.00,1.30,70.00,120.00,0.84
2026/08/01,CHB020,GONDOLA,G25,NORMAL,1.00,1.30,120.00,120.00,1.44
2026/08/01,CHB020,GONDOLA,G26,NORMAL,1.00,1.30,120.00,120.00,1.44
2026/08/01,CHB020,GONDOLA,G27,NORMAL,1.00,1.30,120.00,120.00,1.44
2026/08/01,CHB020,GONDOLA,G28,NORMAL,1.00,1.30,120.00,120.00,1.44
2026/08/01,CHB020,GONDOLA,G29,NORMAL,1.00,1.30,70.00,120.00,0.84
2026/08/01,CHB020,GONDOLA,G30,NORMAL,1.00,1.30,70.00,120.00,0.84
2026/08/01,CHB020,GONDOLA,G31,NORMAL,1.00,1.30,120.00,120.00,1.44
2026/08/01,CHB020,GONDOLA,G32,NORMAL,1.00,1.30,120.00,120.00,1.44
2026/08/01,CHB020,GONDOLA,G33,NORMAL,1.00,1.30,120.00,120.00,1.44
2026/08/01,CHB020,GONDOLA,G34,NORMAL,1.00,1.30,120.00,120.00,1.44
2026/08/01,CHB020,GONDOLA,G35,NORMAL,1.00,1.30,70.00,120.00,0.84
2026/08/01,CHB020,GONDOLA,G36,NORMAL,1.00,1.30,70.00,120.00,0.84
2026/08/01,CHB020,GONDOLA,G37,NORMAL,1.00,1.30,120.00,120.00,1.44
2026/08/01,CHB020,GONDOLA,G38,NORMAL,1.00,1.30,120.00,120.00,1.44
2026/08/01,CHB020,GONDOLA,G39,NORMAL,1.00,1.30,120.00,120.00,1.44
2026/08/01,CHB020,GONDOLA,G40,NORMAL,1.00,1.30,120.00,120.00,1.44
2026/08/01,CHB020,GONDOLA,G41,NORMAL,1.00,1.30,70.00,120.00,0.84
2026/08/01,CHB020,GONDOLA,G42,NORMAL,1.00,1.30,120.00,120.00,1.44
2026/08/01,CHB020,GONDOLA,G43,NORMAL,1.00,1.30,120.00,120.00,1.44
2026/08/01,CHB020,GONDOLA,G44,NORMAL,1.00,1.30,120.00,120.00,1.44
2026/08/01,CHB020,GONDOLA,G45,NORMAL,1.00,1.30,120.00,120.00,1.44
2026/08/01,CHB020,GONDOLA,G46,NORMAL,1.00,1.30,70.00,120.00,0.84
2026/08/01,CHB020,GONDOLA,G47,NORMAL,1.00,1.30,120.00,120.00,1.44
2026/08/01,CHB020,GONDOLA,G48,NORMAL,1.00,1.30,120.00,120.00,1.44
2026/08/01,CHB020,GONDOLA,G49,NORMAL,1.00,1.30,120.00,120.00,1.44
2026/08/01,CHB020,GONDOLA,G50,NORMAL,1.00,1.30,120.00,120.00,1.44
2026/08/01,CHB020,GONDOLA,G51,NORMAL,1.00,1.30,70.00,120.00,0.84
2026/08/01,CHB020,GONDOLA,G52,NORMAL,1.00,1.30,120.00,120.00,1.44
2026/08/01,CHB020,GONDOLA,G53,NORMAL,1.00,1.30,120.00,120.00,1.44
2026/08/01,CHB020,GONDOLA,G54,NORMAL,1.00,1.30,120.00,120.00,1.44
2026/08/01,CHB020,GONDOLA,G55,NORMAL,1.00,1.30,120.00,120.00,1.44
2026/08/01,CHB020,GONDOLA,G56,NORMAL,1.00,1.30,70.00,120.00,0.84
2026/08/01,CHB020,GONDOLA,G57,NORMAL,1.00,1.30,70.00,120.00,0.84
2026/08/01,CHB020,GONDOLA,G58,NORMAL,1.00,1.30,120.00,120.00,1.44
2026/08/01,CHB020,GONDOLA,G59,NORMAL,1.00,1.30,120.00,120.00,1.44
2026/08/01,CHB020,GONDOLA,G60,NORMAL,1.00,1.30,120.00,120.00,1.44
2026/08/01,CHB020,GONDOLA,G61,NORMAL,1.00,1.30,120.00,120.00,1.44
2026/08/01,CHB020,GONDOLA,G62,NORMAL,1.00,1.30,70.00,120.00,0.84
2026/08/01,CHB020,GONDOLA,G63,NORMAL,1.00,1.30,70.00,120.00,0.84
2026/08/01,CHB020,GONDOLA,G64,NORMAL,1.00,1.30,120.00,120.00,1.44
2026/08/01,CHB020,GONDOLA,G65,NORMAL,1.00,1.30,120.00,120.00,1.44
2026/08/01,CHB020,GONDOLA,G66,NORMAL,1.00,1.30,70.00,120.00,0.84
2026/08/01,CHB020,GONDOLA,G67,NORMAL,1.00,1.30,70.00,120.00,0.84
2026/08/01,CHB020,GONDOLA,G68,NORMAL,1.00,1.30,120.00,120.00,1.44
2026/08/01,CHB020,GONDOLA,G69,NORMAL,1.00,1.30,120.00,120.00,1.44
2026/08/01,CHB020,GONDOLA,G70,NORMAL,1.00,1.30,120.00,120.00,1.44
2026/08/01,CHB020,GONDOLA,G71,NORMAL,1.00,1.30,120.00,120.00,1.44
2026/08/01,CHB020,GONDOLA,G72,NORMAL,1.00,1.30,120.00,120.00,1.44
2026/08/01,CHB020,GONDOLA,G73,NORMAL,1.00,1.30,120.00,120.00,1.44
2026/08/01,CHB020,GONDOLA,G74,NORMAL,1.00,1.30,70.00,120.00,0.84
2026/08/01,CHB020,GONDOLA,G75,NORMAL,1.00,1.30,70.00,120.00,0.84
2026/08/01,CHB020,GONDOLA,G76,NORMAL,1.00,1.30,120.00,120.00,1.44
2026/08/01,CHB020,GONDOLA,G77,NORMAL,1.00,1.30,120.00,120.00,1.44
2026/08/01,CHB020,GONDOLA,G78,NORMAL,1.00,1.30,120.00,120.00,1.44
2026/08/01,CHB020,GONDOLA,G79,NORMAL,1.00,1.30,120.00,120.00,1.44
2026/08/01,CHB020,GONDOLA,G80,NORMAL,1.00,1.30,120.00,120.00,1.44
2026/08/01,CHB020,GONDOLA,G81,NORMAL,1.00,1.30,120.00,120.00,1.44
2026/08/01,CHB020,GONDOLA,G82,NORMAL,1.00,1.30,120.00,120.00,1.44
2026/08/01,CHB020,GONDOLA,G83,NORMAL,1.00,1.30,120.00,120.00,1.44
2026/08/01,CHB020,GONDOLA,G84,NORMAL,1.00,1.30,70.00,120.00,0.84
2026/08/01,CHB020,GONDOLA,G85,NORMAL,1.00,1.30,70.00,120.00,0.84
2026/08/01,CHB020,GONDOLA,G86,NORMAL,1.00,1.30,120.00,120.00,1.44
2026/08/01,CHB020,GONDOLA,G87,NORMAL,1.00,1.30,120.00,120.00,1.44
2026/08/01,CHB020,GONDOLA,G88,NORMAL,1.00,1.30,120.00,120.00,1.44
2026/08/01,CHB020,GONDOLA,G89,NORMAL,1.00,1.30,120.00,120.00,1.44
2026/08/01,CHB020,GONDOLA,G90,NORMAL,1.00,1.30,120.00,120.00,1.44
2026/08/01,CHB020,GONDOLA,G91,NORMAL,1.00,1.30,120.00,120.00,1.44
2026/08/01,CHB020,GONDOLA,G92,NORMAL,1.00,1.30,120.00,120.00,1.44
2026/08/01,CHB020,GONDOLA,G93,NORMAL,1.00,1.30,120.00,120.00,1.44
2026/08/01,CHB020,GONDOLA,G94,NORMAL,1.00,1.30,70.00,120.00,0.84
2026/08/01,CHB020,GONDOLA,G95,NORMAL,1.00,1.30,70.00,120.00,0.84
2026/08/01,CHB020,GONDOLA,G96,NORMAL,1.00,1.30,120.00,120.00,1.44
2026/08/01,CHB020,GONDOLA,G97,NORMAL,1.00,1.30,120.00,120.00,1.44
2026/08/01,CHB020,GONDOLA,G98,NORMAL,1.00,1.30,120.00,120.00,1.44
2026/08/01,CHB020,GONDOLA,G99,NORMAL,1.00,1.30,120.00,120.00,1.44
2026/08/01,CHB020,GONDOLA,G100,NORMAL,1.00,1.30,70.00,120.00,0.84
2026/08/01,CHB020,GONDOLA,G101,NORMAL,1.00,1.30,100.00,100.00,1.00
2026/08/01,CHB020,GONDOLA,GP1,HOT&NEW,1.00,1.30,70.00,70.00,0.49
2026/08/01,CHB020,CASHIER_COUNTER,CASHIER_FRONT,NORMAL,1.00,1.80,105.00,120.00,1.26
2026/08/01,CHB020,CASHIER_COUNTER,CASHIER_BACK,NORMAL,1.00,1.80,105.00,120.00,1.26
2026/08/01,CHB020,WALL_SHELF,W1,NORMAL,1.00,1.30,120.00,220.00,2.64
2026/08/01,CHB020,WALL_SHELF,W2,NORMAL,1.00,1.30,120.00,220.00,2.64
2026/08/01,CHB020,WALL_SHELF,W3,NORMAL,1.00,1.30,120.00,220.00,2.64
2026/08/01,CHB020,WALL_SHELF,W4,NORMAL,1.00,1.30,120.00,220.00,2.64
2026/08/01,CHB020,WALL_SHELF,W5,NORMAL,1.00,1.30,120.00,220.00,2.64
2026/08/01,CHB020,WALL_SHELF,W6,NORMAL,1.00,1.30,120.00,220.00,2.64
2026/08/01,CHB020,WALL_SHELF,W7,NORMAL,1.00,1.30,120.00,220.00,2.64
2026/08/01,CHB020,WALL_SHELF,W8,NORMAL,1.00,1.30,120.00,220.00,2.64
2026/08/01,CHB020,WALL_SHELF,W9,NORMAL,1.00,1.30,120.00,220.00,2.64
2026/08/01,CHB020,WALL_SHELF,W10,NORMAL,1.00,1.30,120.00,220.00,2.64
2026/08/01,CHB020,WALL_SHELF,W11,NORMAL,1.00,1.30,120.00,220.00,2.64
2026/08/01,CHB020,WALL_SHELF,W12,NORMAL,1.00,1.30,120.00,220.00,2.64
2026/08/01,CHB020,WALL_SHELF,W13,NORMAL,1.00,1.30,120.00,220.00,2.64
2026/08/01,CHB020,WALL_SHELF,W14,NORMAL,1.00,1.30,120.00,220.00,2.64
2026/08/01,CHB020,WALL_SHELF,W15,NORMAL,1.00,1.30,90.00,220.00,1.98
2026/08/01,CHB020,WALL_SHELF,W16,NORMAL,1.00,1.30,120.00,220.00,2.64
2026/08/01,CHB020,WALL_SHELF,W17,NORMAL,1.00,1.30,90.00,220.00,1.98
2026/08/01,CHB020,WALL_SHELF,W18,NORMAL,1.00,1.30,120.00,220.00,2.64
2026/08/01,CHB020,WALL_SHELF,W19,NORMAL,1.00,1.30,90.00,220.00,1.98
2026/08/01,CHB020,WALL_SHELF,W20,NORMAL,1.00,1.30,120.00,220.00,2.64
2026/08/01,CHB020,WALL_SHELF,W21,NORMAL,1.00,1.30,90.00,220.00,1.98
2026/08/01,CHB020,WALL_SHELF,W22,NORMAL,1.00,1.30,120.00,220.00,2.64
2026/08/01,CHB020,WALL_SHELF,W23,NORMAL,1.00,1.30,90.00,220.00,1.98
2026/08/01,CHB020,WALL_SHELF,W24,NORMAL,1.00,1.30,90.00,220.00,1.98
2026/08/01,CHB020,WALL_SHELF,W25,NORMAL,1.00,1.30,120.00,220.00,2.64
2026/08/01,CHB020,WALL_SHELF,W26,NORMAL,1.00,1.30,90.00,220.00,1.98
2026/08/01,CHB020,WALL_SHELF,WH1,NORMAL,1.00,1.30,120.00,220.00,2.64
2026/08/01,CHB020,WALL_SHELF,WH2,NORMAL,1.00,1.30,120.00,220.00,2.64
2026/08/01,CHB020,WALL_SHELF,WH3,NORMAL,1.00,1.30,120.00,220.00,2.64
2026/08/01,CHB025,GONDOLA,G1,NORMAL,1.00,1.30,70.00,120.00,0.84
2026/08/01,CHB025,GONDOLA,G2,NORMAL,1.00,1.30,120.00,120.00,1.44
2026/08/01,CHB025,GONDOLA,G3,NORMAL,1.00,1.30,120.00,120.00,1.44
2026/08/01,CHB025,GONDOLA,G4,NORMAL,1.00,1.30,120.00,120.00,1.44
2026/08/01,CHB025,GONDOLA,G5,NORMAL,1.00,1.30,120.00,120.00,1.44
2026/08/01,CHB025,GONDOLA,G6,NORMAL,1.00,1.30,120.00,120.00,1.44
2026/08/01,CHB025,GONDOLA,G7,NORMAL,1.00,1.30,120.00,120.00,1.44
2026/08/01,CHB025,GONDOLA,G8,NORMAL,1.00,1.30,70.00,120.00,0.84
2026/08/01,CHB025,GONDOLA,G9,NORMAL,1.00,1.30,70.00,120.00,0.84
2026/08/01,CHB025,GONDOLA,G10,NORMAL,1.00,1.30,120.00,120.00,1.44
2026/08/01,CHB025,GONDOLA,G11,NORMAL,1.00,1.30,120.00,120.00,1.44
2026/08/01,CHB025,GONDOLA,G12,NORMAL,1.00,1.30,120.00,120.00,1.44
2026/08/01,CHB025,GONDOLA,G13,NORMAL,1.00,1.30,120.00,120.00,1.44
2026/08/01,CHB025,GONDOLA,G14,NORMAL,1.00,1.30,70.00,120.00,0.84
2026/08/01,CHB025,GONDOLA,G15,NORMAL,1.00,1.30,70.00,120.00,0.84
2026/08/01,CHB025,GONDOLA,G16,NORMAL,1.00,1.30,120.00,120.00,1.44
2026/08/01,CHB025,GONDOLA,G17,NORMAL,1.00,1.30,120.00,120.00,1.44
2026/08/01,CHB025,GONDOLA,G18,NORMAL,1.00,1.30,120.00,120.00,1.44
2026/08/01,CHB025,GONDOLA,G19,NORMAL,1.00,1.30,120.00,120.00,1.44
2026/08/01,CHB025,GONDOLA,G20,NORMAL,1.00,1.30,70.00,120.00,0.84
2026/08/01,CHB025,GONDOLA,G21,NORMAL,1.00,1.30,70.00,120.00,0.84
2026/08/01,CHB025,GONDOLA,G22,NORMAL,1.00,1.30,120.00,120.00,1.44
2026/08/01,CHB025,GONDOLA,G23,NORMAL,1.00,1.30,120.00,120.00,1.44
2026/08/01,CHB025,GONDOLA,G24,NORMAL,1.00,1.30,120.00,120.00,1.44
2026/08/01,CHB025,GONDOLA,G25,NORMAL,1.00,1.30,120.00,120.00,1.44
2026/08/01,CHB025,GONDOLA,G26,NORMAL,1.00,1.30,70.00,120.00,0.84
2026/08/01,CHB025,TREE_DISPLAY,TREE_PLAYDOH,NORMAL,1.00,1.00,157.00,50.00,0.79
2026/08/01,CHB025,TREE_SIKU,TREE_SIKU,NORMAL,1.00,1.11,120.00,100.00,1.20
2026/08/01,CHB025,TREE_SIKU,TREE_HW,NORMAL,1.00,1.11,120.00,100.00,1.20
2026/08/01,CHB025,ISLAND_DISPLAY,IP1,PROMOTION,1.00,1.00,280.00,100.00,2.80
2026/08/01,CHB025,PALLET_DISPLAY,P1,NORMAL,1.00,1.30,600.00,100.00,6.00
2026/08/01,CHB025,CASHIER_COUNTER,CASHIER_FRONT,NORMAL,1.00,1.80,105.00,120.00,1.26
2026/08/01,CHB025,CASHIER_COUNTER,CASHIER_BACK,NORMAL,1.00,1.80,100.00,120.00,1.20
2026/08/01,CHB025,WALL_SHELF,W1,NORMAL,1.00,1.30,120.00,220.00,2.64
2026/08/01,CHB025,WALL_SHELF,W2,NORMAL,1.00,1.30,120.00,220.00,2.64
2026/08/01,CHB025,WALL_SHELF,W3,NORMAL,1.00,1.30,120.00,220.00,2.64
2026/08/01,CHB025,WALL_SHELF,W4,NORMAL,1.00,1.30,120.00,220.00,2.64
2026/08/01,CHB025,WALL_SHELF,W5,NORMAL,1.00,1.30,120.00,220.00,2.64
2026/08/01,CHB025,WALL_SHELF,W6,NORMAL,1.00,1.30,120.00,220.00,2.64
2026/08/01,CHB025,WALL_SHELF,W7,NORMAL,1.00,1.30,120.00,220.00,2.64
2026/08/01,CHB025,WALL_SHELF,W8,NORMAL,1.00,1.30,90.00,220.00,1.98
2026/08/01,CHB025,WALL_SHELF,W9,NORMAL,1.00,1.30,120.00,220.00,2.64
2026/08/01,CHB025,WALL_SHELF,W10,NORMAL,1.00,1.30,120.00,220.00,2.64
2026/08/01,CHB025,WALL_SHELF,W11,NORMAL,1.00,1.30,90.00,220.00,1.98
2026/08/01,CHB025,WALL_SHELF,W12,NORMAL,1.00,1.30,120.00,220.00,2.64
2026/08/01,CHB025,WALL_SHELF,W13,NORMAL,1.00,1.30,90.00,220.00,1.98
2026/08/01,CHB025,WALL_SHELF,W14,NORMAL,1.00,1.30,120.00,220.00,2.64
2026/08/01,CHB025,WALL_SHELF,W15,NORMAL,1.00,1.30,120.00,220.00,2.64
2026/08/01,CHB025,WALL_SHELF,W16,NORMAL,1.00,1.30,120.00,220.00,2.64
2026/08/01,CHB025,WALL_SHELF,W17,NORMAL,1.00,1.30,120.00,220.00,2.64
2026/08/01,CHB025,WALL_SHELF,W18,NORMAL,1.00,1.30,120.00,220.00,2.64
2026/08/01,CHB025,WALL_SHELF,W19,NORMAL,1.00,1.30,120.00,220.00,2.64
2026/08/01,CHB025,WALL_SHELF,W20,NORMAL,1.00,1.30,120.00,220.00,2.64
2026/08/01,CHB025,WALL_SHELF,W21,NORMAL,1.00,1.30,120.00,220.00,2.64
2026/08/01,CHB025,WALL_SHELF,W22,NORMAL,1.00,1.30,120.00,220.00,2.64
2026/08/01,CHB025,WALL_SHELF,W23,NORMAL,1.00,1.30,120.00,220.00,2.64
2026/08/01,CHB025,WALL_SHELF,W24,NORMAL,1.00,1.30,120.00,220.00,2.64
2026/08/01,CHB025,WALL_SHELF,W25,NORMAL,1.00,1.30,120.00,220.00,2.64
2026/08/01,CHB025,WALL_SHELF,W26,NORMAL,1.00,1.30,90.00,220.00,1.98
2026/08/01,CHB025,WALL_SHELF,W27,NORMAL,1.00,1.30,90.00,220.00,1.98
2026/08/01,CHB025,WALL_SHELF,W28,NORMAL,1.00,1.30,90.00,220.00,1.98
2026/08/01,CHB025,WALL_SHELF,W29,NORMAL,1.00,1.30,120.00,220.00,2.64
2026/08/01,CHB025,WALL_SHELF,W30,NORMAL,1.00,1.30,120.00,220.00,2.64
2026/08/01,CHB025,WALL_SHELF,W31,NORMAL,1.00,1.30,120.00,220.00,2.64
2026/08/01,CHB025,WALL_SHELF,W32,NORMAL,1.00,1.30,90.00,220.00,1.98
2026/08/01,CHB025,WALL_SHELF,W33,NORMAL,1.00,1.30,120.00,220.00,2.64
2026/08/01,CHB025,WALL_SHELF,W34,NORMAL,1.00,1.30,90.00,220.00,1.98
2026/08/01,CHB025,WALL_SHELF,W35,NORMAL,1.00,1.30,70.00,220.00,1.54
2026/08/01,CHB025,WALL_SHELF,W36,NORMAL,1.00,1.30,90.00,220.00,1.98
2026/08/01,CHB025,WALL_SHELF,W37,NORMAL,1.00,1.30,90.00,220.00,1.98
2026/08/01,CHB025,WALL_SHELF,W38,NORMAL,1.00,1.30,90.00,220.00,1.98
2026/08/01,CHB025,WALL_SHELF,W39,NORMAL,1.00,1.30,90.00,220.00,1.98
2026/08/01,CHB025,WALL_SHELF,W40,NORMAL,1.00,1.30,90.00,220.00,1.98
2026/08/01,CHB025,WALL_SHELF,W41,NORMAL,1.00,1.30,90.00,220.00,1.98
2026/08/01,CHB031,GONDOLA,G5,NORMAL,1.00,1.30,70.00,120.00,0.84
2026/08/01,CHB031,GONDOLA,G6,NORMAL,1.00,1.30,120.00,120.00,1.44
2026/08/01,CHB031,GONDOLA,G7,NORMAL,1.00,1.30,120.00,120.00,1.44
2026/08/01,CHB031,GONDOLA,G8,NORMAL,1.00,1.30,120.00,120.00,1.44
2026/08/01,CHB031,GONDOLA,G9,NORMAL,1.00,1.30,120.00,120.00,1.44
2026/08/01,CHB031,GONDOLA,G10,NORMAL,1.00,1.30,70.00,120.00,0.84
2026/08/01,CHB031,GONDOLA,G11,NORMAL,1.00,1.30,70.00,120.00,0.84
2026/08/01,CHB031,GONDOLA,G12,NORMAL,1.00,1.30,120.00,120.00,1.44
2026/08/01,CHB031,GONDOLA,G13,NORMAL,1.00,1.30,120.00,120.00,1.44
2026/08/01,CHB031,GONDOLA,G14,NORMAL,1.00,1.30,120.00,120.00,1.44
2026/08/01,CHB031,GONDOLA,G15,NORMAL,1.00,1.30,120.00,120.00,1.44
2026/08/01,CHB031,GONDOLA,G16,NORMAL,1.00,1.30,70.00,120.00,0.84
2026/08/01,CHB031,GONDOLA,G17,NORMAL,1.00,1.30,70.00,120.00,0.84
2026/08/01,CHB031,GONDOLA,G18,NORMAL,1.00,1.30,120.00,120.00,1.44
2026/08/01,CHB031,GONDOLA,G19,NORMAL,1.00,1.30,120.00,120.00,1.44
2026/08/01,CHB031,GONDOLA,G20,NORMAL,1.00,1.30,120.00,120.00,1.44
2026/08/01,CHB031,GONDOLA,G21,NORMAL,1.00,1.30,120.00,120.00,1.44
2026/08/01,CHB031,GONDOLA,G22,NORMAL,1.00,1.30,70.00,120.00,0.84
2026/08/01,CHB031,GONDOLA,G23,NORMAL,1.00,1.30,70.00,120.00,0.84
2026/08/01,CHB031,GONDOLA,G24,NORMAL,1.00,1.30,120.00,120.00,1.44
2026/08/01,CHB031,GONDOLA,G25,NORMAL,1.00,1.30,120.00,120.00,1.44
2026/08/01,CHB031,GONDOLA,G26,NORMAL,1.00,1.30,120.00,120.00,1.44
2026/08/01,CHB031,GONDOLA,G27,NORMAL,1.00,1.30,120.00,120.00,1.44
2026/08/01,CHB031,GONDOLA,G28,NORMAL,1.00,1.30,70.00,120.00,0.84
2026/08/01,CHB031,GONDOLA,G29,NORMAL,1.00,1.30,70.00,120.00,0.84
2026/08/01,CHB031,GONDOLA,G30,NORMAL,1.00,1.30,120.00,120.00,1.44
2026/08/01,CHB031,GONDOLA,G31,NORMAL,1.00,1.30,120.00,120.00,1.44
2026/08/01,CHB031,GONDOLA,G32,NORMAL,1.00,1.30,70.00,120.00,0.84
2026/08/01,CHB031,GONDOLA,G33,NORMAL,1.00,1.30,70.00,120.00,0.84
2026/08/01,CHB031,GONDOLA,G34,NORMAL,1.00,1.30,120.00,120.00,1.44
2026/08/01,CHB031,GONDOLA,G35,NORMAL,1.00,1.30,120.00,120.00,1.44
2026/08/01,CHB031,GONDOLA,G36,NORMAL,1.00,1.30,70.00,120.00,0.84
2026/08/01,CHB031,GONDOLA,G37,NORMAL,1.00,1.30,70.00,120.00,0.84
2026/08/01,CHB031,GONDOLA,G38,NORMAL,1.00,1.30,120.00,120.00,1.44
2026/08/01,CHB031,GONDOLA,G39,NORMAL,1.00,1.30,120.00,120.00,1.44
2026/08/01,CHB031,GONDOLA,G40,NORMAL,1.00,1.30,70.00,120.00,0.84
2026/08/01,CHB031,GONDOLA,G41,NORMAL,1.00,1.30,70.00,120.00,0.84
2026/08/01,CHB031,GONDOLA,G42,NORMAL,1.00,1.30,120.00,120.00,1.44
2026/08/01,CHB031,GONDOLA,G43,NORMAL,1.00,1.30,120.00,120.00,1.44
2026/08/01,CHB031,GONDOLA,G44,NORMAL,1.00,1.30,70.00,120.00,0.84
2026/08/01,CHB031,GONDOLA,GP1,HOT&NEW,1.00,1.30,70.00,120.00,0.84
2026/08/01,CHB031,GONDOLA,GP2,HOT&NEW,1.00,1.30,70.00,120.00,0.84
2026/08/01,CHB031,GONDOLA,GP3,HOT&NEW,1.00,1.30,70.00,120.00,0.84
2026/08/01,CHB031,GONDOLA,GP4,HOT&NEW,1.00,1.30,70.00,120.00,0.84
2026/08/01,CHB031,ISLAND_DISPLAY,IP1,PROMOTION,1.00,1.00,280.00,100.00,2.80
2026/08/01,CHB031,ISLAND_DISPLAY,IP2,PROMOTION,1.00,1.00,280.00,100.00,2.80
2026/08/01,CHB031,ISLAND_DISPLAY,IP3,PROMOTION,1.00,1.00,280.00,100.00,2.80
2026/08/01,CHB031,ISLAND_DISPLAY,IP4,PROMOTION,1.00,1.00,280.00,100.00,2.80
2026/08/01,CHB031,PALLET_DISPLAY,P1,NORMAL,1.00,1.00,280.00,100.00,2.80
2026/08/01,CHB031,PALLET_DISPLAY,P2,NORMAL,1.00,1.00,280.00,100.00,2.80
2026/08/01,CHB031,CASHIER_COUNTER,CASHIER_FRONT,NORMAL,1.00,1.80,100.00,120.00,1.20
2026/08/01,CHB031,CASHIER_COUNTER,CASHIER_BACK,NORMAL,1.00,1.80,100.00,120.00,1.20
2026/08/01,CHB031,TREE_SIKU,TREE_SIKU,NORMAL,1.00,1.11,120.00,100.00,1.20
2026/08/01,CHB031,TREE_SIKU,TREE_HW,NORMAL,1.00,1.11,120.00,100.00,1.20
2026/08/01,CHB031,WALL_SHELF,W1,NORMAL,1.00,1.30,120.00,220.00,2.64
2026/08/01,CHB031,WALL_SHELF,W2,NORMAL,1.00,1.30,120.00,220.00,2.64
2026/08/01,CHB031,WALL_SHELF,W3,NORMAL,1.00,1.30,120.00,220.00,2.64
2026/08/01,CHB031,WALL_SHELF,W4,NORMAL,1.00,1.30,120.00,220.00,2.64
2026/08/01,CHB031,WALL_SHELF,W5,NORMAL,1.00,1.30,120.00,220.00,2.64
2026/08/01,CHB031,WALL_SHELF,W6,NORMAL,1.00,1.30,120.00,220.00,2.64
2026/08/01,CHB031,WALL_SHELF,W7,NORMAL,1.00,1.30,120.00,220.00,2.64
2026/08/01,CHB031,WALL_SHELF,W8,NORMAL,1.00,1.30,120.00,220.00,2.64
2026/08/01,CHB031,WALL_SHELF,W9,NORMAL,1.00,1.30,120.00,220.00,2.64
2026/08/01,CHB031,WALL_SHELF,W10,NORMAL,1.00,1.30,120.00,220.00,2.64
2026/08/01,CHB031,WALL_SHELF,W11,NORMAL,1.00,1.30,120.00,220.00,2.64
2026/08/01,CHB031,WALL_SHELF,W12,NORMAL,1.00,1.30,120.00,220.00,2.64
2026/08/01,CHB031,WALL_SHELF,W13,NORMAL,1.00,1.30,120.00,220.00,2.64
2026/08/01,CHB031,WALL_SHELF,W14,NORMAL,1.00,1.30,90.00,220.00,1.98
2026/08/01,CHB031,WALL_SHELF,W15,NORMAL,1.00,1.30,120.00,220.00,2.64
2026/08/01,CHB031,WALL_SHELF,W16,NORMAL,1.00,1.30,120.00,220.00,2.64
2026/08/01,CHB031,WALL_SHELF,W17,NORMAL,1.00,1.30,120.00,220.00,2.64
2026/08/01,CHB031,WALL_SHELF,W18,NORMAL,1.00,1.30,120.00,220.00,2.64
2026/08/01,CHB031,WALL_SHELF,W19,NORMAL,1.00,1.30,120.00,220.00,2.64
2026/08/01,CHB031,WALL_SHELF,W20,NORMAL,1.00,1.30,120.00,220.00,2.64
2026/08/01,CHB031,WALL_SHELF,W21,NORMAL,1.00,1.30,120.00,220.00,2.64
2026/08/01,CHB031,WALL_SHELF,W22,NORMAL,1.00,1.30,120.00,220.00,2.64
2026/08/01,CHB031,WALL_SHELF,W23,NORMAL,1.00,1.30,120.00,220.00,2.64
2026/08/01,CHB035,GONDOLA,G3,NORMAL,1.00,1.30,70.00,120.00,0.84
2026/08/01,CHB035,GONDOLA,G4,NORMAL,1.00,1.30,120.00,120.00,1.44
2026/08/01,CHB035,GONDOLA,G5,NORMAL,1.00,1.30,120.00,120.00,1.44
2026/08/01,CHB035,GONDOLA,G6,NORMAL,1.00,1.30,120.00,120.00,1.44
2026/08/01,CHB035,GONDOLA,G7,NORMAL,1.00,1.30,120.00,120.00,1.44
2026/08/01,CHB035,GONDOLA,G8,NORMAL,1.00,1.30,70.00,120.00,0.84
2026/08/01,CHB035,GONDOLA,G9,NORMAL,1.00,1.30,70.00,120.00,0.84
2026/08/01,CHB035,GONDOLA,G10,NORMAL,1.00,1.30,120.00,120.00,1.44
2026/08/01,CHB035,GONDOLA,G11,NORMAL,1.00,1.30,120.00,120.00,1.44
2026/08/01,CHB035,GONDOLA,G12,NORMAL,1.00,1.30,120.00,120.00,1.44
2026/08/01,CHB035,GONDOLA,G13,NORMAL,1.00,1.30,120.00,120.00,1.44
2026/08/01,CHB035,GONDOLA,G14,NORMAL,1.00,1.30,70.00,120.00,0.84
2026/08/01,CHB035,GONDOLA,G15,NORMAL,1.00,1.30,70.00,120.00,0.84
2026/08/01,CHB035,GONDOLA,G16,NORMAL,1.00,1.30,120.00,120.00,1.44
2026/08/01,CHB035,GONDOLA,G17,NORMAL,1.00,1.30,120.00,120.00,1.44
2026/08/01,CHB035,GONDOLA,G18,NORMAL,1.00,1.30,120.00,120.00,1.44
2026/08/01,CHB035,GONDOLA,G19,NORMAL,1.00,1.30,120.00,120.00,1.44
2026/08/01,CHB035,GONDOLA,G20,NORMAL,1.00,1.30,70.00,120.00,0.84
2026/08/01,CHB035,GONDOLA,G21,NORMAL,1.00,1.30,70.00,120.00,0.84
2026/08/01,CHB035,GONDOLA,G22,NORMAL,1.00,1.30,120.00,120.00,1.44
2026/08/01,CHB035,GONDOLA,G23,NORMAL,1.00,1.30,120.00,120.00,1.44
2026/08/01,CHB035,GONDOLA,G24,NORMAL,1.00,1.30,120.00,120.00,1.44
2026/08/01,CHB035,GONDOLA,G25,NORMAL,1.00,1.30,120.00,120.00,1.44
2026/08/01,CHB035,GONDOLA,G26,NORMAL,1.00,1.30,70.00,120.00,0.84
2026/08/01,CHB035,GONDOLA,G27,NORMAL,1.00,1.30,70.00,120.00,0.84
2026/08/01,CHB035,GONDOLA,G28,NORMAL,1.00,1.30,120.00,120.00,1.44
2026/08/01,CHB035,GONDOLA,G29,NORMAL,1.00,1.30,120.00,120.00,1.44
2026/08/01,CHB035,GONDOLA,G30,NORMAL,1.00,1.30,70.00,120.00,0.84
2026/08/01,CHB035,GONDOLA,G31,NORMAL,1.00,1.30,70.00,120.00,0.84
2026/08/01,CHB035,GONDOLA,G32,NORMAL,1.00,1.30,120.00,120.00,1.44
2026/08/01,CHB035,GONDOLA,G33,NORMAL,1.00,1.30,120.00,120.00,1.44
2026/08/01,CHB035,GONDOLA,G34,NORMAL,1.00,1.30,70.00,120.00,0.84
2026/08/01,CHB035,GONDOLA,G35,NORMAL,1.00,1.30,70.00,120.00,0.84
2026/08/01,CHB035,GONDOLA,G36,NORMAL,1.00,1.30,120.00,120.00,1.44
2026/08/01,CHB035,GONDOLA,G37,NORMAL,1.00,1.30,120.00,120.00,1.44
2026/08/01,CHB035,GONDOLA,G38,NORMAL,1.00,1.30,70.00,120.00,0.84
2026/08/01,CHB035,GONDOLA,G39,NORMAL,1.00,1.30,70.00,120.00,0.84
2026/08/01,CHB035,GONDOLA,G40,NORMAL,1.00,1.30,120.00,120.00,1.44
2026/08/01,CHB035,GONDOLA,G41,NORMAL,1.00,1.30,120.00,120.00,1.44
2026/08/01,CHB035,GONDOLA,G42,NORMAL,1.00,1.30,70.00,120.00,0.84
2026/08/01,CHB035,GONDOLA,G43,NORMAL,1.00,1.30,70.00,120.00,0.84
2026/08/01,CHB035,GONDOLA,G44,NORMAL,1.00,1.30,120.00,120.00,1.44
2026/08/01,CHB035,GONDOLA,G45,NORMAL,1.00,1.30,120.00,120.00,1.44
2026/08/01,CHB035,GONDOLA,G46,NORMAL,1.00,1.30,70.00,120.00,0.84
2026/08/01,CHB035,GONDOLA,GP1,HOT&NEW,1.00,1.30,70.00,120.00,0.84
2026/08/01,CHB035,GONDOLA,GP2,HOT&NEW,1.00,1.30,70.00,120.00,0.84
2026/08/01,CHB035,ISLAND_DISPLAY,IP1,PROMOTION,1.00,1.00,280.00,100.00,2.80
2026/08/01,CHB035,PALLET_DISPLAY,P1,NORMAL,1.00,1.30,600.00,100.00,6.00
2026/08/01,CHB035,CASHIER_COUNTER,CASHIER_FRONT,NORMAL,1.00,1.80,150.00,120.00,1.80
2026/08/01,CHB035,TREE_DISPLAY,TREE_PLAYDOH,NORMAL,1.00,1.00,157.00,50.00,0.79
2026/08/01,CHB035,TREE_SIKU,TREE_SIKU,NORMAL,1.00,1.11,120.00,100.00,1.20
2026/08/01,CHB035,TREE_SIKU,TREE_HW,NORMAL,1.00,1.11,120.00,100.00,1.20
2026/08/01,CHB035,WALL_SHELF,W1,NORMAL,1.00,1.30,120.00,220.00,2.64
2026/08/01,CHB035,WALL_SHELF,W2,NORMAL,1.00,1.30,120.00,220.00,2.64
2026/08/01,CHB035,WALL_SHELF,W3,NORMAL,1.00,1.30,90.00,220.00,1.98
2026/08/01,CHB035,WALL_SHELF,W4,NORMAL,1.00,1.30,120.00,220.00,2.64
2026/08/01,CHB035,WALL_SHELF,W5,NORMAL,1.00,1.30,120.00,220.00,2.64
2026/08/01,CHB035,WALL_SHELF,W6,NORMAL,1.00,1.30,90.00,220.00,1.98
2026/08/01,CHB035,WALL_SHELF,W7,NORMAL,1.00,1.30,90.00,220.00,1.98
2026/08/01,CHB035,WALL_SHELF,W8,NORMAL,1.00,1.30,120.00,220.00,2.64
2026/08/01,CHB035,WALL_SHELF,W9,NORMAL,1.00,1.30,120.00,220.00,2.64
2026/08/01,CHB035,WALL_SHELF,W10,NORMAL,1.00,1.30,120.00,220.00,2.64
2026/08/01,CHB035,WALL_SHELF,W11,NORMAL,1.00,1.30,90.00,220.00,1.98
2026/08/01,CHB035,WALL_SHELF,W12,NORMAL,1.00,1.30,90.00,220.00,1.98
2026/08/01,CHB035,WALL_SHELF,W13,NORMAL,1.00,1.30,90.00,220.00,1.98
2026/08/01,CHB035,WALL_SHELF,W14,NORMAL,1.00,1.30,120.00,220.00,2.64
2026/08/01,CHB035,WALL_SHELF,W15,NORMAL,1.00,1.30,120.00,220.00,2.64
2026/08/01,CHB035,WALL_SHELF,W16,NORMAL,1.00,1.30,120.00,220.00,2.64
2026/08/01,CHB035,WALL_SHELF,W17,NORMAL,1.00,1.30,120.00,220.00,2.64
2026/08/01,CHB035,WALL_SHELF,W18,NORMAL,1.00,1.30,120.00,220.00,2.64
2026/08/01,CHB035,WALL_SHELF,W19,NORMAL,1.00,1.30,120.00,220.00,2.64
2026/08/01,CHB035,WALL_SHELF,W20,NORMAL,1.00,1.30,120.00,220.00,2.64
2026/08/01,CHB035,WALL_SHELF,W21,NORMAL,1.00,1.30,120.00,220.00,2.64
2026/08/01,CHB035,WALL_SHELF,W22,NORMAL,1.00,1.30,120.00,220.00,2.64
2026/08/01,CHB035,WALL_SHELF,W23,NORMAL,1.00,1.30,120.00,220.00,2.64
2026/08/01,CHB035,WALL_SHELF,W24,NORMAL,1.00,1.30,90.00,220.00,1.98
2026/08/01,CHB035,WALL_SHELF,W25,NORMAL,1.00,1.30,90.00,220.00,1.98
2026/08/01,CHB035,WALL_SHELF,W26,NORMAL,1.00,1.30,90.00,220.00,1.98
2026/08/01,CHB035,WALL_SHELF,W27,NORMAL,1.00,1.30,120.00,220.00,2.64
2026/08/01,CHB035,WALL_SHELF,W28,NORMAL,1.00,1.30,120.00,220.00,2.64
2026/08/01,CHB035,WALL_SHELF,W29,NORMAL,1.00,1.30,90.00,220.00,1.98
2026/08/01,CHB035,WALL_SHELF,W30,NORMAL,1.00,1.30,90.00,220.00,1.98
2026/08/01,CHB035,WALL_SHELF,W31,NORMAL,1.00,1.30,120.00,220.00,2.64
2026/08/01,CHB035,WALL_SHELF,W32,NORMAL,1.00,1.30,120.00,220.00,2.64
2026/08/01,CHB035,WALL_SHELF,W33,NORMAL,1.00,1.30,120.00,220.00,2.64
2026/08/01,CHB035,WALL_SHELF,W34,NORMAL,1.00,1.30,120.00,220.00,2.64
2026/08/01,CHB035,WALL_SHELF,W35,NORMAL,1.00,1.30,90.00,220.00,1.98
2026/08/01,CHB035,WALL_SHELF,W36,NORMAL,1.00,1.30,120.00,220.00,2.64
2026/08/01,CHB035,WALL_SHELF,W37,NORMAL,1.00,1.30,120.00,220.00,2.64
2026/08/01,CHB035,WALL_SHELF,W38,NORMAL,1.00,1.30,120.00,220.00,2.64
2026/08/01,CHB035,WALL_SHELF,W39,NORMAL,1.00,1.30,120.00,220.00,2.64
2026/08/01,CHB035,WALL_SHELF,W40,NORMAL,1.00,1.30,120.00,220.00,2.64
2026/08/01,CHB035,WALL_SHELF,W41,NORMAL,1.00,1.30,120.00,220.00,2.64
2026/08/01,CHB038,GONDOLA,G3,NORMAL,1.00,1.30,70.00,120.00,0.84
2026/08/01,CHB038,GONDOLA,G4,NORMAL,1.00,1.30,120.00,120.00,1.44
2026/08/01,CHB038,GONDOLA,G5,NORMAL,1.00,1.30,120.00,120.00,1.44
2026/08/01,CHB038,GONDOLA,G6,NORMAL,1.00,1.30,70.00,120.00,0.84
2026/08/01,CHB038,GONDOLA,G7,NORMAL,1.00,1.30,70.00,120.00,0.84
2026/08/01,CHB038,GONDOLA,G8,NORMAL,1.00,1.30,120.00,120.00,1.44
2026/08/01,CHB038,GONDOLA,G9,NORMAL,1.00,1.30,120.00,120.00,1.44
2026/08/01,CHB038,GONDOLA,G10,NORMAL,1.00,1.30,120.00,120.00,1.44
2026/08/01,CHB038,GONDOLA,G11,NORMAL,1.00,1.30,120.00,120.00,1.44
2026/08/01,CHB038,GONDOLA,G12,NORMAL,1.00,1.30,70.00,120.00,0.84
2026/08/01,CHB038,GONDOLA,G13,NORMAL,1.00,1.30,70.00,120.00,0.84
2026/08/01,CHB038,GONDOLA,G14,NORMAL,1.00,1.30,120.00,120.00,1.44
2026/08/01,CHB038,GONDOLA,G15,NORMAL,1.00,1.30,120.00,120.00,1.44
2026/08/01,CHB038,GONDOLA,G16,NORMAL,1.00,1.30,70.00,120.00,0.84
2026/08/01,CHB038,GONDOLA,G17,NORMAL,1.00,1.30,70.00,120.00,0.84
2026/08/01,CHB038,GONDOLA,G18,NORMAL,1.00,1.30,120.00,120.00,1.44
2026/08/01,CHB038,GONDOLA,G19,NORMAL,1.00,1.30,120.00,120.00,1.44
2026/08/01,CHB038,GONDOLA,G20,NORMAL,1.00,1.30,120.00,120.00,1.44
2026/08/01,CHB038,GONDOLA,G21,NORMAL,1.00,1.30,120.00,120.00,1.44
2026/08/01,CHB038,GONDOLA,G22,NORMAL,1.00,1.30,70.00,120.00,0.84
2026/08/01,CHB038,GONDOLA,GP1,HOT&NEW,1.00,1.30,70.00,120.00,0.84
2026/08/01,CHB038,GONDOLA,GP2,HOT&NEW,1.00,1.30,70.00,120.00,0.84
2026/08/01,CHB038,ISLAND_DISPLAY,IP1,PROMOTION,1.00,1.00,280.00,100.00,2.80
2026/08/01,CHB038,ISLAND_DISPLAY,IP2,PROMOTION,1.00,1.00,280.00,100.00,2.80
2026/08/01,CHB038,PALLET_DISPLAY,P1,NORMAL,1.00,1.30,600.00,100.00,6.00
2026/08/01,CHB038,PALLET_DISPLAY,P2,NORMAL,1.00,1.30,600.00,100.00,6.00
2026/08/01,CHB038,CASHIER_COUNTER,CASHIER_FRONT,NORMAL,1.00,1.80,100.00,120.00,1.20
2026/08/01,CHB038,CASHIER_COUNTER,CASHIER_BACK,NORMAL,1.00,1.80,100.00,120.00,1.20
2026/08/01,CHB038,WALL_SHELF,W1,NORMAL,1.00,1.30,90.00,220.00,1.98
2026/08/01,CHB038,WALL_SHELF,W2,NORMAL,1.00,1.30,120.00,220.00,2.64
2026/08/01,CHB038,WALL_SHELF,W3,NORMAL,1.00,1.30,120.00,220.00,2.64
2026/08/01,CHB038,WALL_SHELF,W4,NORMAL,1.00,1.30,120.00,220.00,2.64
2026/08/01,CHB038,WALL_SHELF,W5,NORMAL,1.00,1.30,120.00,220.00,2.64
2026/08/01,CHB038,WALL_SHELF,W6,NORMAL,1.00,1.30,120.00,220.00,2.64
2026/08/01,CHB038,WALL_SHELF,W7,NORMAL,1.00,1.30,120.00,220.00,2.64
2026/08/01,CHB038,WALL_SHELF,W8,NORMAL,1.00,1.30,120.00,220.00,2.64
2026/08/01,CHB038,WALL_SHELF,W9,NORMAL,1.00,1.30,90.00,220.00,1.98
2026/08/01,CHB038,WALL_SHELF,W10,NORMAL,1.00,1.30,120.00,220.00,2.64
2026/08/01,CHB038,WALL_SHELF,W11,NORMAL,1.00,1.30,120.00,220.00,2.64
2026/08/01,CHB038,WALL_SHELF,W12,NORMAL,1.00,1.30,120.00,220.00,2.64
2026/08/01,CHB038,WALL_SHELF,W13,NORMAL,1.00,1.30,120.00,220.00,2.64
2026/08/01,CHB038,WALL_SHELF,W14,NORMAL,1.00,1.30,120.00,220.00,2.64
2026/08/01,CHB038,WALL_SHELF,W15,NORMAL,1.00,1.30,120.00,220.00,2.64
2026/08/01,CHB038,WALL_SHELF,W16,NORMAL,1.00,1.30,90.00,220.00,1.98
2026/08/01,CHB038,WALL_SHELF,W17,NORMAL,1.00,1.30,120.00,220.00,2.64
2026/08/01,CHB038,WALL_SHELF,W18,NORMAL,1.00,1.30,120.00,220.00,2.64
2026/08/01,CHB038,WALL_SHELF,W19,NORMAL,1.00,1.30,120.00,220.00,2.64
2026/08/01,CHB038,WALL_SHELF,W20,NORMAL,1.00,1.30,90.00,220.00,1.98
2026/08/01,CHB038,WALL_SHELF,W21,NORMAL,1.00,1.30,120.00,220.00,2.64
2026/08/01,CHB038,WALL_SHELF,W22,NORMAL,1.00,1.30,90.00,220.00,1.98
2026/08/01,CHB038,WALL_SHELF,W23,NORMAL,1.00,1.30,120.00,220.00,2.64
2026/08/01,CHB038,WALL_SHELF,W24,NORMAL,1.00,1.30,120.00,220.00,2.64
2026/08/01,CHB038,WALL_SHELF,W25,NORMAL,1.00,1.30,90.00,220.00,1.98
2026/08/01,CHB038,WALL_SHELF,W26,NORMAL,1.00,1.30,90.00,220.00,1.98
2026/08/01,CHB038,WALL_SHELF,W27,NORMAL,1.00,1.30,120.00,220.00,2.64
2026/08/01,CHB038,WALL_SHELF,W28,NORMAL,1.00,1.30,90.00,220.00,1.98
2026/08/01,CHB038,WALL_SHELF,W29,NORMAL,1.00,1.30,90.00,220.00,1.98
2026/08/01,CHB038,WALL_SHELF,W30,NORMAL,1.00,1.30,120.00,220.00,2.64
2026/08/01,CHB038,WALL_SHELF,W31,NORMAL,1.00,1.30,120.00,220.00,2.64
2026/08/01,CHB038,WALL_SHELF,W32,NORMAL,1.00,1.30,120.00,220.00,2.64
2026/08/01,CHB038,WALL_SHELF,W33,NORMAL,1.00,1.30,120.00,220.00,2.64
2026/08/01,CHB038,WALL_SHELF,W34,NORMAL,1.00,1.30,120.00,220.00,2.64
2026/08/01,CHB038,WALL_SHELF,W35,NORMAL,1.00,1.30,120.00,220.00,2.64
2026/08/01,CHB038,WALL_SHELF,W36,NORMAL,1.00,1.30,120.00,220.00,2.64
2026/08/01,CHB038,WALL_SHELF,W37,NORMAL,1.00,1.30,120.00,220.00,2.64
2026/08/01,CHB038,WALL_SHELF,W38,NORMAL,1.00,1.30,120.00,220.00,2.64
2026/08/01,CHB038,WALL_SHELF,W39,NORMAL,1.00,1.30,120.00,220.00,2.64
2026/08/01,CHB038,WALL_SHELF,W40,NORMAL,1.00,1.30,120.00,220.00,2.64
2026/08/01,CHB038,WALL_SHELF,W41,NORMAL,1.00,1.30,120.00,220.00,2.64
2026/08/01,CHB038,WALL_SHELF,W42,NORMAL,1.00,1.30,120.00,220.00,2.64
2026/08/01,CHB038,WALL_SHELF,W43,NORMAL,1.00,1.30,120.00,220.00,2.64
2026/08/01,CHB038,WALL_SHELF,W44,NORMAL,1.00,1.30,120.00,220.00,2.64
2026/08/01,CHB038,WALL_SHELF,W45,NORMAL,1.00,1.30,120.00,220.00,2.64
2026/08/01,CHB038,WALL_SHELF,W46,NORMAL,1.00,1.30,120.00,220.00,2.64
2026/08/01,CHB038,WALL_SHELF,W47,NORMAL,1.00,1.30,120.00,220.00,2.64
2026/08/01,CHB038,WALL_SHELF,W48,NORMAL,1.00,1.30,120.00,220.00,2.64
2026/08/01,CHB038,WALL_SHELF,W49,NORMAL,1.00,1.30,120.00,220.00,2.64
2026/08/01,CHB038,WALL_SHELF,W50,NORMAL,1.00,1.30,90.00,220.00,1.98
2026/08/01,CHB038,WALL_SHELF,W51,NORMAL,1.00,1.30,150.00,220.00,3.30
2026/08/01,CHB038,WALL_SHELF,W52,NORMAL,1.00,1.30,150.00,220.00,3.30
2026/08/01,CHB038,WALL_SHELF,W53,NORMAL,1.00,1.30,120.00,220.00,2.64
2026/08/01,CHB038,WALL_SHELF,W54,NORMAL,1.00,1.30,150.00,220.00,3.30
2026/08/01,CHB038,WALL_SHELF,W55,NORMAL,1.00,1.30,150.00,220.00,3.30
2026/08/01,CHB038,WALL_SHELF,W56,NORMAL,1.00,1.30,90.00,220.00,1.98
2026/08/01,CHB054,GONDOLA,G1,NORMAL,1.00,1.30,70.00,120.00,0.84
2026/08/01,CHB054,GONDOLA,G2,NORMAL,1.00,1.30,120.00,120.00,1.44
2026/08/01,CHB054,GONDOLA,G3,NORMAL,1.00,1.30,120.00,120.00,1.44
2026/08/01,CHB054,GONDOLA,G4,NORMAL,1.00,1.30,70.00,120.00,0.84
2026/08/01,CHB054,GONDOLA,G5,NORMAL,1.00,1.30,70.00,120.00,0.84
2026/08/01,CHB054,GONDOLA,G6,NORMAL,1.00,1.30,120.00,120.00,1.44
2026/08/01,CHB054,GONDOLA,G7,NORMAL,1.00,1.30,120.00,120.00,1.44
2026/08/01,CHB054,GONDOLA,G8,NORMAL,1.00,1.30,70.00,120.00,0.84
2026/08/01,CHB054,GONDOLA,G9,NORMAL,1.00,1.30,70.00,120.00,0.84
2026/08/01,CHB054,GONDOLA,G10,NORMAL,1.00,1.30,120.00,120.00,1.44
2026/08/01,CHB054,GONDOLA,G11,NORMAL,1.00,1.30,120.00,120.00,1.44
2026/08/01,CHB054,GONDOLA,G12,NORMAL,1.00,1.30,70.00,120.00,0.84
2026/08/01,CHB054,GONDOLA,G13,NORMAL,1.00,1.30,70.00,120.00,0.84
2026/08/01,CHB054,GONDOLA,G14,NORMAL,1.00,1.30,120.00,120.00,1.44
2026/08/01,CHB054,GONDOLA,G15,NORMAL,1.00,1.30,120.00,120.00,1.44
2026/08/01,CHB054,GONDOLA,G16,NORMAL,1.00,1.30,70.00,120.00,0.84
2026/08/01,CHB054,GONDOLA,G17,NORMAL,1.00,1.30,70.00,120.00,0.84
2026/08/01,CHB054,GONDOLA,G18,NORMAL,1.00,1.30,120.00,120.00,1.44
2026/08/01,CHB054,GONDOLA,G19,NORMAL,1.00,1.30,120.00,120.00,1.44
2026/08/01,CHB054,GONDOLA,G20,NORMAL,1.00,1.30,70.00,120.00,0.84
2026/08/01,CHB054,GONDOLA,G21,NORMAL,1.00,1.30,70.00,120.00,0.84
2026/08/01,CHB054,GONDOLA,G22,NORMAL,1.00,1.30,120.00,120.00,1.44
2026/08/01,CHB054,GONDOLA,G23,NORMAL,1.00,1.30,120.00,120.00,1.44
2026/08/01,CHB054,GONDOLA,G24,NORMAL,1.00,1.30,70.00,120.00,0.84
2026/08/01,CHB054,GONDOLA,G25,NORMAL,1.00,1.30,70.00,120.00,0.84
2026/08/01,CHB054,GONDOLA,G26,NORMAL,1.00,1.30,120.00,120.00,1.44
2026/08/01,CHB054,GONDOLA,G27,NORMAL,1.00,1.30,120.00,120.00,1.44
2026/08/01,CHB054,GONDOLA,G28,NORMAL,1.00,1.30,70.00,120.00,0.84
2026/08/01,CHB054,GONDOLA,G29,NORMAL,1.00,1.30,70.00,120.00,0.84
2026/08/01,CHB054,GONDOLA,G30,NORMAL,1.00,1.30,120.00,120.00,1.44
2026/08/01,CHB054,GONDOLA,G31,NORMAL,1.00,1.30,120.00,120.00,1.44
2026/08/01,CHB054,GONDOLA,G32,NORMAL,1.00,1.30,70.00,120.00,0.84
2026/08/01,CHB054,GONDOLA,GP1,HOT&NEW,1.00,1.30,70.00,120.00,0.84
2026/08/01,CHB054,GONDOLA,GP2,HOT&NEW,1.00,1.30,70.00,120.00,0.84
2026/08/01,CHB054,ISLAND_DISPLAY,IP1,PROMOTION,1.00,1.00,280.00,100.00,2.80
2026/08/01,CHB054,ISLAND_DISPLAY,IP2,PROMOTION,1.00,1.00,280.00,100.00,2.80
2026/08/01,CHB054,PALLET_DISPLAY,P1,NORMAL,1.00,1.00,280.00,100.00,2.80
2026/08/01,CHB054,PALLET_DISPLAY,P2,NORMAL,1.00,1.00,280.00,100.00,2.80
2026/08/01,CHB054,PALLET_DISPLAY,P3,NORMAL,1.00,1.30,600.00,100.00,6.00
2026/08/01,CHB054,CASHIER_COUNTER,CASHIER_FRONT,NORMAL,1.00,1.80,120.00,120.00,1.44
2026/08/01,CHB054,TREE_DISPLAY,TREE_PLAYDOH,NORMAL,1.00,1.00,157.00,50.00,0.79
2026/08/01,CHB054,TREE_SIKU,TREE_HW,NORMAL,1.00,1.11,120.00,100.00,1.20
2026/08/01,CHB054,WALL_SHELF,W1,NORMAL,1.00,1.30,120.00,220.00,2.64
2026/08/01,CHB054,WALL_SHELF,W2,NORMAL,1.00,1.30,120.00,220.00,2.64
2026/08/01,CHB054,WALL_SHELF,W3,NORMAL,1.00,1.30,120.00,220.00,2.64
2026/08/01,CHB054,WALL_SHELF,W4,NORMAL,1.00,1.30,120.00,220.00,2.64
2026/08/01,CHB054,WALL_SHELF,W5,NORMAL,1.00,1.30,120.00,220.00,2.64
2026/08/01,CHB054,WALL_SHELF,W6,NORMAL,1.00,1.30,120.00,220.00,2.64
2026/08/01,CHB054,WALL_SHELF,W7,NORMAL,1.00,1.30,90.00,220.00,1.98
2026/08/01,CHB054,WALL_SHELF,W8,NORMAL,1.00,1.30,90.00,220.00,1.98
2026/08/01,CHB054,WALL_SHELF,W9,NORMAL,1.00,1.30,120.00,220.00,2.64
2026/08/01,CHB054,WALL_SHELF,W10,NORMAL,1.00,1.30,120.00,220.00,2.64
2026/08/01,CHB054,WALL_SHELF,W11,NORMAL,1.00,1.30,120.00,220.00,2.64
2026/08/01,CHB054,WALL_SHELF,W12,NORMAL,1.00,1.30,120.00,220.00,2.64
2026/08/01,CHB054,WALL_SHELF,W13,NORMAL,1.00,1.30,120.00,220.00,2.64
2026/08/01,CHB054,WALL_SHELF,W14,NORMAL,1.00,1.30,120.00,220.00,2.64
2026/08/01,CHB054,WALL_SHELF,W15,NORMAL,1.00,1.30,120.00,220.00,2.64
2026/08/01,CHB054,WALL_SHELF,W16,NORMAL,1.00,1.30,90.00,220.00,1.98
2026/08/01,CHB054,WALL_SHELF,W17,NORMAL,1.00,1.30,90.00,220.00,1.98
2026/08/01,CHB054,WALL_SHELF,W18,NORMAL,1.00,1.30,120.00,220.00,2.64
2026/08/01,CHB054,WALL_SHELF,W19,NORMAL,1.00,1.30,90.00,220.00,1.98
2026/08/01,CHB054,WALL_SHELF,W20,NORMAL,1.00,1.30,120.00,220.00,2.64
2026/08/01,CHB054,WALL_SHELF,W21,NORMAL,1.00,1.30,120.00,220.00,2.64
2026/08/01,CHB054,WALL_SHELF,W22,NORMAL,1.00,1.30,120.00,220.00,2.64
2026/08/01,CHB054,WALL_SHELF,W23,NORMAL,1.00,1.30,120.00,220.00,2.64
2026/08/01,CHB054,WALL_SHELF,W24,NORMAL,1.00,1.30,120.00,220.00,2.64
2026/08/01,CHB054,WALL_SHELF,W25,NORMAL,1.00,1.30,120.00,220.00,2.64
2026/08/01,CHB054,WALL_SHELF,W26,NORMAL,1.00,1.30,120.00,220.00,2.64
2026/08/01,CHB054,WALL_SHELF,W27,NORMAL,1.00,1.30,120.00,220.00,2.64
2026/08/01,CHB054,WALL_SHELF,W28,NORMAL,1.00,1.30,150.00,220.00,3.30
2026/08/01,CHB054,WALL_SHELF,W29,NORMAL,1.00,1.30,150.00,220.00,3.30
2026/08/01,CHB054,WALL_SHELF,W30,NORMAL,1.00,1.30,150.00,220.00,3.30
2026/08/01,CHB054,WALL_SHELF,W31,NORMAL,1.00,1.30,150.00,220.00,3.30
2026/08/01,CHB054,WALL_SHELF,W32,NORMAL,1.00,1.30,150.00,220.00,3.30
2026/08/01,CHB054,WALL_SHELF,W33,NORMAL,1.00,1.30,150.00,220.00,3.30
2026/08/01,CHB054,WALL_SHELF,W34,NORMAL,1.00,1.30,150.00,220.00,3.30
2026/08/01,CHB054,WALL_SHELF,W35,NORMAL,1.00,1.30,150.00,220.00,3.30
2026/08/01,CHB058,GONDOLA,G1,NORMAL,1.00,1.30,70.00,120.00,0.84
2026/08/01,CHB058,GONDOLA,G2,NORMAL,1.00,1.30,120.00,120.00,1.44
2026/08/01,CHB058,GONDOLA,G3,NORMAL,1.00,1.30,120.00,120.00,1.44
2026/08/01,CHB058,GONDOLA,G4,NORMAL,1.00,1.30,70.00,120.00,0.84
2026/08/01,CHB058,GONDOLA,G5,NORMAL,1.00,1.30,70.00,120.00,0.84
2026/08/01,CHB058,GONDOLA,G6,NORMAL,1.00,1.30,120.00,120.00,1.44
2026/08/01,CHB058,GONDOLA,G7,NORMAL,1.00,1.30,120.00,120.00,1.44
2026/08/01,CHB058,GONDOLA,G8,NORMAL,1.00,1.30,120.00,120.00,1.44
2026/08/01,CHB058,GONDOLA,G9,NORMAL,1.00,1.30,120.00,120.00,1.44
2026/08/01,CHB058,GONDOLA,G10,NORMAL,1.00,1.30,70.00,120.00,0.84
2026/08/01,CHB058,GONDOLA,G11,NORMAL,1.00,1.30,70.00,120.00,0.84
2026/08/01,CHB058,GONDOLA,G12,NORMAL,1.00,1.30,120.00,120.00,1.44
2026/08/01,CHB058,GONDOLA,G13,NORMAL,1.00,1.30,120.00,120.00,1.44
2026/08/01,CHB058,GONDOLA,G14,NORMAL,1.00,1.30,120.00,120.00,1.44
2026/08/01,CHB058,GONDOLA,G15,NORMAL,1.00,1.30,120.00,120.00,1.44
2026/08/01,CHB058,GONDOLA,G16,NORMAL,1.00,1.30,70.00,120.00,0.84
2026/08/01,CHB058,GONDOLA,G17,NORMAL,1.00,1.30,70.00,120.00,0.84
2026/08/01,CHB058,GONDOLA,G18,NORMAL,1.00,1.30,120.00,120.00,1.44
2026/08/01,CHB058,GONDOLA,G19,NORMAL,1.00,1.30,120.00,120.00,1.44
2026/08/01,CHB058,GONDOLA,G20,NORMAL,1.00,1.30,120.00,120.00,1.44
2026/08/01,CHB058,GONDOLA,G21,NORMAL,1.00,1.30,120.00,120.00,1.44
2026/08/01,CHB058,GONDOLA,G22,NORMAL,1.00,1.30,70.00,120.00,0.84
2026/08/01,CHB058,GONDOLA,G23,NORMAL,1.00,1.30,70.00,120.00,0.84
2026/08/01,CHB058,GONDOLA,G24,NORMAL,1.00,1.30,120.00,120.00,1.44
2026/08/01,CHB058,GONDOLA,G25,NORMAL,1.00,1.30,120.00,120.00,1.44
2026/08/01,CHB058,GONDOLA,G26,NORMAL,1.00,1.30,70.00,120.00,0.84
2026/08/01,CHB058,GONDOLA,G27,NORMAL,1.00,1.30,70.00,120.00,0.84
2026/08/01,CHB058,GONDOLA,G28,NORMAL,1.00,1.30,120.00,120.00,1.44
2026/08/01,CHB058,GONDOLA,G29,NORMAL,1.00,1.30,120.00,120.00,1.44
2026/08/01,CHB058,GONDOLA,G30,NORMAL,1.00,1.30,120.00,120.00,1.44
2026/08/01,CHB058,GONDOLA,G31,NORMAL,1.00,1.30,120.00,120.00,1.44
2026/08/01,CHB058,GONDOLA,G32,NORMAL,1.00,1.30,70.00,120.00,0.84
2026/08/01,CHB058,GONDOLA,G33,NORMAL,1.00,1.30,70.00,120.00,0.84
2026/08/01,CHB058,GONDOLA,G34,NORMAL,1.00,1.30,120.00,120.00,1.44
2026/08/01,CHB058,GONDOLA,G35,NORMAL,1.00,1.30,120.00,120.00,1.44
2026/08/01,CHB058,GONDOLA,G36,NORMAL,1.00,1.30,120.00,120.00,1.44
2026/08/01,CHB058,GONDOLA,G37,NORMAL,1.00,1.30,120.00,120.00,1.44
2026/08/01,CHB058,GONDOLA,G38,NORMAL,1.00,1.30,70.00,120.00,0.84
2026/08/01,CHB058,GONDOLA,G39,NORMAL,1.00,1.30,70.00,120.00,0.84
2026/08/01,CHB058,GONDOLA,G40,NORMAL,1.00,1.30,120.00,120.00,1.44
2026/08/01,CHB058,GONDOLA,G41,NORMAL,1.00,1.30,120.00,120.00,1.44
2026/08/01,CHB058,GONDOLA,G42,NORMAL,1.00,1.30,70.00,120.00,0.84
2026/08/01,CHB058,GONDOLA,G43,NORMAL,1.00,1.30,70.00,120.00,0.84
2026/08/01,CHB058,GONDOLA,G44,NORMAL,1.00,1.30,120.00,120.00,1.44
2026/08/01,CHB058,GONDOLA,G45,NORMAL,1.00,1.30,120.00,120.00,1.44
2026/08/01,CHB058,GONDOLA,G46,NORMAL,1.00,1.30,120.00,120.00,1.44
2026/08/01,CHB058,GONDOLA,G47,NORMAL,1.00,1.30,120.00,120.00,1.44
2026/08/01,CHB058,GONDOLA,G48,NORMAL,1.00,1.30,70.00,120.00,0.84
2026/08/01,CHB058,GONDOLA,G49,NORMAL,1.00,1.30,70.00,120.00,0.84
2026/08/01,CHB058,GONDOLA,G50,NORMAL,1.00,1.30,120.00,120.00,1.44
2026/08/01,CHB058,GONDOLA,G51,NORMAL,1.00,1.30,120.00,120.00,1.44
2026/08/01,CHB058,GONDOLA,G52,NORMAL,1.00,1.30,120.00,120.00,1.44
2026/08/01,CHB058,GONDOLA,G53,NORMAL,1.00,1.30,120.00,120.00,1.44
2026/08/01,CHB058,GONDOLA,G54,NORMAL,1.00,1.30,70.00,120.00,0.84
2026/08/01,CHB058,GONDOLA,G55,NORMAL,1.00,1.30,70.00,120.00,0.84
2026/08/01,CHB058,GONDOLA,G56,NORMAL,1.00,1.30,120.00,120.00,1.44
2026/08/01,CHB058,GONDOLA,G57,NORMAL,1.00,1.30,120.00,120.00,1.44
2026/08/01,CHB058,GONDOLA,G58,NORMAL,1.00,1.30,120.00,120.00,1.44
2026/08/01,CHB058,GONDOLA,G59,NORMAL,1.00,1.30,120.00,120.00,1.44
2026/08/01,CHB058,GONDOLA,G60,NORMAL,1.00,1.30,70.00,120.00,0.84
2026/08/01,CHB058,GONDOLA,G61,NORMAL,1.00,1.30,70.00,120.00,0.84
2026/08/01,CHB058,GONDOLA,G62,NORMAL,1.00,1.30,120.00,120.00,1.44
2026/08/01,CHB058,GONDOLA,G63,NORMAL,1.00,1.30,120.00,120.00,1.44
2026/08/01,CHB058,GONDOLA,G64,NORMAL,1.00,1.30,70.00,120.00,0.84
2026/08/01,CHB058,GONDOLA,G65,NORMAL,1.00,1.30,70.00,120.00,0.84
2026/08/01,CHB058,GONDOLA,G66,NORMAL,1.00,1.30,120.00,120.00,1.44
2026/08/01,CHB058,GONDOLA,G67,NORMAL,1.00,1.30,120.00,120.00,1.44
2026/08/01,CHB058,GONDOLA,G68,NORMAL,1.00,1.30,120.00,120.00,1.44
2026/08/01,CHB058,GONDOLA,G69,NORMAL,1.00,1.30,120.00,120.00,1.44
2026/08/01,CHB058,GONDOLA,G70,NORMAL,1.00,1.30,70.00,120.00,0.84
2026/08/01,CHB058,GONDOLA,G71,NORMAL,1.00,1.30,70.00,120.00,0.84
2026/08/01,CHB058,GONDOLA,G72,NORMAL,1.00,1.30,120.00,120.00,1.44
2026/08/01,CHB058,GONDOLA,G73,NORMAL,1.00,1.30,120.00,120.00,1.44
2026/08/01,CHB058,GONDOLA,G74,NORMAL,1.00,1.30,120.00,120.00,1.44
2026/08/01,CHB058,GONDOLA,G75,NORMAL,1.00,1.30,120.00,120.00,1.44
2026/08/01,CHB058,GONDOLA,G76,NORMAL,1.00,1.30,70.00,120.00,0.84
2026/08/01,CHB058,GONDOLA,G77,NORMAL,1.00,1.30,70.00,120.00,0.84
2026/08/01,CHB058,GONDOLA,G78,NORMAL,1.00,1.30,120.00,120.00,1.44
2026/08/01,CHB058,GONDOLA,G79,NORMAL,1.00,1.30,120.00,120.00,1.44
2026/08/01,CHB058,GONDOLA,G80,NORMAL,1.00,1.30,120.00,120.00,1.44
2026/08/01,CHB058,GONDOLA,G81,NORMAL,1.00,1.30,120.00,120.00,1.44
2026/08/01,CHB058,GONDOLA,G82,NORMAL,1.00,1.30,70.00,120.00,0.84
2026/08/01,CHB058,GONDOLA,GP1,HOT&NEW,1.00,1.30,70.00,120.00,0.84
2026/08/01,CHB058,GONDOLA,GP2,HOT&NEW,1.00,1.30,70.00,120.00,0.84
2026/08/01,CHB058,ISLAND_DISPLAY,IP1,PROMOTION,1.00,1.00,280.00,100.00,2.80
2026/08/01,CHB058,ISLAND_DISPLAY,IP2,PROMOTION,1.00,1.00,280.00,100.00,2.80
2026/08/01,CHB058,PALLET_DISPLAY,P1,NORMAL,1.00,1.00,280.00,100.00,2.80
2026/08/01,CHB058,PALLET_DISPLAY,P2,NORMAL,1.00,1.00,280.00,100.00,2.80
2026/08/01,CHB058,PALLET_DISPLAY,P3,NORMAL,1.00,1.00,280.00,100.00,2.80
2026/08/01,CHB058,CASHIER_COUNTER,CASHIER_FRONT,NORMAL,1.00,1.80,105.00,120.00,1.26
2026/08/01,CHB058,CASHIER_COUNTER,CASHIER_BACK,NORMAL,1.00,1.80,150.00,120.00,1.80
2026/08/01,CHB058,WALL_SHELF,W1,NORMAL,1.00,1.30,120.00,220.00,2.64
2026/08/01,CHB058,WALL_SHELF,W2,NORMAL,1.00,1.30,90.00,220.00,1.98
2026/08/01,CHB058,WALL_SHELF,W3,NORMAL,1.00,1.30,120.00,220.00,2.64
2026/08/01,CHB058,WALL_SHELF,W4,NORMAL,1.00,1.30,120.00,220.00,2.64
2026/08/01,CHB058,WALL_SHELF,W5,NORMAL,1.00,1.30,120.00,220.00,2.64
2026/08/01,CHB058,WALL_SHELF,W6,NORMAL,1.00,1.30,120.00,220.00,2.64
2026/08/01,CHB058,WALL_SHELF,W7,NORMAL,1.00,1.30,120.00,220.00,2.64
2026/08/01,CHB058,WALL_SHELF,W8,NORMAL,1.00,1.30,90.00,220.00,1.98
2026/08/01,CHB058,WALL_SHELF,W9,NORMAL,1.00,1.30,120.00,220.00,2.64
2026/08/01,CHB058,WALL_SHELF,W10,NORMAL,1.00,1.30,120.00,220.00,2.64
2026/08/01,CHB058,WALL_SHELF,W11,NORMAL,1.00,1.30,120.00,220.00,2.64
2026/08/01,CHB058,WALL_SHELF,W12,NORMAL,1.00,1.30,120.00,220.00,2.64
2026/08/01,CHB058,WALL_SHELF,W13,NORMAL,1.00,1.30,120.00,220.00,2.64
2026/08/01,CHB058,WALL_SHELF,W14,NORMAL,1.00,1.30,90.00,220.00,1.98
2026/08/01,CHB058,WALL_SHELF,W15,NORMAL,1.00,1.30,120.00,220.00,2.64
2026/08/01,CHB058,WALL_SHELF,W16,NORMAL,1.00,1.30,120.00,220.00,2.64
2026/08/01,CHB058,WALL_SHELF,W17,NORMAL,1.00,1.30,120.00,220.00,2.64
2026/08/01,CHB058,WALL_SHELF,W18,NORMAL,1.00,1.30,120.00,220.00,2.64
2026/08/01,CHB058,WALL_SHELF,W19,NORMAL,1.00,1.30,120.00,220.00,2.64
2026/08/01,CHB058,WALL_SHELF,W20,NORMAL,1.00,1.30,120.00,220.00,2.64
2026/08/01,CHB058,WALL_SHELF,W21,NORMAL,1.00,1.30,120.00,220.00,2.64
2026/08/01,CHB058,WALL_SHELF,W22,NORMAL,1.00,1.30,120.00,220.00,2.64
2026/08/01,CHB058,WALL_SHELF,W23,NORMAL,1.00,1.30,120.00,220.00,2.64
2026/08/01,CHB058,WALL_SHELF,W24,NORMAL,1.00,1.30,120.00,220.00,2.64
2026/08/01,CHB058,WALL_SHELF,W25,NORMAL,1.00,1.30,120.00,220.00,2.64
2026/08/01,CHB058,WALL_SHELF,W26,NORMAL,1.00,1.30,120.00,220.00,2.64
2026/08/01,CHB058,WALL_SHELF,W27,NORMAL,1.00,1.30,120.00,220.00,2.64
2026/08/01,CHB058,WALL_SHELF,W28,NORMAL,1.00,1.30,120.00,220.00,2.64
2026/08/01,CHB058,WALL_SHELF,W29,NORMAL,1.00,1.30,120.00,220.00,2.64
2026/08/01,CHB058,WALL_SHELF,W30,NORMAL,1.00,1.30,120.00,220.00,2.64
2026/08/01,CHB058,WALL_SHELF,W31,NORMAL,1.00,1.30,120.00,220.00,2.64
2026/08/01,CHB058,WALL_SHELF,W32,NORMAL,1.00,1.30,120.00,220.00,2.64
2026/08/01,CHB058,WALL_SHELF,WH1,NORMAL,1.00,1.30,150.00,220.00,3.30
2026/08/01,CHB058,WALL_SHELF,WH2,NORMAL,1.00,1.30,150.00,220.00,3.30
2026/08/01,CHB058,WALL_SHELF,WH3,NORMAL,1.00,1.30,150.00,220.00,3.30
2026/08/01,CHB058,WALL_SHELF,WH4,NORMAL,1.00,1.30,150.00,220.00,3.30
2026/08/01,CHB060,GONDOLA,G1,NORMAL,1.00,1.30,70.00,120.00,0.84
2026/08/01,CHB060,GONDOLA,G2,NORMAL,1.00,1.30,120.00,120.00,1.44
2026/08/01,CHB060,GONDOLA,G3,NORMAL,1.00,1.30,120.00,120.00,1.44
2026/08/01,CHB060,GONDOLA,G4,NORMAL,1.00,1.30,120.00,120.00,1.44
2026/08/01,CHB060,GONDOLA,G5,NORMAL,1.00,1.30,120.00,120.00,1.44
2026/08/01,CHB060,GONDOLA,G6,NORMAL,1.00,1.30,70.00,120.00,0.84
2026/08/01,CHB060,GONDOLA,G7,NORMAL,1.00,1.30,70.00,120.00,0.84
2026/08/01,CHB060,GONDOLA,G8,NORMAL,1.00,1.30,120.00,120.00,1.44
2026/08/01,CHB060,GONDOLA,G9,NORMAL,1.00,1.30,120.00,120.00,1.44
2026/08/01,CHB060,GONDOLA,G10,NORMAL,1.00,1.30,120.00,120.00,1.44
2026/08/01,CHB060,GONDOLA,G11,NORMAL,1.00,1.30,120.00,120.00,1.44
2026/08/01,CHB060,GONDOLA,G12,NORMAL,1.00,1.30,120.00,120.00,1.44
2026/08/01,CHB060,GONDOLA,G13,NORMAL,1.00,1.30,120.00,120.00,1.44
2026/08/01,CHB060,GONDOLA,G14,NORMAL,1.00,1.30,70.00,120.00,0.84
2026/08/01,CHB060,GONDOLA,G15,NORMAL,1.00,1.30,120.00,120.00,1.44
2026/08/01,CHB060,GONDOLA,G16,NORMAL,1.00,1.30,120.00,120.00,1.44
2026/08/01,CHB060,GONDOLA,G17,NORMAL,1.00,1.30,120.00,120.00,1.44
2026/08/01,CHB060,GONDOLA,G18,NORMAL,1.00,1.30,120.00,120.00,1.44
2026/08/01,CHB060,GONDOLA,G19,NORMAL,1.00,1.30,70.00,120.00,0.84
2026/08/01,CHB060,GONDOLA,G20,NORMAL,1.00,1.30,70.00,120.00,0.84
2026/08/01,CHB060,GONDOLA,G21,NORMAL,1.00,1.30,120.00,120.00,1.44
2026/08/01,CHB060,GONDOLA,G22,NORMAL,1.00,1.30,120.00,120.00,1.44
2026/08/01,CHB060,GONDOLA,G23,NORMAL,1.00,1.30,70.00,120.00,0.84
2026/08/01,CHB060,GONDOLA,G24,NORMAL,1.00,1.30,70.00,120.00,0.84
2026/08/01,CHB060,GONDOLA,G25,NORMAL,1.00,1.30,120.00,120.00,1.44
2026/08/01,CHB060,GONDOLA,G26,NORMAL,1.00,1.30,120.00,120.00,1.44
2026/08/01,CHB060,GONDOLA,G27,NORMAL,1.00,1.30,70.00,120.00,0.84
2026/08/01,CHB060,GONDOLA,G28,NORMAL,1.00,1.30,70.00,120.00,0.84
2026/08/01,CHB060,GONDOLA,G29,NORMAL,1.00,1.30,120.00,120.00,1.44
2026/08/01,CHB060,GONDOLA,G30,NORMAL,1.00,1.30,120.00,120.00,1.44
2026/08/01,CHB060,GONDOLA,G31,NORMAL,1.00,1.30,70.00,120.00,0.84
2026/08/01,CHB060,GONDOLA,G32,NORMAL,1.00,1.30,70.00,120.00,0.84
2026/08/01,CHB060,GONDOLA,G33,NORMAL,1.00,1.30,120.00,120.00,1.44
2026/08/01,CHB060,GONDOLA,G34,NORMAL,1.00,1.30,120.00,120.00,1.44
2026/08/01,CHB060,GONDOLA,G35,NORMAL,1.00,1.30,120.00,120.00,1.44
2026/08/01,CHB060,GONDOLA,G36,NORMAL,1.00,1.30,120.00,120.00,1.44
2026/08/01,CHB060,GONDOLA,G37,NORMAL,1.00,1.30,120.00,120.00,1.44
2026/08/01,CHB060,GONDOLA,G38,NORMAL,1.00,1.30,120.00,120.00,1.44
2026/08/01,CHB060,ISLAND_DISPLAY,IP1,PROMOTION,1.00,1.00,280.00,100.00,2.80
2026/08/01,CHB060,PALLET_DISPLAY,P1,NORMAL,1.00,1.30,600.00,100.00,6.00
2026/08/01,CHB060,CASHIER_COUNTER,CASHIER_FRONT,NORMAL,1.00,1.80,150.00,120.00,1.80
2026/08/01,CHB060,TREE_DISPLAY,TREE_PLAYDOH,NORMAL,1.00,1.00,157.00,50.00,0.79
2026/08/01,CHB060,TREE_SIKU,TREE_SIKU,NORMAL,1.00,1.11,120.00,100.00,1.20
2026/08/01,CHB060,TREE_SIKU,TREE_HW,NORMAL,1.00,1.11,120.00,100.00,1.20
2026/08/01,CHB060,WALL_SHELF,W1,NORMAL,1.00,1.30,90.00,220.00,1.98
2026/08/01,CHB060,WALL_SHELF,W2,NORMAL,1.00,1.30,120.00,220.00,2.64
2026/08/01,CHB060,WALL_SHELF,W3,NORMAL,1.00,1.30,120.00,220.00,2.64
2026/08/01,CHB060,WALL_SHELF,W4,NORMAL,1.00,1.30,120.00,220.00,2.64
2026/08/01,CHB060,WALL_SHELF,W5,NORMAL,1.00,1.30,120.00,220.00,2.64
2026/08/01,CHB060,WALL_SHELF,W6,NORMAL,1.00,1.30,120.00,220.00,2.64
2026/08/01,CHB060,WALL_SHELF,W7,NORMAL,1.00,1.30,120.00,220.00,2.64
2026/08/01,CHB060,WALL_SHELF,W8,NORMAL,1.00,1.30,120.00,220.00,2.64
2026/08/01,CHB060,WALL_SHELF,W9,NORMAL,1.00,1.30,90.00,220.00,1.98
2026/08/01,CHB060,WALL_SHELF,W10,NORMAL,1.00,1.30,120.00,220.00,2.64
2026/08/01,CHB060,WALL_SHELF,W11,NORMAL,1.00,1.30,120.00,220.00,2.64
2026/08/01,CHB060,WALL_SHELF,W12,NORMAL,1.00,1.30,120.00,220.00,2.64
2026/08/01,CHB060,WALL_SHELF,W13,NORMAL,1.00,1.30,120.00,220.00,2.64
2026/08/01,CHB060,WALL_SHELF,W14,NORMAL,1.00,1.30,120.00,220.00,2.64
2026/08/01,CHB060,WALL_SHELF,W15,NORMAL,1.00,1.30,120.00,220.00,2.64
2026/08/01,CHB060,WALL_SHELF,W16,NORMAL,1.00,1.30,90.00,220.00,1.98
2026/08/01,CHB060,WALL_SHELF,W17,NORMAL,1.00,1.30,90.00,220.00,1.98
2026/08/01,CHB060,WALL_SHELF,W18,NORMAL,1.00,1.30,90.00,220.00,1.98
2026/08/01,CHB060,WALL_SHELF,W19,NORMAL,1.00,1.30,120.00,220.00,2.64
2026/08/01,CHB060,WALL_SHELF,W20,NORMAL,1.00,1.30,120.00,220.00,2.64
2026/08/01,CHB060,WALL_SHELF,W21,NORMAL,1.00,1.30,120.00,220.00,2.64
2026/08/01,CHB060,WALL_SHELF,W22,NORMAL,1.00,1.30,120.00,220.00,2.64
2026/08/01,CHB060,WALL_SHELF,W23,NORMAL,1.00,1.30,120.00,220.00,2.64
2026/08/01,CHB060,WALL_SHELF,W24,NORMAL,1.00,1.30,120.00,220.00,2.64
2026/08/01,CHB060,WALL_SHELF,W25,NORMAL,1.00,1.30,120.00,220.00,2.64
2026/08/01,CHB061,GONDOLA,G1,NORMAL,1.00,1.30,70.00,120.00,0.84
2026/08/01,CHB061,GONDOLA,G2,NORMAL,1.00,1.30,120.00,120.00,1.44
2026/08/01,CHB061,GONDOLA,G3,NORMAL,1.00,1.30,120.00,120.00,1.44
2026/08/01,CHB061,GONDOLA,G4,NORMAL,1.00,1.30,120.00,120.00,1.44
2026/08/01,CHB061,GONDOLA,G5,NORMAL,1.00,1.30,120.00,120.00,1.44
2026/08/01,CHB061,GONDOLA,G6,NORMAL,1.00,1.30,70.00,120.00,0.84
2026/08/01,CHB061,GONDOLA,G7,NORMAL,1.00,1.30,70.00,120.00,0.84
2026/08/01,CHB061,GONDOLA,G8,NORMAL,1.00,1.30,120.00,120.00,1.44
2026/08/01,CHB061,GONDOLA,G9,NORMAL,1.00,1.30,120.00,120.00,1.44
2026/08/01,CHB061,GONDOLA,G10,NORMAL,1.00,1.30,120.00,120.00,1.44
2026/08/01,CHB061,GONDOLA,G11,NORMAL,1.00,1.30,120.00,120.00,1.44
2026/08/01,CHB061,GONDOLA,G12,NORMAL,1.00,1.30,70.00,120.00,0.84
2026/08/01,CHB061,GONDOLA,G13,NORMAL,1.00,1.30,70.00,120.00,0.84
2026/08/01,CHB061,GONDOLA,G14,NORMAL,1.00,1.30,120.00,120.00,1.44
2026/08/01,CHB061,GONDOLA,G15,NORMAL,1.00,1.30,120.00,120.00,1.44
2026/08/01,CHB061,GONDOLA,G16,NORMAL,1.00,1.30,70.00,120.00,0.84
2026/08/01,CHB061,GONDOLA,G17,NORMAL,1.00,1.30,70.00,120.00,0.84
2026/08/01,CHB061,GONDOLA,G18,NORMAL,1.00,1.30,120.00,120.00,1.44
2026/08/01,CHB061,GONDOLA,G19,NORMAL,1.00,1.30,120.00,120.00,1.44
2026/08/01,CHB061,GONDOLA,G20,NORMAL,1.00,1.30,120.00,120.00,1.44
2026/08/01,CHB061,GONDOLA,G21,NORMAL,1.00,1.30,120.00,120.00,1.44
2026/08/01,CHB061,GONDOLA,GP22,HOT&NEW,1.00,1.30,70.00,120.00,0.84
2026/08/01,CHB061,GONDOLA,GP23,HOT&NEW,1.00,1.30,70.00,120.00,0.84
2026/08/01,CHB061,GONDOLA,G24,NORMAL,1.00,1.30,70.00,120.00,0.84
2026/08/01,CHB061,GONDOLA,G25,NORMAL,1.00,1.30,120.00,120.00,1.44
2026/08/01,CHB061,GONDOLA,G26,NORMAL,1.00,1.30,120.00,120.00,1.44
2026/08/01,CHB061,GONDOLA,G27,NORMAL,1.00,1.30,120.00,120.00,1.44
2026/08/01,CHB061,GONDOLA,G28,NORMAL,1.00,1.30,120.00,120.00,1.44
2026/08/01,CHB061,GONDOLA,G29,NORMAL,1.00,1.30,70.00,120.00,0.84
2026/08/01,CHB061,GONDOLA,G30,NORMAL,1.00,1.30,70.00,120.00,0.84
2026/08/01,CHB061,GONDOLA,G31,NORMAL,1.00,1.30,120.00,120.00,1.44
2026/08/01,CHB061,GONDOLA,G32,NORMAL,1.00,1.30,120.00,120.00,1.44
2026/08/01,CHB061,GONDOLA,G33,NORMAL,1.00,1.30,120.00,120.00,1.44
2026/08/01,CHB061,GONDOLA,G34,NORMAL,1.00,1.30,120.00,120.00,1.44
2026/08/01,CHB061,GONDOLA,G35,NORMAL,1.00,1.30,70.00,120.00,0.84
2026/08/01,CHB061,GONDOLA,GP36,HOT&NEW,1.00,1.30,70.00,120.00,0.84
2026/08/01,CHB061,GONDOLA,G37,NORMAL,1.00,1.30,70.00,120.00,0.84
2026/08/01,CHB061,GONDOLA,G38,NORMAL,1.00,1.30,120.00,120.00,1.44
2026/08/01,CHB061,GONDOLA,G39,NORMAL,1.00,1.30,120.00,120.00,1.44
2026/08/01,CHB061,GONDOLA,G40,NORMAL,1.00,1.30,120.00,120.00,1.44
2026/08/01,CHB061,GONDOLA,G41,NORMAL,1.00,1.30,120.00,120.00,1.44
2026/08/01,CHB061,GONDOLA,G42,NORMAL,1.00,1.30,70.00,120.00,0.84
2026/08/01,CHB061,GONDOLA,G43,NORMAL,1.00,1.30,70.00,120.00,0.84
2026/08/01,CHB061,GONDOLA,G44,NORMAL,1.00,1.30,120.00,120.00,1.44
2026/08/01,CHB061,GONDOLA,G45,NORMAL,1.00,1.30,120.00,120.00,1.44
2026/08/01,CHB061,GONDOLA,G46,NORMAL,1.00,1.30,120.00,120.00,1.44
2026/08/01,CHB061,GONDOLA,G47,NORMAL,1.00,1.30,120.00,120.00,1.44
2026/08/01,CHB061,GONDOLA,G48,NORMAL,1.00,1.30,70.00,120.00,0.84
2026/08/01,CHB061,GONDOLA,G49,NORMAL,1.00,1.30,70.00,120.00,0.84
2026/08/01,CHB061,GONDOLA,G50,NORMAL,1.00,1.30,120.00,120.00,1.44
2026/08/01,CHB061,GONDOLA,G51,NORMAL,1.00,1.30,120.00,120.00,1.44
2026/08/01,CHB061,GONDOLA,G52,NORMAL,1.00,1.30,120.00,120.00,1.44
2026/08/01,CHB061,GONDOLA,G53,NORMAL,1.00,1.30,120.00,120.00,1.44
2026/08/01,CHB061,GONDOLA,G54,NORMAL,1.00,1.30,120.00,120.00,1.44
2026/08/01,CHB061,GONDOLA,G55,NORMAL,1.00,1.30,120.00,120.00,1.44
2026/08/01,CHB061,GONDOLA,G56,NORMAL,1.00,1.30,70.00,120.00,0.84
2026/08/01,CHB061,GONDOLA,G57,NORMAL,1.00,1.30,70.00,120.00,0.84
2026/08/01,CHB061,GONDOLA,G58,NORMAL,1.00,1.30,120.00,120.00,1.44
2026/08/01,CHB061,GONDOLA,G59,NORMAL,1.00,1.30,120.00,120.00,1.44
2026/08/01,CHB061,GONDOLA,G60,NORMAL,1.00,1.30,120.00,120.00,1.44
2026/08/01,CHB061,GONDOLA,G61,NORMAL,1.00,1.30,120.00,120.00,1.44
2026/08/01,CHB061,GONDOLA,G62,NORMAL,1.00,1.30,70.00,120.00,0.84
2026/08/01,CHB061,ISLAND_DISPLAY,IP1,PROMOTION,1.00,1.00,280.00,100.00,2.80
2026/08/01,CHB061,ISLAND_DISPLAY,IP2,PROMOTION,1.00,1.00,280.00,100.00,2.80
2026/08/01,CHB061,ISLAND_DISPLAY,IP3,PROMOTION,1.00,1.00,280.00,100.00,2.80
2026/08/01,CHB061,PALLET_DISPLAY,P1,NORMAL,1.00,1.00,280.00,100.00,2.80
2026/08/01,CHB061,PALLET_DISPLAY,P2,NORMAL,1.00,1.00,280.00,100.00,2.80
2026/08/01,CHB061,PALLET_DISPLAY,P3,NORMAL,1.00,1.00,280.00,100.00,2.80
2026/08/01,CHB061,PALLET_DISPLAY,P4,NORMAL,1.00,1.00,280.00,100.00,2.80
2026/08/01,CHB061,PALLET_DISPLAY,P5,NORMAL,1.00,1.00,280.00,100.00,2.80
2026/08/01,CHB061,PALLET_DISPLAY,P6,NORMAL,1.00,1.00,280.00,100.00,2.80
2026/08/01,CHB061,TREE_DISPLAY,TREE_PLAYDOH,NORMAL,1.00,1.00,157.00,50.00,0.79
2026/08/01,CHB061,TREE_SIKU,TREE_SIKU,NORMAL,1.00,1.11,120.00,100.00,1.20
2026/08/01,CHB061,TREE_SIKU,TREE_HW,NORMAL,1.00,1.11,120.00,100.00,1.20
2026/08/01,CHB061,CASHIER_COUNTER,CASHIER_FRONT,NORMAL,1.00,1.80,150.00,120.00,1.80
2026/08/01,CHB061,CASHIER_COUNTER,CASHIER_BACK,NORMAL,1.00,1.80,150.00,120.00,1.80
2026/08/01,CHB061,WALL_SHELF,W1,NORMAL,1.00,1.30,120.00,220.00,2.64
2026/08/01,CHB061,WALL_SHELF,W2,NORMAL,1.00,1.30,120.00,220.00,2.64
2026/08/01,CHB061,WALL_SHELF,W3,NORMAL,1.00,1.30,120.00,220.00,2.64
2026/08/01,CHB061,WALL_SHELF,W4,NORMAL,1.00,1.30,120.00,220.00,2.64
2026/08/01,CHB061,WALL_SHELF,W5,NORMAL,1.00,1.30,120.00,220.00,2.64
2026/08/01,CHB061,WALL_SHELF,W6,NORMAL,1.00,1.30,120.00,220.00,2.64
2026/08/01,CHB061,WALL_SHELF,W7,NORMAL,1.00,1.30,120.00,220.00,2.64
2026/08/01,CHB061,WALL_SHELF,W8,NORMAL,1.00,1.30,120.00,220.00,2.64
2026/08/01,CHB061,WALL_SHELF,W9,NORMAL,1.00,1.30,120.00,220.00,2.64
2026/08/01,CHB061,WALL_SHELF,W10,NORMAL,1.00,1.30,120.00,220.00,2.64
2026/08/01,CHB061,WALL_SHELF,W11,NORMAL,1.00,1.30,120.00,220.00,2.64
2026/08/01,CHB061,WALL_SHELF,W12,NORMAL,1.00,1.30,120.00,220.00,2.64
2026/08/01,CHB061,WALL_SHELF,W13,NORMAL,1.00,1.30,120.00,220.00,2.64
2026/08/01,CHB061,WALL_SHELF,W14,NORMAL,1.00,1.30,120.00,220.00,2.64
2026/08/01,CHB061,WALL_SHELF,W15,NORMAL,1.00,1.30,120.00,220.00,2.64
2026/08/01,CHB061,WALL_SHELF,W16,NORMAL,1.00,1.30,120.00,220.00,2.64
2026/08/01,CHB061,WALL_SHELF,W17,NORMAL,1.00,1.30,120.00,220.00,2.64
2026/08/01,CHB061,WALL_SHELF,W18,NORMAL,1.00,1.30,120.00,220.00,2.64
2026/08/01,CHB061,WALL_SHELF,W19,NORMAL,1.00,1.30,120.00,220.00,2.64
2026/08/01,CHB061,WALL_SHELF,W20,NORMAL,1.00,1.30,120.00,220.00,2.64
2026/08/01,CHB061,WALL_SHELF,W21,NORMAL,1.00,1.30,120.00,220.00,2.64
2026/08/01,CHB061,WALL_SHELF,W22,NORMAL,1.00,1.30,120.00,220.00,2.64
2026/08/01,CHB061,WALL_SHELF,W23,NORMAL,1.00,1.30,120.00,220.00,2.64
2026/08/01,CHB061,WALL_SHELF,W24,NORMAL,1.00,1.30,120.00,220.00,2.64
2026/08/01,CHB061,WALL_SHELF,W25,NORMAL,1.00,1.30,120.00,220.00,2.64
2026/08/01,CHB061,WALL_SHELF,W26,NORMAL,1.00,1.30,120.00,220.00,2.64
2026/08/01,CHB061,WALL_SHELF,W27,NORMAL,1.00,1.30,120.00,220.00,2.64
2026/08/01,CHB061,WALL_SHELF,W28,NORMAL,1.00,1.30,120.00,220.00,2.64
2026/08/01,CHB061,WALL_SHELF,W29,NORMAL,1.00,1.30,120.00,220.00,2.64
2026/08/01,CHB061,WALL_SHELF,W30,NORMAL,1.00,1.30,120.00,220.00,2.64
2026/08/01,CHB061,WALL_SHELF,W31,NORMAL,1.00,1.30,120.00,220.00,2.64
2026/08/01,CHB061,WALL_SHELF,W32,NORMAL,1.00,1.30,120.00,220.00,2.64
2026/08/01,CHB061,WALL_SHELF,W33,NORMAL,1.00,1.30,120.00,220.00,2.64
2026/08/01,CHB096,GONDOLA,G3,NORMAL,1.00,1.30,70.00,120.00,0.84
2026/08/01,CHB096,GONDOLA,G4,NORMAL,1.00,1.30,120.00,120.00,1.44
2026/08/01,CHB096,GONDOLA,G5,NORMAL,1.00,1.30,120.00,120.00,1.44
2026/08/01,CHB096,GONDOLA,G6,NORMAL,1.00,1.30,70.00,120.00,0.84
2026/08/01,CHB096,GONDOLA,G7,NORMAL,1.00,1.30,70.00,120.00,0.84
2026/08/01,CHB096,GONDOLA,G8,NORMAL,1.00,1.30,120.00,120.00,1.44
2026/08/01,CHB096,GONDOLA,G9,NORMAL,1.00,1.30,120.00,120.00,1.44
2026/08/01,CHB096,GONDOLA,G10,NORMAL,1.00,1.30,120.00,120.00,1.44
2026/08/01,CHB096,GONDOLA,G11,NORMAL,1.00,1.30,120.00,120.00,1.44
2026/08/01,CHB096,GONDOLA,G12,NORMAL,1.00,1.30,70.00,120.00,0.84
2026/08/01,CHB096,GONDOLA,G13,NORMAL,1.00,1.30,70.00,120.00,0.84
2026/08/01,CHB096,GONDOLA,G14,NORMAL,1.00,1.30,120.00,120.00,1.44
2026/08/01,CHB096,GONDOLA,G15,NORMAL,1.00,1.30,120.00,120.00,1.44
2026/08/01,CHB096,GONDOLA,G16,NORMAL,1.00,1.30,70.00,120.00,0.84
2026/08/01,CHB096,GONDOLA,G17,NORMAL,1.00,1.30,70.00,120.00,0.84
2026/08/01,CHB096,GONDOLA,G18,NORMAL,1.00,1.30,120.00,120.00,1.44
2026/08/01,CHB096,GONDOLA,G19,NORMAL,1.00,1.30,120.00,120.00,1.44
2026/08/01,CHB096,GONDOLA,G20,NORMAL,1.00,1.30,70.00,120.00,0.84
2026/08/01,CHB096,GONDOLA,G21,NORMAL,1.00,1.30,70.00,120.00,0.84
2026/08/01,CHB096,GONDOLA,G22,NORMAL,1.00,1.30,120.00,120.00,1.44
2026/08/01,CHB096,GONDOLA,G23,NORMAL,1.00,1.30,120.00,120.00,1.44
2026/08/01,CHB096,GONDOLA,G24,NORMAL,1.00,1.30,120.00,120.00,1.44
2026/08/01,CHB096,GONDOLA,G25,NORMAL,1.00,1.30,120.00,120.00,1.44
2026/08/01,CHB096,GONDOLA,G26,NORMAL,1.00,1.30,70.00,120.00,0.84
2026/08/01,CHB096,GONDOLA,GP1,HOT&NEW,1.00,1.30,70.00,120.00,0.84
2026/08/01,CHB096,GONDOLA,GP2,HOT&NEW,1.00,1.30,70.00,120.00,0.84
2026/08/01,CHB096,ISLAND_DISPLAY,IP1,PROMOTION,1.00,1.00,280.00,100.00,2.80
2026/08/01,CHB096,PALLET_DISPLAY,P1,NORMAL,1.00,1.00,280.00,100.00,2.80
2026/08/01,CHB096,CASHIER_COUNTER,CASHIER_FRONT,NORMAL,1.00,1.80,150.00,120.00,1.80
2026/08/01,CHB096,WALL_SHELF,W1,NORMAL,1.00,1.30,90.00,220.00,1.98
2026/08/01,CHB096,WALL_SHELF,W2,NORMAL,1.00,1.30,120.00,220.00,2.64
2026/08/01,CHB096,WALL_SHELF,W3,NORMAL,1.00,1.30,120.00,220.00,2.64
2026/08/01,CHB096,WALL_SHELF,W4,NORMAL,1.00,1.30,120.00,220.00,2.64
2026/08/01,CHB096,WALL_SHELF,W5,NORMAL,1.00,1.30,120.00,220.00,2.64
2026/08/01,CHB096,WALL_SHELF,W6,NORMAL,1.00,1.30,120.00,220.00,2.64
2026/08/01,CHB096,WALL_SHELF,W7,NORMAL,1.00,1.30,120.00,220.00,2.64
2026/08/01,CHB096,WALL_SHELF,W8,NORMAL,1.00,1.30,90.00,220.00,1.98
2026/08/01,CHB096,WALL_SHELF,W9,NORMAL,1.00,1.30,120.00,220.00,2.64
2026/08/01,CHB096,WALL_SHELF,W10,NORMAL,1.00,1.30,90.00,220.00,1.98
2026/08/01,CHB096,WALL_SHELF,W11,NORMAL,1.00,1.30,70.00,220.00,1.54
2026/08/01,CHB096,WALL_SHELF,W12,NORMAL,1.00,1.30,120.00,220.00,2.64
2026/08/01,CHB096,WALL_SHELF,W13,NORMAL,1.00,1.30,120.00,220.00,2.64
2026/08/01,CHB096,WALL_SHELF,W14,NORMAL,1.00,1.30,120.00,220.00,2.64
2026/08/01,CHB096,WALL_SHELF,W15,NORMAL,1.00,1.30,120.00,220.00,2.64
2026/08/01,CHB096,WALL_SHELF,W16,NORMAL,1.00,1.30,120.00,220.00,2.64
2026/08/01,CHB096,WALL_SHELF,W17,NORMAL,1.00,1.30,120.00,220.00,2.64
2026/08/01,CHB096,WALL_SHELF,W18,NORMAL,1.00,1.30,120.00,220.00,2.64
2026/08/01,CHB096,WALL_SHELF,W19,NORMAL,1.00,1.30,120.00,220.00,2.64
2026/08/01,CHB096,WALL_SHELF,W20,NORMAL,1.00,1.30,90.00,220.00,1.98
2026/08/01,CHB096,WALL_SHELF,W21,NORMAL,1.00,1.30,120.00,220.00,2.64
2026/08/01,CHB096,WALL_SHELF,W22,NORMAL,1.00,1.30,120.00,220.00,2.64
2026/08/01,CHB096,WALL_SHELF,W23,NORMAL,1.00,1.30,120.00,220.00,2.64
2026/08/01,CHB096,WALL_SHELF,W24,NORMAL,1.00,1.30,120.00,220.00,2.64
2026/08/01,CHB096,WALL_SHELF,W25,NORMAL,1.00,1.30,120.00,220.00,2.64
2026/08/01,CHB096,WALL_SHELF,W26,NORMAL,1.00,1.30,120.00,220.00,2.64
2026/08/01,CHB096,WALL_SHELF,W27,NORMAL,1.00,1.30,120.00,220.00,2.64
2026/08/01,CHB096,WALL_SHELF,W28,NORMAL,1.00,1.30,90.00,220.00,1.98
2026/08/01,CHB097,GONDOLA,G3,NORMAL,1.00,1.30,70.00,120.00,0.84
2026/08/01,CHB097,GONDOLA,G4,NORMAL,1.00,1.30,120.00,120.00,1.44
2026/08/01,CHB097,GONDOLA,G5,NORMAL,1.00,1.30,120.00,120.00,1.44
2026/08/01,CHB097,GONDOLA,G6,NORMAL,1.00,1.30,70.00,120.00,0.84
2026/08/01,CHB097,GONDOLA,G7,NORMAL,1.00,1.30,70.00,120.00,0.84
2026/08/01,CHB097,GONDOLA,G8,NORMAL,1.00,1.30,120.00,120.00,1.44
2026/08/01,CHB097,GONDOLA,G9,NORMAL,1.00,1.30,120.00,120.00,1.44
2026/08/01,CHB097,GONDOLA,G10,NORMAL,1.00,1.30,70.00,120.00,0.84
2026/08/01,CHB097,GONDOLA,G11,NORMAL,1.00,1.30,70.00,120.00,0.84
2026/08/01,CHB097,GONDOLA,G12,NORMAL,1.00,1.30,120.00,120.00,1.44
2026/08/01,CHB097,GONDOLA,G13,NORMAL,1.00,1.30,120.00,120.00,1.44
2026/08/01,CHB097,GONDOLA,G14,NORMAL,1.00,1.30,70.00,120.00,0.84
2026/08/01,CHB097,GONDOLA,G15,NORMAL,1.00,1.30,70.00,120.00,0.84
2026/08/01,CHB097,GONDOLA,G16,NORMAL,1.00,1.30,120.00,120.00,1.44
2026/08/01,CHB097,GONDOLA,G17,NORMAL,1.00,1.30,120.00,120.00,1.44
2026/08/01,CHB097,GONDOLA,G18,NORMAL,1.00,1.30,70.00,120.00,0.84
2026/08/01,CHB097,GONDOLA,GP1,HOT&NEW,1.00,1.30,70.00,120.00,0.84
2026/08/01,CHB097,GONDOLA,GP2,HOT&NEW,1.00,1.30,70.00,120.00,0.84
2026/08/01,CHB097,ISLAND_DISPLAY,IP1,PROMOTION,1.00,1.00,280.00,100.00,2.80
2026/08/01,CHB097,ISLAND_DISPLAY,IP2,PROMOTION,1.00,1.00,280.00,100.00,2.80
2026/08/01,CHB097,PALLET_DISPLAY,P1,NORMAL,1.00,1.00,280.00,100.00,2.80
2026/08/01,CHB097,PALLET_DISPLAY,P2,NORMAL,1.00,1.00,280.00,100.00,2.80
2026/08/01,CHB097,PALLET_DISPLAY,P3,NORMAL,1.00,1.00,280.00,100.00,2.80
2026/08/01,CHB097,CASHIER_COUNTER,CASHIER_FRONT,NORMAL,1.00,1.80,105.00,120.00,1.26
2026/08/01,CHB097,WALL_SHELF,W1,NORMAL,1.00,1.30,120.00,220.00,2.64
2026/08/01,CHB097,WALL_SHELF,W2,NORMAL,1.00,1.30,120.00,220.00,2.64
2026/08/01,CHB097,WALL_SHELF,W3,NORMAL,1.00,1.30,120.00,220.00,2.64
2026/08/01,CHB097,WALL_SHELF,W4,NORMAL,1.00,1.30,120.00,220.00,2.64
2026/08/01,CHB097,WALL_SHELF,W5,NORMAL,1.00,1.30,120.00,220.00,2.64
2026/08/01,CHB097,WALL_SHELF,W6,NORMAL,1.00,1.30,120.00,220.00,2.64
2026/08/01,CHB097,WALL_SHELF,W7,NORMAL,1.00,1.30,120.00,220.00,2.64
2026/08/01,CHB097,WALL_SHELF,W8,NORMAL,1.00,1.30,120.00,220.00,2.64
2026/08/01,CHB097,WALL_SHELF,W9,NORMAL,1.00,1.30,120.00,220.00,2.64
2026/08/01,CHB097,WALL_SHELF,W10,NORMAL,1.00,1.30,120.00,220.00,2.64
2026/08/01,CHB097,WALL_SHELF,W11,NORMAL,1.00,1.30,120.00,220.00,2.64
2026/08/01,CHB097,WALL_SHELF,W12,NORMAL,1.00,1.30,120.00,220.00,2.64
2026/08/01,CHB097,WALL_SHELF,W13,NORMAL,1.00,1.30,120.00,220.00,2.64
2026/08/01,CHB097,WALL_SHELF,W14,NORMAL,1.00,1.30,120.00,220.00,2.64
2026/08/01,CHB097,WALL_SHELF,W15,NORMAL,1.00,1.30,120.00,220.00,2.64
2026/08/01,CHB097,WALL_SHELF,W16,NORMAL,1.00,1.30,120.00,220.00,2.64
2026/08/01,CHB097,WALL_SHELF,W17,NORMAL,1.00,1.30,120.00,220.00,2.64
2026/08/01,CHB097,WALL_SHELF,W18,NORMAL,1.00,1.30,120.00,220.00,2.64
2026/08/01,CHB097,WALL_SHELF,W19,NORMAL,1.00,1.30,120.00,220.00,2.64
2026/08/01,CHB097,WALL_SHELF,W20,NORMAL,1.00,1.30,120.00,220.00,2.64
2026/08/01,CHB097,WALL_SHELF,W21,NORMAL,1.00,1.30,120.00,220.00,2.64
2026/08/01,CHB097,WALL_SHELF,W22,NORMAL,1.00,1.30,120.00,220.00,2.64
2026/08/01,CHB097,WALL_SHELF,W23,NORMAL,1.00,1.30,120.00,220.00,2.64
2026/08/01,CHB097,WALL_SHELF,W24,NORMAL,1.00,1.30,90.00,220.00,1.98
2026/08/01,CHB097,WALL_SHELF,W25,NORMAL,1.00,1.30,120.00,220.00,2.64
2026/08/01,CHB097,WALL_SHELF,W26,NORMAL,1.00,1.30,90.00,220.00,1.98
2026/08/01,CHB097,WALL_SHELF,W27,NORMAL,1.00,1.30,90.00,220.00,1.98
2026/08/01,CHB097,WALL_SHELF,W28,NORMAL,1.00,1.30,120.00,220.00,2.64
2026/08/01,CHB097,WALL_SHELF,W29,NORMAL,1.00,1.30,120.00,220.00,2.64
2026/08/01,CHB097,WALL_SHELF,W30,NORMAL,1.00,1.30,90.00,220.00,1.98
2026/08/01,CHB097,WALL_SHELF,W31,NORMAL,1.00,1.30,90.00,220.00,1.98
2026/08/01,CHB097,WALL_SHELF,W32,NORMAL,1.00,1.30,70.00,220.00,1.54
2026/08/01,CHB097,WALL_SHELF,W33,NORMAL,1.00,1.30,120.00,220.00,2.64
2026/08/01,CHB097,WALL_SHELF,W34,NORMAL,1.00,1.30,90.00,220.00,1.98
2026/08/01,CHB097,WALL_SHELF,W35,NORMAL,1.00,1.30,120.00,220.00,2.64
2026/08/01,CHB097,WALL_SHELF,W36,NORMAL,1.00,1.30,120.00,220.00,2.64
2026/08/01,CHB097,WALL_SHELF,W37,NORMAL,1.00,1.30,90.00,220.00,1.98
2026/08/01,CHB097,WALL_SHELF,W38,NORMAL,1.00,1.30,120.00,220.00,2.64
2026/08/01,CHB097,WALL_SHELF,W39,NORMAL,1.00,1.30,120.00,220.00,2.64
2026/08/01,CHB097,WALL_SHELF,W40,NORMAL,1.00,1.30,120.00,220.00,2.64
2026/08/01,CHB097,WALL_SHELF,W41,NORMAL,1.00,1.30,120.00,220.00,2.64
2026/08/01,CHB097,WALL_SHELF,W42,NORMAL,1.00,1.30,120.00,220.00,2.64
2026/08/01,CHB097,WALL_SHELF,W43,NORMAL,1.00,1.30,120.00,220.00,2.64
2026/08/01,CHB097,WALL_SHELF,W44,NORMAL,1.00,1.30,120.00,220.00,2.64
2026/08/01,CHB097,WALL_SHELF,W45,NORMAL,1.00,1.30,120.00,220.00,2.64
2026/08/01,CHB097,WALL_SHELF,W46,NORMAL,1.00,1.30,120.00,220.00,2.64
2026/08/01,CHB097,WALL_SHELF,W47,NORMAL,1.00,1.30,120.00,220.00,2.64
2026/08/01,CHB097,WALL_SHELF,W48,NORMAL,1.00,1.30,120.00,220.00,2.64
2026/08/01,CHB097,WALL_SHELF,W49,NORMAL,1.00,1.30,120.00,220.00,2.64
2026/08/01,CHB097,WALL_SHELF,W50,NORMAL,1.00,1.30,120.00,220.00,2.64
2026/08/01,CHB097,WALL_SHELF,W51,NORMAL,1.00,1.30,120.00,220.00,2.64
2026/08/01,CHB097,WALL_SHELF,W52,NORMAL,1.00,1.30,120.00,220.00,2.64
2026/08/01,CHB118,GONDOLA,G1,NORMAL,1.00,1.30,70.00,120.00,0.84
2026/08/01,CHB118,GONDOLA,G2,NORMAL,1.00,1.30,120.00,120.00,1.44
2026/08/01,CHB118,GONDOLA,G3,NORMAL,1.00,1.30,120.00,120.00,1.44
2026/08/01,CHB118,GONDOLA,G4,NORMAL,1.00,1.30,120.00,120.00,1.44
2026/08/01,CHB118,GONDOLA,G5,NORMAL,1.00,1.30,120.00,120.00,1.44
2026/08/01,CHB118,GONDOLA,G6,NORMAL,1.00,1.30,70.00,120.00,0.84
2026/08/01,CHB118,GONDOLA,G7,NORMAL,1.00,1.30,70.00,120.00,0.84
2026/08/01,CHB118,GONDOLA,G8,NORMAL,1.00,1.30,120.00,120.00,1.44
2026/08/01,CHB118,GONDOLA,G9,NORMAL,1.00,1.30,120.00,120.00,1.44
2026/08/01,CHB118,GONDOLA,G10,NORMAL,1.00,1.30,120.00,120.00,1.44
2026/08/01,CHB118,GONDOLA,G11,NORMAL,1.00,1.30,120.00,120.00,1.44
2026/08/01,CHB118,GONDOLA,G12,NORMAL,1.00,1.30,70.00,120.00,0.84
2026/08/01,CHB118,GONDOLA,G13,NORMAL,1.00,1.30,70.00,120.00,0.84
2026/08/01,CHB118,GONDOLA,G14,NORMAL,1.00,1.30,120.00,120.00,1.44
2026/08/01,CHB118,GONDOLA,G15,NORMAL,1.00,1.30,120.00,120.00,1.44
2026/08/01,CHB118,GONDOLA,G16,NORMAL,1.00,1.30,120.00,120.00,1.44
2026/08/01,CHB118,GONDOLA,G17,NORMAL,1.00,1.30,120.00,120.00,1.44
2026/08/01,CHB118,GONDOLA,G18,NORMAL,1.00,1.30,70.00,120.00,0.84
2026/08/01,CHB118,GONDOLA,G19,NORMAL,1.00,1.30,70.00,120.00,0.84
2026/08/01,CHB118,GONDOLA,G20,NORMAL,1.00,1.30,120.00,120.00,1.44
2026/08/01,CHB118,GONDOLA,G21,NORMAL,1.00,1.30,120.00,120.00,1.44
2026/08/01,CHB118,GONDOLA,G22,NORMAL,1.00,1.30,120.00,120.00,1.44
2026/08/01,CHB118,GONDOLA,G23,NORMAL,1.00,1.30,120.00,120.00,1.44
2026/08/01,CHB118,GONDOLA,G24,NORMAL,1.00,1.30,70.00,120.00,0.84
2026/08/01,CHB118,GONDOLA,G25,NORMAL,1.00,1.30,70.00,120.00,0.84
2026/08/01,CHB118,GONDOLA,G26,NORMAL,1.00,1.30,120.00,120.00,1.44
2026/08/01,CHB118,GONDOLA,G27,NORMAL,1.00,1.30,120.00,120.00,1.44
2026/08/01,CHB118,GONDOLA,G28,NORMAL,1.00,1.30,120.00,120.00,1.44
2026/08/01,CHB118,GONDOLA,G29,NORMAL,1.00,1.30,120.00,120.00,1.44
2026/08/01,CHB118,GONDOLA,G30,NORMAL,1.00,1.30,70.00,120.00,0.84
2026/08/01,CHB118,GONDOLA,G31,NORMAL,1.00,1.30,70.00,120.00,0.84
2026/08/01,CHB118,GONDOLA,G32,NORMAL,1.00,1.30,120.00,120.00,1.44
2026/08/01,CHB118,GONDOLA,G33,NORMAL,1.00,1.30,120.00,120.00,1.44
2026/08/01,CHB118,GONDOLA,G34,NORMAL,1.00,1.30,120.00,120.00,1.44
2026/08/01,CHB118,GONDOLA,G35,NORMAL,1.00,1.30,120.00,120.00,1.44
2026/08/01,CHB118,GONDOLA,G36,NORMAL,1.00,1.30,70.00,120.00,0.84
2026/08/01,CHB118,GONDOLA,G37,NORMAL,1.00,1.30,70.00,120.00,0.84
2026/08/01,CHB118,GONDOLA,G38,NORMAL,1.00,1.30,120.00,120.00,1.44
2026/08/01,CHB118,GONDOLA,G39,NORMAL,1.00,1.30,120.00,120.00,1.44
2026/08/01,CHB118,GONDOLA,G40,NORMAL,1.00,1.30,120.00,120.00,1.44
2026/08/01,CHB118,GONDOLA,G41,NORMAL,1.00,1.30,120.00,120.00,1.44
2026/08/01,CHB118,GONDOLA,G42,NORMAL,1.00,1.30,70.00,120.00,0.84
2026/08/01,CHB118,GONDOLA,G43,NORMAL,1.00,1.30,70.00,120.00,0.84
2026/08/01,CHB118,GONDOLA,G44,NORMAL,1.00,1.30,120.00,120.00,1.44
2026/08/01,CHB118,GONDOLA,G45,NORMAL,1.00,1.30,120.00,120.00,1.44
2026/08/01,CHB118,GONDOLA,G46,NORMAL,1.00,1.30,120.00,120.00,1.44
2026/08/01,CHB118,GONDOLA,G47,NORMAL,1.00,1.30,120.00,120.00,1.44
2026/08/01,CHB118,GONDOLA,G48,NORMAL,1.00,1.30,70.00,120.00,0.84
2026/08/01,CHB118,GONDOLA,IP1,PROMOTION,1.00,1.00,280.00,100.00,2.80
2026/08/01,CHB118,GONDOLA,CASHIER_FRONT,NORMAL,1.00,1.80,105.00,120.00,1.26
2026/08/01,CHB118,GONDOLA,CASHIER_BACK,NORMAL,1.00,1.80,150.00,120.00,1.80
2026/08/01,CHB118,GONDOLA,W1,NORMAL,1.00,1.30,120.00,220.00,2.64
2026/08/01,CHB118,GONDOLA,W2,NORMAL,1.00,1.30,90.00,220.00,1.98
2026/08/01,CHB118,GONDOLA,W3,NORMAL,1.00,1.30,120.00,220.00,2.64
2026/08/01,CHB118,GONDOLA,W4,NORMAL,1.00,1.30,120.00,220.00,2.64
2026/08/01,CHB118,GONDOLA,W5,NORMAL,1.00,1.30,120.00,220.00,2.64
2026/08/01,CHB118,GONDOLA,W6,NORMAL,1.00,1.30,120.00,220.00,2.64
2026/08/01,CHB118,GONDOLA,W7,NORMAL,1.00,1.30,90.00,220.00,1.98
2026/08/01,CHB118,GONDOLA,W8,NORMAL,1.00,1.30,120.00,220.00,2.64
2026/08/01,CHB118,GONDOLA,W9,NORMAL,1.00,1.30,120.00,220.00,2.64
2026/08/01,CHB118,GONDOLA,W10,NORMAL,1.00,1.30,90.00,220.00,1.98
2026/08/01,CHB118,GONDOLA,W11,NORMAL,1.00,1.30,90.00,220.00,1.98
2026/08/01,CHB118,GONDOLA,W12,NORMAL,1.00,1.30,90.00,220.00,1.98
2026/08/01,CHB118,GONDOLA,W13,NORMAL,1.00,1.30,120.00,220.00,2.64
2026/08/01,CHB118,GONDOLA,W14,NORMAL,1.00,1.30,120.00,220.00,2.64
2026/08/01,CHB118,GONDOLA,W15,NORMAL,1.00,1.30,120.00,220.00,2.64
2026/08/01,CHB118,GONDOLA,W16,NORMAL,1.00,1.30,120.00,220.00,2.64
2026/08/01,CHB118,GONDOLA,W17,NORMAL,1.00,1.30,150.00,220.00,3.30
2026/08/01,CHB118,GONDOLA,W18,NORMAL,1.00,1.30,90.00,220.00,1.98
2026/08/01,CHB118,GONDOLA,W19,NORMAL,1.00,1.30,90.00,220.00,1.98
2026/08/01,CHB118,GONDOLA,W20,NORMAL,1.00,1.30,120.00,220.00,2.64
2026/08/01,CHB118,GONDOLA,W21,NORMAL,1.00,1.30,120.00,220.00,2.64
2026/08/01,CHB118,GONDOLA,W22,NORMAL,1.00,1.30,90.00,220.00,1.98
2026/08/01,CHB118,GONDOLA,W23,NORMAL,1.00,1.30,120.00,220.00,2.64
2026/08/01,CHB118,GONDOLA,W24,NORMAL,1.00,1.30,120.00,220.00,2.64
2026/08/01,CHB118,GONDOLA,W25,NORMAL,1.00,1.30,120.00,220.00,2.64
2026/08/01,CHB118,GONDOLA,W26,NORMAL,1.00,1.30,90.00,220.00,1.98
2026/08/01,CHB132,GONDOLA,G1,NORMAL,1.00,1.30,70.00,120.00,0.84
2026/08/01,CHB132,GONDOLA,G2,NORMAL,1.00,1.30,120.00,120.00,1.44
2026/08/01,CHB132,GONDOLA,G3,NORMAL,1.00,1.30,120.00,120.00,1.44
2026/08/01,CHB132,GONDOLA,G4,NORMAL,1.00,1.30,70.00,120.00,0.84
2026/08/01,CHB132,GONDOLA,G5,NORMAL,1.00,1.30,70.00,120.00,0.84
2026/08/01,CHB132,GONDOLA,G6,NORMAL,1.00,1.30,120.00,120.00,1.44
2026/08/01,CHB132,GONDOLA,G7,NORMAL,1.00,1.30,120.00,120.00,1.44
2026/08/01,CHB132,GONDOLA,G8,NORMAL,1.00,1.30,70.00,120.00,0.84
2026/08/01,CHB132,GONDOLA,G9,NORMAL,1.00,1.30,70.00,120.00,0.84
2026/08/01,CHB132,GONDOLA,G10,NORMAL,1.00,1.30,120.00,120.00,1.44
2026/08/01,CHB132,GONDOLA,G11,NORMAL,1.00,1.30,120.00,120.00,1.44
2026/08/01,CHB132,GONDOLA,G12,NORMAL,1.00,1.30,70.00,120.00,0.84
2026/08/01,CHB132,GONDOLA,G13,NORMAL,1.00,1.30,70.00,120.00,0.84
2026/08/01,CHB132,GONDOLA,G14,NORMAL,1.00,1.30,120.00,120.00,1.44
2026/08/01,CHB132,GONDOLA,G15,NORMAL,1.00,1.30,120.00,120.00,1.44
2026/08/01,CHB132,GONDOLA,G16,NORMAL,1.00,1.30,70.00,120.00,0.84
2026/08/01,CHB132,GONDOLA,G17,NORMAL,1.00,1.30,70.00,120.00,0.84
2026/08/01,CHB132,GONDOLA,G18,NORMAL,1.00,1.30,120.00,120.00,1.44
2026/08/01,CHB132,GONDOLA,G19,NORMAL,1.00,1.30,120.00,120.00,1.44
2026/08/01,CHB132,GONDOLA,G20,NORMAL,1.00,1.30,70.00,120.00,0.84
2026/08/01,CHB132,GONDOLA,G21,NORMAL,1.00,1.30,70.00,120.00,0.84
2026/08/01,CHB132,GONDOLA,G22,NORMAL,1.00,1.30,120.00,120.00,1.44
2026/08/01,CHB132,GONDOLA,G23,NORMAL,1.00,1.30,120.00,120.00,1.44
2026/08/01,CHB132,GONDOLA,G24,NORMAL,1.00,1.30,70.00,120.00,0.84
2026/08/01,CHB132,GONDOLA,G25,NORMAL,1.00,1.30,70.00,120.00,0.84
2026/08/01,CHB132,GONDOLA,G26,NORMAL,1.00,1.30,120.00,120.00,1.44
2026/08/01,CHB132,GONDOLA,G27,NORMAL,1.00,1.30,120.00,120.00,1.44
2026/08/01,CHB132,GONDOLA,G28,NORMAL,1.00,1.30,70.00,120.00,0.84
2026/08/01,CHB132,GONDOLA,IP1,PROMOTION,1.00,1.00,280.00,100.00,2.80
2026/08/01,CHB132,GONDOLA,IP2,PROMOTION,1.00,1.00,280.00,100.00,2.80
2026/08/01,CHB132,TREE_SIKU,TREE_SIKU,NORMAL,1.00,1.11,120.00,100.00,1.20
2026/08/01,CHB132,GONDOLA,TREE_PLAYDOH,NORMAL,1.00,1.00,157.00,50.00,0.79
2026/08/01,CHB132,GONDOLA,CASHIER_FRONT,NORMAL,1.00,1.80,150.00,120.00,1.80
2026/08/01,CHB132,GONDOLA,CASHIER_BACK,NORMAL,1.00,1.80,105.00,120.00,1.26
2026/08/01,CHB132,GONDOLA,W1,NORMAL,1.00,1.30,120.00,220.00,2.64
2026/08/01,CHB132,GONDOLA,W2,NORMAL,1.00,1.30,120.00,220.00,2.64
2026/08/01,CHB132,GONDOLA,W3,NORMAL,1.00,1.30,120.00,220.00,2.64
2026/08/01,CHB132,GONDOLA,W4,NORMAL,1.00,1.30,90.00,220.00,1.98
2026/08/01,CHB132,GONDOLA,W5,NORMAL,1.00,1.30,90.00,220.00,1.98
2026/08/01,CHB132,GONDOLA,W6,NORMAL,1.00,1.30,120.00,220.00,2.64
2026/08/01,CHB132,GONDOLA,W7,NORMAL,1.00,1.30,120.00,220.00,2.64
2026/08/01,CHB132,GONDOLA,W8,NORMAL,1.00,1.30,120.00,220.00,2.64
2026/08/01,CHB132,GONDOLA,W9,NORMAL,1.00,1.30,120.00,220.00,2.64
2026/08/01,CHB132,GONDOLA,W10,NORMAL,1.00,1.30,120.00,220.00,2.64
2026/08/01,CHB132,GONDOLA,W11,NORMAL,1.00,1.30,90.00,220.00,1.98
2026/08/01,CHB132,GONDOLA,W12,NORMAL,1.00,1.30,90.00,220.00,1.98
2026/08/01,CHB132,GONDOLA,W13,NORMAL,1.00,1.30,90.00,220.00,1.98
2026/08/01,CHB132,GONDOLA,W14,NORMAL,1.00,1.30,120.00,220.00,2.64
2026/08/01,CHB132,GONDOLA,W15,NORMAL,1.00,1.30,120.00,220.00,2.64
2026/08/01,CHB132,GONDOLA,W16,NORMAL,1.00,1.30,120.00,220.00,2.64
2026/08/01,CHB132,GONDOLA,W17,NORMAL,1.00,1.30,120.00,220.00,2.64
2026/08/01,CHB132,GONDOLA,W18,NORMAL,1.00,1.30,120.00,220.00,2.64
2026/08/01,CHB132,GONDOLA,WH1,NORMAL,1.00,1.30,90.00,220.00,1.98
2026/08/01,CHB132,GONDOLA,WH2,NORMAL,1.00,1.30,120.00,220.00,2.64
2026/08/01,CHB132,GONDOLA,WH3,NORMAL,1.00,1.30,120.00,220.00,2.64
2026/08/01,CHB132,GONDOLA,WH4,NORMAL,1.00,1.30,90.00,220.00,1.98
2026/08/01,CHB132,GONDOLA,WH5,NORMAL,1.00,1.30,120.00,220.00,2.64
2026/08/01,CHB132,GONDOLA,WH6,NORMAL,1.00,1.30,120.00,220.00,2.64
2026/08/01,CHB132,GONDOLA,G29,NORMAL,1.00,1.30,70.00,120.00,0.84
2026/08/01,CHB132,GONDOLA,G30,NORMAL,1.00,1.30,70.00,120.00,0.84
2026/08/01,CHB132,GONDOLA,P1,NORMAL,1.00,1.00,280.00,100.00,2.80
2026/08/01,CHB136,GONDOLA,G5,NORMAL,1.00,1.30,70.00,120.00,0.84
2026/08/01,CHB136,GONDOLA,G6,NORMAL,1.00,1.30,120.00,120.00,1.44
2026/08/01,CHB136,GONDOLA,G7,NORMAL,1.00,1.30,120.00,120.00,1.44
2026/08/01,CHB136,GONDOLA,G8,NORMAL,1.00,1.30,70.00,120.00,0.84
2026/08/01,CHB136,GONDOLA,G9,NORMAL,1.00,1.30,70.00,120.00,0.84
2026/08/01,CHB136,GONDOLA,G10,NORMAL,1.00,1.30,120.00,120.00,1.44
2026/08/01,CHB136,GONDOLA,G11,NORMAL,1.00,1.30,120.00,120.00,1.44
2026/08/01,CHB136,GONDOLA,G12,NORMAL,1.00,1.30,70.00,120.00,0.84
2026/08/01,CHB136,GONDOLA,G13,NORMAL,1.00,1.30,70.00,120.00,0.84
2026/08/01,CHB136,GONDOLA,G14,NORMAL,1.00,1.30,120.00,120.00,1.44
2026/08/01,CHB136,GONDOLA,G15,NORMAL,1.00,1.30,120.00,120.00,1.44
2026/08/01,CHB136,GONDOLA,G16,NORMAL,1.00,1.30,70.00,120.00,0.84
2026/08/01,CHB136,GONDOLA,GP1,HOT&NEW,1.00,1.30,70.00,120.00,0.84
2026/08/01,CHB136,GONDOLA,GP2,HOT&NEW,1.00,1.30,70.00,120.00,0.84
2026/08/01,CHB136,GONDOLA,GP3,HOT&NEW,1.00,1.30,70.00,120.00,0.84
2026/08/01,CHB136,GONDOLA,GP4,HOT&NEW,1.00,1.30,70.00,120.00,0.84
2026/08/01,CHB136,GONDOLA,IP1,PROMOTION,1.00,1.00,280.00,100.00,2.80
2026/08/01,CHB136,GONDOLA,CASHIER_FRONT,NORMAL,1.00,1.80,120.00,120.00,1.44
2026/08/01,CHB136,GONDOLA,W1,NORMAL,1.00,2.80,120.00,220.00,2.64
2026/08/01,CHB136,GONDOLA,W2,NORMAL,1.00,1.30,120.00,220.00,2.64
2026/08/01,CHB136,GONDOLA,W3,NORMAL,1.00,1.30,120.00,220.00,2.64
2026/08/01,CHB136,GONDOLA,W4,NORMAL,1.00,1.30,120.00,220.00,2.64
2026/08/01,CHB136,GONDOLA,W5,NORMAL,1.00,1.30,120.00,220.00,2.64
2026/08/01,CHB136,GONDOLA,W6,NORMAL,1.00,1.30,120.00,220.00,2.64
2026/08/01,CHB136,GONDOLA,W7,NORMAL,1.00,1.30,120.00,220.00,2.64
2026/08/01,CHB136,GONDOLA,W8,NORMAL,1.00,1.30,120.00,220.00,2.64
2026/08/01,CHB136,GONDOLA,W9,NORMAL,1.00,1.30,120.00,220.00,2.64
2026/08/01,CHB136,GONDOLA,W10,NORMAL,1.00,1.30,120.00,220.00,2.64
2026/08/01,CHB136,GONDOLA,W11,NORMAL,1.00,1.30,120.00,220.00,2.64
2026/08/01,CHB136,GONDOLA,W12,NORMAL,1.00,1.30,120.00,220.00,2.64
2026/08/01,CHB136,GONDOLA,W13,NORMAL,1.00,1.30,90.00,220.00,1.98
2026/08/01,CHB136,GONDOLA,W14,NORMAL,1.00,1.30,90.00,220.00,1.98
2026/08/01,CHB136,GONDOLA,W15,NORMAL,1.00,1.30,90.00,220.00,1.98
2026/08/01,CHB136,GONDOLA,W16,NORMAL,1.00,1.30,120.00,220.00,2.64
2026/08/01,CHB136,GONDOLA,W17,NORMAL,1.00,1.30,120.00,220.00,2.64
2026/08/01,CHB136,GONDOLA,W18,NORMAL,1.00,1.30,120.00,220.00,2.64
2026/08/01,CHB136,GONDOLA,W19,NORMAL,1.00,1.30,120.00,220.00,2.64
2026/08/01,CHB136,GONDOLA,W20,NORMAL,1.00,1.30,120.00,220.00,2.64
2026/08/01,CHB136,GONDOLA,W21,NORMAL,1.00,1.30,120.00,220.00,2.64
2026/08/01,CHB136,GONDOLA,W22,NORMAL,1.00,1.30,120.00,220.00,2.64
2026/08/01,CHB136,GONDOLA,W23,NORMAL,1.00,1.30,120.00,220.00,2.64
2026/08/01,CHB136,GONDOLA,TREE_PLAYDOH,NORMAL,1.00,1.00,157.00,50.00,0.79
2026/08/01,CHB136,TREE_SIKU,TREE_SIKU,NORMAL,1.00,1.11,120.00,100.00,1.20
2026/08/01,CHB136,TREE_SIKU,TREE_HW,NORMAL,1.00,1.11,120.00,100.00,1.20
2026/08/01,CHB136,GONDOLA,P1,NORMAL,1.00,1.00,280.00,100.00,2.80
2026/08/01,CHB138,GONDOLA,G1,NORMAL,1.00,1.30,70.00,120.00,0.84
2026/08/01,CHB138,GONDOLA,G2,NORMAL,1.00,1.30,120.00,120.00,1.44
2026/08/01,CHB138,GONDOLA,G3,NORMAL,1.00,1.30,120.00,120.00,1.44
2026/08/01,CHB138,GONDOLA,G4,NORMAL,1.00,1.30,70.00,120.00,0.84
2026/08/01,CHB138,GONDOLA,G5,NORMAL,1.00,1.30,70.00,120.00,0.84
2026/08/01,CHB138,GONDOLA,G6,NORMAL,1.00,1.30,120.00,120.00,1.44
2026/08/01,CHB138,GONDOLA,G7,NORMAL,1.00,1.30,120.00,120.00,1.44
2026/08/01,CHB138,GONDOLA,G8,NORMAL,1.00,1.30,70.00,120.00,0.84
2026/08/01,CHB138,GONDOLA,G9,NORMAL,1.00,1.30,70.00,120.00,0.84
2026/08/01,CHB138,GONDOLA,G10,NORMAL,1.00,1.30,120.00,120.00,1.44
2026/08/01,CHB138,GONDOLA,G11,NORMAL,1.00,1.30,120.00,120.00,1.44
2026/08/01,CHB138,GONDOLA,G12,NORMAL,1.00,1.30,70.00,120.00,0.84
2026/08/01,CHB138,GONDOLA,G13,NORMAL,1.00,1.30,70.00,120.00,0.84
2026/08/01,CHB138,GONDOLA,G14,NORMAL,1.00,1.30,120.00,120.00,1.44
2026/08/01,CHB138,GONDOLA,G15,NORMAL,1.00,1.30,120.00,120.00,1.44
2026/08/01,CHB138,GONDOLA,G16,NORMAL,1.00,1.30,70.00,120.00,0.84
2026/08/01,CHB138,GONDOLA,G17,NORMAL,1.00,1.30,70.00,120.00,0.84
2026/08/01,CHB138,GONDOLA,G18,NORMAL,1.00,1.30,120.00,120.00,1.44
2026/08/01,CHB138,GONDOLA,G19,NORMAL,1.00,1.30,120.00,120.00,1.44
2026/08/01,CHB138,GONDOLA,G20,NORMAL,1.00,1.30,70.00,120.00,0.84
2026/08/01,CHB138,GONDOLA,G21,NORMAL,1.00,1.30,70.00,120.00,0.84
2026/08/01,CHB138,GONDOLA,G22,NORMAL,1.00,1.30,120.00,120.00,1.44
2026/08/01,CHB138,GONDOLA,G23,NORMAL,1.00,1.30,120.00,120.00,1.44
2026/08/01,CHB138,GONDOLA,G24,NORMAL,1.00,1.30,70.00,120.00,0.84
2026/08/01,CHB138,GONDOLA,G25,NORMAL,1.00,1.30,70.00,120.00,0.84
2026/08/01,CHB138,GONDOLA,G26,NORMAL,1.00,1.30,120.00,120.00,1.44
2026/08/01,CHB138,GONDOLA,G27,NORMAL,1.00,1.30,120.00,120.00,1.44
2026/08/01,CHB138,GONDOLA,G28,NORMAL,1.00,1.30,70.00,120.00,0.84
2026/08/01,CHB138,GONDOLA,G29,NORMAL,1.00,1.30,70.00,120.00,0.84
2026/08/01,CHB138,GONDOLA,G30,NORMAL,1.00,1.30,120.00,120.00,1.44
2026/08/01,CHB138,GONDOLA,G31,NORMAL,1.00,1.30,120.00,120.00,1.44
2026/08/01,CHB138,GONDOLA,G32,NORMAL,1.00,1.30,70.00,120.00,0.84
2026/08/01,CHB138,GONDOLA,G33,NORMAL,1.00,1.30,70.00,120.00,0.84
2026/08/01,CHB138,GONDOLA,G34,NORMAL,1.00,1.30,120.00,120.00,1.44
2026/08/01,CHB138,GONDOLA,G35,NORMAL,1.00,1.30,120.00,120.00,1.44
2026/08/01,CHB138,GONDOLA,G36,NORMAL,1.00,1.30,70.00,120.00,0.84
2026/08/01,CHB138,GONDOLA,GP1,HOT&NEW,1.00,1.30,70.00,120.00,0.84
2026/08/01,CHB138,GONDOLA,GP2,HOT&NEW,1.00,1.30,70.00,120.00,0.84
2026/08/01,CHB138,GONDOLA,GP3,HOT&NEW,1.00,1.30,70.00,120.00,0.84
2026/08/01,CHB138,GONDOLA,GP4,HOT&NEW,1.00,1.30,70.00,120.00,0.84
2026/08/01,CHB138,GONDOLA,IP1,PROMOTION,1.00,1.00,280.00,100.00,2.80
2026/08/01,CHB138,GONDOLA,IP2,PROMOTION,1.00,1.00,280.00,100.00,2.80
2026/08/01,CHB138,GONDOLA,CASHIER_FRONT,NORMAL,1.00,1.80,105.00,120.00,1.26
2026/08/01,CHB138,GONDOLA,W1,NORMAL,1.00,1.30,120.00,220.00,2.64
2026/08/01,CHB138,GONDOLA,W2,NORMAL,1.00,1.30,90.00,220.00,1.98
2026/08/01,CHB138,GONDOLA,W3,NORMAL,1.00,1.30,90.00,220.00,1.98
2026/08/01,CHB138,GONDOLA,W4,NORMAL,1.00,1.30,90.00,220.00,1.98
2026/08/01,CHB138,GONDOLA,W5,NORMAL,1.00,1.30,120.00,220.00,2.64
2026/08/01,CHB138,GONDOLA,W6,NORMAL,1.00,1.30,120.00,220.00,2.64
2026/08/01,CHB138,GONDOLA,W7,NORMAL,1.00,1.30,120.00,220.00,2.64
2026/08/01,CHB138,GONDOLA,W8,NORMAL,1.00,1.30,120.00,220.00,2.64
2026/08/01,CHB138,GONDOLA,W9,NORMAL,1.00,1.30,120.00,220.00,2.64
2026/08/01,CHB138,GONDOLA,W10,NORMAL,1.00,1.30,120.00,220.00,2.64
2026/08/01,CHB138,GONDOLA,W11,NORMAL,1.00,1.30,120.00,220.00,2.64
2026/08/01,CHB138,GONDOLA,W12,NORMAL,1.00,1.30,90.00,220.00,1.98
2026/08/01,CHB138,GONDOLA,W13,NORMAL,1.00,1.30,90.00,220.00,1.98
2026/08/01,CHB138,GONDOLA,W14,NORMAL,1.00,1.30,90.00,220.00,1.98
2026/08/01,CHB138,GONDOLA,W15,NORMAL,1.00,1.30,90.00,220.00,1.98
2026/08/01,CHB138,GONDOLA,W16,NORMAL,1.00,1.30,90.00,220.00,1.98
2026/08/01,CHB138,GONDOLA,W17,NORMAL,1.00,1.30,120.00,220.00,2.64
2026/08/01,CHB138,GONDOLA,W18,NORMAL,1.00,1.30,120.00,220.00,2.64
2026/08/01,CHB138,GONDOLA,W19,NORMAL,1.00,1.30,120.00,220.00,2.64
2026/08/01,CHB138,GONDOLA,W20,NORMAL,1.00,1.30,120.00,220.00,2.64
2026/08/01,CHB138,GONDOLA,W21,NORMAL,1.00,1.30,90.00,220.00,1.98
2026/08/01,CHB138,GONDOLA,W22,NORMAL,1.00,1.30,120.00,220.00,2.64
2026/08/01,CHB138,GONDOLA,W23,NORMAL,1.00,1.30,120.00,220.00,2.64
2026/08/01,CHB138,GONDOLA,W24,NORMAL,1.00,1.30,120.00,220.00,2.64
2026/08/01,CHB138,GONDOLA,W25,NORMAL,1.00,1.30,120.00,220.00,2.64
2026/08/01,CHB138,GONDOLA,W26,NORMAL,1.00,1.30,120.00,220.00,2.64
2026/08/01,CHB159,GONDOLA,G3,NORMAL,1.00,1.30,70.00,120.00,0.84
2026/08/01,CHB159,GONDOLA,G4,NORMAL,1.00,1.30,120.00,120.00,1.44
2026/08/01,CHB159,GONDOLA,G5,NORMAL,1.00,1.30,120.00,120.00,1.44
2026/08/01,CHB159,GONDOLA,G6,NORMAL,1.00,1.30,70.00,120.00,0.84
2026/08/01,CHB159,GONDOLA,G7,NORMAL,1.00,1.30,120.00,120.00,1.44
2026/08/01,CHB159,GONDOLA,G8,NORMAL,1.00,1.30,120.00,120.00,1.44
2026/08/01,CHB159,GONDOLA,G9,NORMAL,1.00,1.30,70.00,120.00,0.84
2026/08/01,CHB159,GONDOLA,G10,NORMAL,1.00,1.30,120.00,120.00,1.44
2026/08/01,CHB159,GONDOLA,G11,NORMAL,1.00,1.30,120.00,120.00,1.44
2026/08/01,CHB159,GONDOLA,G12,NORMAL,1.00,1.30,70.00,120.00,0.84
2026/08/01,CHB159,GONDOLA,G13,NORMAL,1.00,1.30,120.00,120.00,1.44
2026/08/01,CHB159,GONDOLA,G14,NORMAL,1.00,1.30,120.00,120.00,1.44
2026/08/01,CHB159,GONDOLA,G15,NORMAL,1.00,1.30,70.00,120.00,0.84
2026/08/01,CHB159,GONDOLA,G16,NORMAL,1.00,1.30,120.00,120.00,1.44
2026/08/01,CHB159,GONDOLA,G17,NORMAL,1.00,1.30,120.00,120.00,1.44
2026/08/01,CHB159,GONDOLA,G18,NORMAL,1.00,1.30,70.00,120.00,0.84
2026/08/01,CHB159,GONDOLA,G19,NORMAL,1.00,1.30,120.00,120.00,1.44
2026/08/01,CHB159,GONDOLA,G20,NORMAL,1.00,1.30,120.00,120.00,1.44
2026/08/01,CHB159,GONDOLA,G21,NORMAL,1.00,1.30,70.00,120.00,0.84
2026/08/01,CHB159,GONDOLA,G22,NORMAL,1.00,1.30,120.00,120.00,1.44
2026/08/01,CHB159,GONDOLA,G23,NORMAL,1.00,1.30,120.00,120.00,1.44
2026/08/01,CHB159,GONDOLA,G24,NORMAL,1.00,1.30,70.00,120.00,0.84
2026/08/01,CHB159,GONDOLA,G25,NORMAL,1.00,1.30,120.00,120.00,1.44
2026/08/01,CHB159,GONDOLA,G26,NORMAL,1.00,1.30,120.00,120.00,1.44
2026/08/01,CHB159,GONDOLA,G27,NORMAL,1.00,1.30,70.00,120.00,0.84
2026/08/01,CHB159,GONDOLA,G28,NORMAL,1.00,1.30,70.00,120.00,0.84
2026/08/01,CHB159,GONDOLA,G29,NORMAL,1.00,1.30,120.00,120.00,1.44
2026/08/01,CHB159,GONDOLA,G30,NORMAL,1.00,1.30,120.00,120.00,1.44
2026/08/01,CHB159,GONDOLA,G31,NORMAL,1.00,1.30,70.00,120.00,0.84
2026/08/01,CHB159,GONDOLA,G32,NORMAL,1.00,1.30,70.00,120.00,0.84
2026/08/01,CHB159,GONDOLA,G33,NORMAL,1.00,1.30,120.00,120.00,1.44
2026/08/01,CHB159,GONDOLA,G34,NORMAL,1.00,1.30,120.00,120.00,1.44
2026/08/01,CHB159,GONDOLA,G35,NORMAL,1.00,1.30,70.00,120.00,0.84
2026/08/01,CHB159,GONDOLA,G36,NORMAL,1.00,1.30,70.00,120.00,0.84
2026/08/01,CHB159,GONDOLA,G37,NORMAL,1.00,1.30,120.00,120.00,1.44
2026/08/01,CHB159,GONDOLA,G38,NORMAL,1.00,1.30,120.00,120.00,1.44
2026/08/01,CHB159,GONDOLA,G39,NORMAL,1.00,1.30,70.00,120.00,0.84
2026/08/01,CHB159,GONDOLA,G40,NORMAL,1.00,1.30,70.00,120.00,0.84
2026/08/01,CHB159,GONDOLA,G41,NORMAL,1.00,1.30,120.00,120.00,1.44
2026/08/01,CHB159,GONDOLA,G42,NORMAL,1.00,1.30,120.00,120.00,1.44
2026/08/01,CHB159,GONDOLA,G43,NORMAL,1.00,1.30,70.00,120.00,0.84
2026/08/01,CHB159,GONDOLA,G44,NORMAL,1.00,1.30,70.00,120.00,0.84
2026/08/01,CHB159,GONDOLA,G45,NORMAL,1.00,1.30,120.00,120.00,1.44
2026/08/01,CHB159,GONDOLA,G46,NORMAL,1.00,1.30,120.00,120.00,1.44
2026/08/01,CHB159,GONDOLA,G47,NORMAL,1.00,1.30,70.00,120.00,0.84
2026/08/01,CHB159,GONDOLA,G48,NORMAL,1.00,1.30,70.00,120.00,0.84
2026/08/01,CHB159,GONDOLA,G49,NORMAL,1.00,1.30,120.00,120.00,1.44
2026/08/01,CHB159,GONDOLA,G50,NORMAL,1.00,1.30,120.00,120.00,1.44
2026/08/01,CHB159,GONDOLA,G51,NORMAL,1.00,1.30,120.00,120.00,1.44
2026/08/01,CHB159,GONDOLA,G52,NORMAL,1.00,1.30,120.00,120.00,1.44
2026/08/01,CHB159,GONDOLA,G53,NORMAL,1.00,1.30,70.00,120.00,0.84
2026/08/01,CHB159,GONDOLA,G54,NORMAL,1.00,1.30,70.00,120.00,0.84
2026/08/01,CHB159,GONDOLA,G55,NORMAL,1.00,1.30,120.00,120.00,1.44
2026/08/01,CHB159,GONDOLA,G56,NORMAL,1.00,1.30,120.00,120.00,1.44
2026/08/01,CHB159,GONDOLA,G57,NORMAL,1.00,1.30,120.00,120.00,1.44
2026/08/01,CHB159,GONDOLA,G58,NORMAL,1.00,1.30,120.00,120.00,1.44
2026/08/01,CHB159,GONDOLA,G59,NORMAL,1.00,1.30,70.00,120.00,0.84
2026/08/01,CHB159,GONDOLA,G60,NORMAL,1.00,1.30,70.00,120.00,0.84
2026/08/01,CHB159,GONDOLA,G61,NORMAL,1.00,1.30,120.00,120.00,1.44
2026/08/01,CHB159,GONDOLA,G62,NORMAL,1.00,1.30,120.00,120.00,1.44
2026/08/01,CHB159,GONDOLA,G63,NORMAL,1.00,1.30,120.00,120.00,1.44
2026/08/01,CHB159,GONDOLA,G64,NORMAL,1.00,1.30,120.00,120.00,1.44
2026/08/01,CHB159,GONDOLA,G65,NORMAL,1.00,1.30,600.00,100.00,6.00
2026/08/01,CHB159,GONDOLA,G66,NORMAL,1.00,1.30,70.00,120.00,0.84
2026/08/01,CHB159,GONDOLA,G67,NORMAL,1.00,1.30,120.00,120.00,1.44
2026/08/01,CHB159,GONDOLA,G68,NORMAL,1.00,1.30,120.00,120.00,1.44
2026/08/01,CHB159,GONDOLA,G69,NORMAL,1.00,3.00,420.00,90.00,3.78
2026/08/01,CHB159,GONDOLA,G70,NORMAL,1.00,3.00,420.00,90.00,3.78
2026/08/01,CHB159,GONDOLA,G71,NORMAL,1.00,1.30,120.00,120.00,1.44
2026/08/01,CHB159,GONDOLA,G72,NORMAL,1.00,1.30,120.00,120.00,1.44
2026/08/01,CHB159,GONDOLA,GP1,HOT&NEW,1.00,1.30,70.00,120.00,0.84
2026/08/01,CHB159,GONDOLA,GP2,HOT&NEW,1.00,1.30,70.00,120.00,0.84
2026/08/01,CHB159,GONDOLA,GM1,NORMAL,1.00,1.00,224.00,127.00,2.85
2026/08/01,CHB159,GONDOLA,IP1,PROMOTION,1.00,1.00,280.00,100.00,2.80
2026/08/01,CHB159,GONDOLA,CASHIER_FRONT,NORMAL,1.00,1.80,150.00,120.00,1.80
2026/08/01,CHB159,GONDOLA,CASHIER_BACK,NORMAL,1.00,1.80,120.00,120.00,1.44
2026/08/01,CHB159,GONDOLA,W1,NORMAL,1.00,1.30,90.00,220.00,1.98
2026/08/01,CHB159,GONDOLA,W2,NORMAL,1.00,1.30,90.00,220.00,1.98
2026/08/01,CHB159,GONDOLA,W3,NORMAL,1.00,1.30,90.00,220.00,1.98
2026/08/01,CHB159,GONDOLA,W4,NORMAL,1.00,1.30,120.00,220.00,2.64
2026/08/01,CHB159,GONDOLA,W5,NORMAL,1.00,1.30,120.00,220.00,2.64
2026/08/01,CHB159,GONDOLA,W6,NORMAL,1.00,1.30,120.00,220.00,2.64
2026/08/01,CHB159,GONDOLA,W7,NORMAL,1.00,1.30,120.00,220.00,2.64
2026/08/01,CHB159,GONDOLA,W8,NORMAL,1.00,1.30,120.00,220.00,2.64
2026/08/01,CHB159,GONDOLA,W9,NORMAL,1.00,1.30,90.00,220.00,1.98
2026/08/01,CHB159,GONDOLA,W10,NORMAL,1.00,1.30,90.00,220.00,1.98
2026/08/01,CHB159,GONDOLA,W11,NORMAL,1.00,1.30,90.00,220.00,1.98
2026/08/01,CHB159,GONDOLA,W12,NORMAL,1.00,1.30,90.00,220.00,1.98
2026/08/01,CHB159,GONDOLA,W13,NORMAL,1.00,1.30,90.00,220.00,1.98
2026/08/01,CHB159,GONDOLA,W14,NORMAL,1.00,1.30,90.00,220.00,1.98
2026/08/01,CHB159,GONDOLA,W15,NORMAL,1.00,1.30,90.00,220.00,1.98
2026/08/01,CHB159,GONDOLA,W16,NORMAL,1.00,1.30,90.00,220.00,1.98
2026/08/01,CHB159,GONDOLA,W17,NORMAL,1.00,1.30,90.00,220.00,1.98
2026/08/01,CHB159,GONDOLA,W18,NORMAL,1.00,1.30,90.00,220.00,1.98
2026/08/01,CHB159,GONDOLA,W19,NORMAL,1.00,1.30,90.00,220.00,1.98
2026/08/01,CHB159,GONDOLA,W20,NORMAL,1.00,1.30,120.00,220.00,2.64
2026/08/01,CHB159,GONDOLA,W21,NORMAL,1.00,1.30,120.00,220.00,2.64
2026/08/01,CHB159,GONDOLA,W22,NORMAL,1.00,1.30,120.00,220.00,2.64
2026/08/01,CHB159,GONDOLA,W23,NORMAL,1.00,1.30,120.00,220.00,2.64
2026/08/01,CHB159,GONDOLA,W24,NORMAL,1.00,1.30,120.00,220.00,2.64
2026/08/01,CHB159,GONDOLA,W25,NORMAL,1.00,1.30,120.00,220.00,2.64
2026/08/01,CHB159,GONDOLA,W26,NORMAL,1.00,1.30,120.00,220.00,2.64
2026/08/01,CHB159,GONDOLA,W27,NORMAL,1.00,1.30,120.00,220.00,2.64
2026/08/01,CHB159,GONDOLA,W28,NORMAL,1.00,1.30,120.00,220.00,2.64
2026/08/01,CHB159,GONDOLA,W29,NORMAL,1.00,1.30,120.00,220.00,2.64
2026/08/01,CHB159,GONDOLA,W30,NORMAL,1.00,1.30,120.00,220.00,2.64
2026/08/01,CHB159,GONDOLA,W31,NORMAL,1.00,1.30,120.00,220.00,2.64
2026/08/01,CHB159,GONDOLA,W32,NORMAL,1.00,1.30,120.00,220.00,2.64
2026/08/01,CHB159,GONDOLA,W33,NORMAL,1.00,1.30,120.00,220.00,2.64
2026/08/01,CHB159,GONDOLA,W34,NORMAL,1.00,1.30,120.00,220.00,2.64
2026/08/01,CHB159,GONDOLA,W35,NORMAL,1.00,1.30,120.00,220.00,2.64
2026/08/01,CHB159,GONDOLA,W36,NORMAL,1.00,1.30,120.00,220.00,2.64
2026/08/01,CHB159,GONDOLA,W37,NORMAL,1.00,1.30,120.00,220.00,2.64
2026/08/01,CHB159,GONDOLA,W38,NORMAL,1.00,1.30,120.00,220.00,2.64
2026/08/01,CHB159,GONDOLA,W39,NORMAL,1.00,1.30,120.00,220.00,2.64
2026/08/01,CHB159,GONDOLA,W40,NORMAL,1.00,1.30,120.00,220.00,2.64
2026/08/01,CHB159,GONDOLA,W41,NORMAL,1.00,1.30,70.00,220.00,1.54
2026/08/01,CHB159,GONDOLA,W42,NORMAL,1.00,1.30,120.00,220.00,2.64
2026/08/01,CHB159,GONDOLA,W43,NORMAL,1.00,1.30,120.00,220.00,2.64
2026/08/01,CHB159,GONDOLA,W44,NORMAL,1.00,1.30,120.00,220.00,2.64
2026/08/01,CHB159,GONDOLA,W45,NORMAL,1.00,1.30,120.00,220.00,2.64
2026/08/01,CHB159,GONDOLA,W46,NORMAL,1.00,1.30,120.00,220.00,2.64
2026/08/01,CHB159,GONDOLA,W47,NORMAL,1.00,1.30,120.00,220.00,2.64
2026/08/01,CHB159,GONDOLA,W48,NORMAL,1.00,1.30,120.00,220.00,2.64
2026/08/01,CHB159,GONDOLA,W49,NORMAL,1.00,1.30,120.00,220.00,2.64
2026/08/01,CHB159,GONDOLA,W50,NORMAL,1.00,1.30,120.00,220.00,2.64
2026/08/01,CHB159,GONDOLA,W51,NORMAL,1.00,1.30,120.00,220.00,2.64
2026/08/01,CHB159,GONDOLA,W52,NORMAL,1.00,1.30,120.00,220.00,2.64
2026/08/01,CHB159,GONDOLA,W53,NORMAL,1.00,1.30,120.00,220.00,2.64
2026/08/01,CHB159,GONDOLA,W54,NORMAL,1.00,1.30,120.00,220.00,2.64
2026/08/01,CHB159,GONDOLA,W55,NORMAL,1.00,1.30,120.00,220.00,2.64
2026/08/01,CHB159,GONDOLA,W56,NORMAL,1.00,1.30,120.00,220.00,2.64
2026/08/01,CHB159,GONDOLA,W57,NORMAL,1.00,1.30,120.00,220.00,2.64
2026/08/01,CHB159,GONDOLA,W58,NORMAL,1.00,1.30,120.00,220.00,2.64
2026/08/01,HBA001,GONDOLA,GM1,NORMAL,1.00,1.00,168.00,127.00,2.14
2026/08/01,HBA001,GONDOLA,FLOOR,NORMAL,1.00,1.00,84.00,140.00,1.18
2026/08/01,HBA001,GONDOLA,G1,NORMAL,1.00,3.00,420.00,140.00,5.88
2026/08/01,HBA001,GONDOLA,G3,NORMAL,1.00,3.00,420.00,140.00,5.88
2026/08/01,HBA001,GONDOLA,G4,NORMAL,1.00,3.00,420.00,140.00,5.88
2026/08/01,HBA001,GONDOLA,W1,NORMAL,1.00,2.80,120.00,220.00,2.64
2026/08/01,HBA001,GONDOLA,W10,NORMAL,1.00,2.80,120.00,220.00,2.64
2026/08/01,HBA001,GONDOLA,W11,NORMAL,1.00,2.80,120.00,220.00,2.64
2026/08/01,HBA001,GONDOLA,W12,NORMAL,1.00,2.80,120.00,220.00,2.64
2026/08/01,HBA001,GONDOLA,W13,NORMAL,1.00,2.80,120.00,220.00,2.64
2026/08/01,HBA001,GONDOLA,W14,NORMAL,1.00,2.80,120.00,220.00,2.64
2026/08/01,HBA001,GONDOLA,W2,NORMAL,1.00,2.80,120.00,220.00,2.64
2026/08/01,HBA001,GONDOLA,W3,NORMAL,1.00,2.80,120.00,220.00,2.64
2026/08/01,HBA001,GONDOLA,W4,NORMAL,1.00,2.80,120.00,220.00,2.64
2026/08/01,HBA001,GONDOLA,W5,NORMAL,1.00,2.80,120.00,220.00,2.64
2026/08/01,HBA001,GONDOLA,W6,NORMAL,1.00,2.80,120.00,220.00,2.64
2026/08/01,HBA001,GONDOLA,W7,NORMAL,1.00,2.80,100.00,220.00,2.20
2026/08/01,HBA001,GONDOLA,W9,NORMAL,1.00,2.80,100.00,220.00,2.20
2026/08/01,CHB110,WALL_SHELF,W1,NORMAL,1.00,1.28,100.00,220.00,2.20
2026/08/01,CHB110,WALL_SHELF,W2,NORMAL,1.00,1.28,135.00,220.00,2.97
2026/08/01,CHB110,WALL_SHELF,W3,NORMAL,1.00,1.28,100.00,220.00,2.20
2026/08/01,CHB110,WALL_SHELF,W4,NORMAL,1.00,1.28,120.00,220.00,2.64
2026/08/01,CHB110,WALL_SHELF,W5,NORMAL,1.00,1.28,120.00,220.00,2.64
2026/08/01,CHB110,WALL_SHELF,W6,NORMAL,1.00,1.28,120.00,220.00,2.64
2026/08/01,CHB110,WALL_SHELF,W7,NORMAL,1.00,1.28,90.00,220.00,1.98
2026/08/01,CHB110,WALL_SHELF,W8,NORMAL,1.00,1.28,120.00,220.00,2.64
2026/08/01,CHB110,WALL_SHELF,W9,NORMAL,1.00,1.28,120.00,220.00,2.64
2026/08/01,CHB110,WALL_SHELF,W10,NORMAL,1.00,1.28,120.00,220.00,2.64
2026/08/01,CHB110,WALL_SHELF,W11,NORMAL,1.00,1.28,120.00,220.00,2.64
2026/08/01,CHB110,WALL_SHELF,W12,NORMAL,1.00,1.28,120.00,220.00,2.64
2026/08/01,CHB110,WALL_SHELF,W13,NORMAL,1.00,1.28,120.00,220.00,2.64
2026/08/01,CHB110,WALL_SHELF,W14,NORMAL,1.00,1.28,120.00,220.00,2.64
2026/08/01,CHB110,WALL_SHELF,W15,NORMAL,1.00,1.28,120.00,220.00,2.64
2026/08/01,CHB110,WALL_SHELF,W16,NORMAL,1.00,1.28,120.00,220.00,2.64
2026/08/01,CHB110,WALL_SHELF,W17,NORMAL,1.00,1.28,120.00,220.00,2.64
2026/08/01,CHB110,WALL_SHELF,W18,NORMAL,1.00,1.28,120.00,220.00,2.64
2026/08/01,CHB110,WALL_SHELF,W19,NORMAL,1.00,1.28,120.00,220.00,2.64
2026/08/01,CHB110,WALL_SHELF,W20,NORMAL,1.00,1.28,120.00,220.00,2.64
2026/08/01,CHB110,WALL_SHELF,W21,NORMAL,1.00,1.28,120.00,220.00,2.64
2026/08/01,CHB110,WALL_SHELF,W22,NORMAL,1.00,1.28,120.00,220.00,2.64
2026/08/01,CHB110,WALL_SHELF,W23,NORMAL,1.00,1.28,120.00,220.00,2.64
2026/08/01,CHB110,WALL_SHELF,W24,NORMAL,1.00,1.28,120.00,220.00,2.64
2026/08/01,CHB110,WALL_SHELF,W25,NORMAL,1.00,1.28,120.00,220.00,2.64
2026/08/01,CHB110,WALL_SHELF,W26,NORMAL,1.00,1.28,170.00,220.00,3.74
2026/08/01,CHB110,WALL_SHELF,W27,NORMAL,1.00,1.28,120.00,220.00,2.64
2026/08/01,CHB110,WALL_SHELF,W28,NORMAL,1.00,1.28,120.00,220.00,2.64
2026/08/01,CHB110,WALL_SHELF,W29,NORMAL,1.00,1.28,90.00,220.00,1.98
2026/08/01,CHB110,WALL_SHELF,W30,NORMAL,1.00,1.28,90.00,220.00,1.98
2026/08/01,CHB110,GONDOLA,GP1,HOT&NEW,1.00,1.25,80.00,120.00,0.96
2026/08/01,CHB110,GONDOLA,GP2,HOT&NEW,1.00,1.25,80.00,120.00,0.96
2026/08/01,CHB110,GONDOLA,G3,NORMAL,1.00,1.25,80.00,120.00,0.96
2026/08/01,CHB110,GONDOLA,G4,NORMAL,1.00,1.25,120.00,120.00,1.44
2026/08/01,CHB110,GONDOLA,G5,NORMAL,1.00,1.25,120.00,120.00,1.44
2026/08/01,CHB110,GONDOLA,G6,NORMAL,1.00,1.25,80.00,120.00,0.96
2026/08/01,CHB110,GONDOLA,G7,NORMAL,1.00,1.25,80.00,120.00,0.96
2026/08/01,CHB110,GONDOLA,G8,NORMAL,1.00,1.25,120.00,120.00,1.44
2026/08/01,CHB110,GONDOLA,G9,NORMAL,1.00,1.25,120.00,120.00,1.44
2026/08/01,CHB110,GONDOLA,G10,NORMAL,1.00,1.25,120.00,120.00,1.44
2026/08/01,CHB110,GONDOLA,G11,NORMAL,1.00,1.25,120.00,120.00,1.44
2026/08/01,CHB110,GONDOLA,G12,NORMAL,1.00,1.25,80.00,120.00,0.96
2026/08/01,CHB110,GONDOLA,G13,NORMAL,1.00,1.25,80.00,120.00,0.96
2026/08/01,CHB110,GONDOLA,G14,NORMAL,1.00,1.25,120.00,120.00,1.44
2026/08/01,CHB110,GONDOLA,G15,NORMAL,1.00,1.25,120.00,120.00,1.44
2026/08/01,CHB110,GONDOLA,G16,NORMAL,1.00,1.25,80.00,120.00,0.96
2026/08/01,CHB110,GONDOLA,G17,NORMAL,1.00,1.25,80.00,120.00,0.96
2026/08/01,CHB110,GONDOLA,G18,NORMAL,1.00,1.25,120.00,120.00,1.44
2026/08/01,CHB110,GONDOLA,G19,NORMAL,1.00,1.25,120.00,120.00,1.44
2026/08/01,CHB110,GONDOLA,G20,NORMAL,1.00,1.25,120.00,120.00,1.44
2026/08/01,CHB110,GONDOLA,G21,NORMAL,1.00,1.25,120.00,120.00,1.44
2026/08/01,CHB110,GONDOLA,G22,NORMAL,1.00,1.25,80.00,120.00,0.96
2026/08/01,CHB110,GONDOLA,G23,NORMAL,1.00,1.25,80.00,120.00,0.96
2026/08/01,CHB110,GONDOLA,G24,NORMAL,1.00,1.25,120.00,120.00,1.44
2026/08/01,CHB110,GONDOLA,G25,NORMAL,1.00,1.25,120.00,120.00,1.44
2026/08/01,CHB110,GONDOLA,G26,NORMAL,1.00,1.25,120.00,120.00,1.44
2026/08/01,CHB110,GONDOLA,G27,NORMAL,1.00,1.25,120.00,120.00,1.44
2026/08/01,CHB110,GONDOLA,G28,NORMAL,1.00,1.25,80.00,120.00,0.96
2026/08/01,CHB110,GONDOLA,G29,NORMAL,1.00,1.25,80.00,120.00,0.96
2026/08/01,CHB110,GONDOLA,G30,NORMAL,1.00,1.25,120.00,120.00,1.44
2026/08/01,CHB110,GONDOLA,G31,NORMAL,1.00,1.25,120.00,120.00,1.44
2026/08/01,CHB110,GONDOLA,G32,NORMAL,1.00,1.25,80.00,120.00,0.96
2026/08/01,CHB110,GONDOLA,G33,NORMAL,1.00,1.25,80.00,120.00,0.96
2026/08/01,CHB110,GONDOLA,G34,NORMAL,1.00,1.25,120.00,120.00,1.44
2026/08/01,CHB110,GONDOLA,G35,NORMAL,1.00,1.25,120.00,120.00,1.44
2026/08/01,CHB110,GONDOLA,G36,NORMAL,1.00,1.25,120.00,120.00,1.44
2026/08/01,CHB110,GONDOLA,G37,NORMAL,1.00,1.25,120.00,120.00,1.44
2026/08/01,CHB110,GONDOLA,G38,NORMAL,1.00,1.25,80.00,120.00,0.96
2026/08/01,CHB110,GONDOLA,G39,NORMAL,1.00,1.25,80.00,120.00,0.96
2026/08/01,CHB110,GONDOLA,G40,NORMAL,1.00,1.25,120.00,120.00,1.44
2026/08/01,CHB110,GONDOLA,G41,NORMAL,1.00,1.25,120.00,120.00,1.44
2026/08/01,CHB110,GONDOLA,G42,NORMAL,1.00,1.25,120.00,120.00,1.44
2026/08/01,CHB110,GONDOLA,G43,NORMAL,1.00,1.25,120.00,120.00,1.44
2026/08/01,CHB110,GONDOLA,G44,NORMAL,1.00,1.25,80.00,120.00,0.96
2026/08/01,CHB110,TREE_PLAYDOH,T1,NORMAL,1.00,1.00,50.00,157.00,0.79
2026/08/01,CHB110,TREE_HW,T2,NORMAL,1.00,1.14,120.00,100.00,1.20
2026/08/01,CHB110,TREE_SIKU,T3,NORMAL,1.00,1.11,120.00,100.00,1.20
2026/08/01,CHB110,ISLAND_DISPLAY,IP1,PROMOTION,1.00,1.00,280.00,100.00,2.80
2026/08/01,CHB110,CASHIER_COUNTER,CC1,NORMAL,1.00,1.82,100.00,90.00,0.90
